mol_id,row_type,family,tier,variant,method,display_label,source,rotatable_bonds,heavy_atoms,conformer_count,clash_cutoff,clash_input_confs,clash_pass_confs,clash_fail_confs,clash_pass_rate,pb_input_confs,pb_pass_confs,pb_fail_confs,pb_pass_rate,pb_check_fail_counts_json,pb_check_fail_rates_json,post_pb_confs,mean_torsion_std_deg,pairwise_mean,pairwise_p90,greedy_clusters_0p5,clusters_per_100_0p5,cluster_entropy_0p5,largest_cluster_fraction_0p5,effective_clusters_0p5,simpson_concentration_0p5,singleton_fraction_0p5,greedy_clusters_1p0,clusters_per_100_1p0,cluster_entropy_1p0,largest_cluster_fraction_1p0,effective_clusters_1p0,simpson_concentration_1p0,singleton_fraction_1p0,greedy_clusters_2p0,clusters_per_100_2p0,cluster_entropy_2p0,largest_cluster_fraction_2p0,effective_clusters_2p0,simpson_concentration_2p0,singleton_fraction_2p0,greedy_clusters_3p0,clusters_per_100_3p0,cluster_entropy_3p0,largest_cluster_fraction_3p0,effective_clusters_3p0,simpson_concentration_3p0,singleton_fraction_3p0,energy_count,energy_min,energy_max,energy_median,energy_std,casf_best_rmsd,casf_median_rmsd,casf_hit_0p25,casf_hit_0p5,casf_hit_0p75,casf_hit_2p0,casf_opt_best_rmsd,casf_opt_median_rmsd,casf_opt_hit_0p25,casf_opt_hit_0p5,casf_opt_hit_0p75,casf_opt_hit_2p0,generated_candidates,finite_rejected,clash_rejected,bond_rejected,stereo_rejected,rmsd_rejected,pre_clash_passed,minimization_input_confs,minimization_failed,minimization_invalid,post_min_clash_rejected,kept_confs,num_target_confs,target_confs,ligand_set
1bcu_1bcu_conf0,generation,flowr_raw,fixed,,flowr_raw_fixed,FlowR,flowr_raw_fixed,2,16,952,0.7,952,952,0,1.0,1000,952,48,0.952,"{""all_atoms_connected"":0,""bond_angles"":45,""bond_lengths"":43,""bonds"":0,""double_bond_stereochemistry"":0,""energy_ratio"":37,""file_loads"":0,""inchi_convertible"":0,""internal_steric_clash"":43,""molecular_formula"":0,""no_radicals"":0,""planar_aromatic_rings"":47,""planar_double_bonds"":0,""reference_file_loads"":0,""sanitisation"":0,""tetrahedral_chirality"":0}","{""all_atoms_connected"":0.0,""bond_angles"":0.045,""bond_lengths"":0.043,""bonds"":0.0,""double_bond_stereochemistry"":0.0,""energy_ratio"":0.037,""file_loads"":0.0,""inchi_convertible"":0.0,""internal_steric_clash"":0.043,""molecular_formula"":0.0,""no_radicals"":0.0,""planar_aromatic_rings"":0.047,""planar_double_bonds"":0.0,""reference_file_loads"":0.0,""sanitisation"":0.0,""tetrahedral_chirality"":0.0}",952,127.7389599241661,0.04117277332756123,0.05763865797367664,3.0,0.31512605042016806,0.015025666713777724,0.9978991596638656,1.0166443817259856,0.995804939622908,0.6666666666666666,1.0,0.10504201680672269,0.0,1.0,1.0,1.0,0.0,1.0,0.10504201680672269,0.0,1.0,1.0,1.0,0.0,1.0,0.10504201680672269,0.0,1.0,1.0,1.0,0.0,952,34.77925799907933,210.16039369301808,35.291784525678516,8.798520479934082,0.045839578920564235,0.06668369864637555,1.0,1.0,1.0,1.0,0.043158597649434374,0.05065536566731524,1.0,1.0,1.0,1.0,1000,0,0,0,0,0,1000,0,0,0,0,952,1000,1000,core
1bcu_1bcu_conf0,generation,flowr_raw,dynamic,,flowr_raw_dynamic,FlowR,flowr_raw_dynamic,2,16,22,0.7,22,22,0,1.0,24,22,2,0.9166666666666666,"{""all_atoms_connected"":0,""bond_angles"":1,""bond_lengths"":1,""bonds"":0,""double_bond_stereochemistry"":0,""energy_ratio"":1,""file_loads"":0,""inchi_convertible"":0,""internal_steric_clash"":1,""molecular_formula"":0,""no_radicals"":0,""planar_aromatic_rings"":2,""planar_double_bonds"":0,""reference_file_loads"":0,""sanitisation"":0,""tetrahedral_chirality"":0}","{""all_atoms_connected"":0.0,""bond_angles"":0.041666666666666664,""bond_lengths"":0.041666666666666664,""bonds"":0.0,""double_bond_stereochemistry"":0.0,""energy_ratio"":0.041666666666666664,""file_loads"":0.0,""inchi_convertible"":0.0,""internal_steric_clash"":0.041666666666666664,""molecular_formula"":0.0,""no_radicals"":0.0,""planar_aromatic_rings"":0.08333333333333333,""planar_double_bonds"":0.0,""reference_file_loads"":0.0,""sanitisation"":0.0,""tetrahedral_chirality"":0.0}",22,114.76063158832174,0.06018650168247571,0.06580766418048864,1.0,4.545454545454546,0.0,1.0,1.0,1.0,0.0,1.0,4.545454545454546,0.0,1.0,1.0,1.0,0.0,1.0,4.545454545454546,0.0,1.0,1.0,1.0,0.0,1.0,4.545454545454546,0.0,1.0,1.0,1.0,0.0,22,35.275068199700144,75.74465062595851,35.29138830081925,8.442502313005631,0.045839578920564235,0.06151995732470346,1.0,1.0,1.0,1.0,0.04973932681103625,0.05051284644526586,1.0,1.0,1.0,1.0,1000,0,0,0,0,0,24,0,0,0,0,22,24,24,core
1bcu_1bcu_conf0,generation,flowr_raw,chembl_count,,flowr_raw_chembl_count,FlowR,flowr_raw_chembl_count,2,16,1,0.7,1,1,0,1.0,1,1,0,1.0,"{""all_atoms_connected"":0,""bond_angles"":0,""bond_lengths"":0,""bonds"":0,""double_bond_stereochemistry"":0,""energy_ratio"":0,""file_loads"":0,""inchi_convertible"":0,""internal_steric_clash"":0,""molecular_formula"":0,""no_radicals"":0,""planar_aromatic_rings"":0,""planar_double_bonds"":0,""reference_file_loads"":0,""sanitisation"":0,""tetrahedral_chirality"":0}","{""all_atoms_connected"":0.0,""bond_angles"":0.0,""bond_lengths"":0.0,""bonds"":0.0,""double_bond_stereochemistry"":0.0,""energy_ratio"":0.0,""file_loads"":0.0,""inchi_convertible"":0.0,""internal_steric_clash"":0.0,""molecular_formula"":0.0,""no_radicals"":0.0,""planar_aromatic_rings"":0.0,""planar_double_bonds"":0.0,""reference_file_loads"":0.0,""sanitisation"":0.0,""tetrahedral_chirality"":0.0}",1,0.0,,,1.0,100.0,0.0,1.0,1.0,1.0,1.0,1.0,100.0,0.0,1.0,1.0,1.0,1.0,1.0,100.0,0.0,1.0,1.0,1.0,1.0,1.0,100.0,0.0,1.0,1.0,1.0,1.0,1,35.29176814759087,35.29176814759087,35.29176814759087,0.0,0.05901527008662267,0.05901527008662267,1.0,1.0,1.0,1.0,0.050081884134030856,0.050081884134030856,1.0,1.0,1.0,1.0,1000,0,0,0,0,0,1,0,0,0,0,1,1,1,core
1c5z_1c5z_conf0,generation,flowr_raw,fixed,,flowr_raw_fixed,FlowR,flowr_raw_fixed,1,9,979,0.7,979,979,0,1.0,1000,979,21,0.979,"{""all_atoms_connected"":0,""bond_angles"":21,""bond_lengths"":21,""bonds"":0,""double_bond_stereochemistry"":0,""energy_ratio"":0,""file_loads"":0,""inchi_convertible"":0,""internal_steric_clash"":21,""molecular_formula"":0,""no_radicals"":0,""planar_aromatic_rings"":0,""planar_double_bonds"":0,""reference_file_loads"":0,""sanitisation"":0,""tetrahedral_chirality"":0}","{""all_atoms_connected"":0.0,""bond_angles"":0.021,""bond_lengths"":0.021,""bonds"":0.0,""double_bond_stereochemistry"":0.0,""energy_ratio"":0.0,""file_loads"":0.0,""inchi_convertible"":0.0,""internal_steric_clash"":0.021,""molecular_formula"":0.0,""no_radicals"":0.0,""planar_aromatic_rings"":0.0,""planar_double_bonds"":0.0,""reference_file_loads"":0.0,""sanitisation"":0.0,""tetrahedral_chirality"":0.0}",979,117.27249128068263,0.2765807820179821,0.5540412171775871,2.0,0.20429009193054137,0.9998306525461897,0.5076608784473953,1.9997652483578743,0.5001173781171715,0.0,1.0,0.10214504596527069,0.0,1.0,1.0,1.0,0.0,1.0,0.10214504596527069,0.0,1.0,1.0,1.0,0.0,1.0,0.10214504596527069,0.0,1.0,1.0,1.0,0.0,979,-4.877257391084376,-4.877228081335307,-4.877248371751229,4.101071115553218e-06,0.3476624647837684,0.347717451039499,0.0,1.0,1.0,1.0,0.399758628515785,0.39981209902717085,0.0,1.0,1.0,1.0,1000,0,0,0,0,0,1000,0,0,0,0,979,1000,1000,core
1c5z_1c5z_conf0,generation,flowr_raw,dynamic,,flowr_raw_dynamic,FlowR,flowr_raw_dynamic,1,9,2,0.7,2,2,0,1.0,2,2,0,1.0,"{""all_atoms_connected"":0,""bond_angles"":0,""bond_lengths"":0,""bonds"":0,""double_bond_stereochemistry"":0,""energy_ratio"":0,""file_loads"":0,""inchi_convertible"":0,""internal_steric_clash"":0,""molecular_formula"":0,""no_radicals"":0,""planar_aromatic_rings"":0,""planar_double_bonds"":0,""reference_file_loads"":0,""sanitisation"":0,""tetrahedral_chirality"":0}","{""all_atoms_connected"":0.0,""bond_angles"":0.0,""bond_lengths"":0.0,""bonds"":0.0,""double_bond_stereochemistry"":0.0,""energy_ratio"":0.0,""file_loads"":0.0,""inchi_convertible"":0.0,""internal_steric_clash"":0.0,""molecular_formula"":0.0,""no_radicals"":0.0,""planar_aromatic_rings"":0.0,""planar_double_bonds"":0.0,""reference_file_loads"":0.0,""sanitisation"":0.0,""tetrahedral_chirality"":0.0}",2,0.0009055085930071982,5.941175004162133e-05,5.941175004162133e-05,1.0,50.0,0.0,1.0,1.0,1.0,0.0,1.0,50.0,0.0,1.0,1.0,1.0,0.0,1.0,50.0,0.0,1.0,1.0,1.0,0.0,1.0,50.0,0.0,1.0,1.0,1.0,0.0,2,-4.877253392588699,-4.877251760145125,-4.877252576366912,8.162217870477662e-07,0.4810712761290309,0.48107753752032295,0.0,1.0,1.0,1.0,0.44426940875943105,0.44427239774267924,0.0,1.0,1.0,1.0,1000,0,0,0,0,0,2,0,0,0,0,2,2,2,core
1c5z_1c5z_conf0,generation,flowr_raw,chembl_count,,flowr_raw_chembl_count,FlowR,flowr_raw_chembl_count,1,9,1,0.7,1,1,0,1.0,1,1,0,1.0,"{""all_atoms_connected"":0,""bond_angles"":0,""bond_lengths"":0,""bonds"":0,""double_bond_stereochemistry"":0,""energy_ratio"":0,""file_loads"":0,""inchi_convertible"":0,""internal_steric_clash"":0,""molecular_formula"":0,""no_radicals"":0,""planar_aromatic_rings"":0,""planar_double_bonds"":0,""reference_file_loads"":0,""sanitisation"":0,""tetrahedral_chirality"":0}","{""all_atoms_connected"":0.0,""bond_angles"":0.0,""bond_lengths"":0.0,""bonds"":0.0,""double_bond_stereochemistry"":0.0,""energy_ratio"":0.0,""file_loads"":0.0,""inchi_convertible"":0.0,""internal_steric_clash"":0.0,""molecular_formula"":0.0,""no_radicals"":0.0,""planar_aromatic_rings"":0.0,""planar_double_bonds"":0.0,""reference_file_loads"":0.0,""sanitisation"":0.0,""tetrahedral_chirality"":0.0}",1,0.0,,,1.0,100.0,0.0,1.0,1.0,1.0,1.0,1.0,100.0,0.0,1.0,1.0,1.0,1.0,1.0,100.0,0.0,1.0,1.0,1.0,1.0,1.0,100.0,0.0,1.0,1.0,1.0,1.0,1,-4.877253738245603,-4.877253738245603,-4.877253738245603,0.0,0.48107837524863956,0.48107837524863956,0.0,1.0,1.0,1.0,0.44427723659542184,0.44427723659542184,0.0,1.0,1.0,1.0,1000,0,0,0,0,0,1,0,0,0,0,1,1,1,core
1lpg_1lpg_conf0,generation,flowr_raw,fixed,,flowr_raw_fixed,FlowR,flowr_raw_fixed,10,41,525,0.7,525,525,0,1.0,1000,525,475,0.525,"{""all_atoms_connected"":0,""bond_angles"":215,""bond_lengths"":207,""bonds"":0,""double_bond_stereochemistry"":0,""energy_ratio"":2,""file_loads"":0,""inchi_convertible"":0,""internal_steric_clash"":268,""molecular_formula"":0,""no_radicals"":0,""planar_aromatic_rings"":414,""planar_double_bonds"":0,""reference_file_loads"":0,""sanitisation"":0,""tetrahedral_chirality"":0}","{""all_atoms_connected"":0.0,""bond_angles"":0.215,""bond_lengths"":0.207,""bonds"":0.0,""double_bond_stereochemistry"":0.0,""energy_ratio"":0.002,""file_loads"":0.0,""inchi_convertible"":0.0,""internal_steric_clash"":0.268,""molecular_formula"":0.0,""no_radicals"":0.0,""planar_aromatic_rings"":0.414,""planar_double_bonds"":0.0,""reference_file_loads"":0.0,""sanitisation"":0.0,""tetrahedral_chirality"":0.0}",525,104.30470323475092,3.2935585185821687,4.253955840222938,525.0,100.0,1.0000000000000002,0.0019047619047619048,525.0000000000003,0.0019047619047619052,1.0,516.0,98.28571428571429,0.9989635865470088,0.0038095238095238095,512.6704373456704,0.0019700680272108843,0.9825581395348837,94.0,17.904761904761905,0.9387774169783724,0.0380952380952381,71.17506456334506,0.01681632653061225,0.1702127659574468,9.0,1.7142857142857142,0.8774484275863261,0.22666666666666666,6.875409809548407,0.1595174603174603,0.0,525,73.79792135013554,537.9256747840523,125.72869898116221,66.49341699038044,1.4517959606933517,3.340731198431932,0.0,0.0,0.0,1.0,1.46149843819269,3.3742268974979432,0.0,0.0,0.0,1.0,1000,0,0,0,0,0,1000,0,0,0,0,525,1000,1000,core
1lpg_1lpg_conf0,generation,flowr_raw,dynamic,,flowr_raw_dynamic,FlowR,flowr_raw_dynamic,10,41,112,0.7,112,112,0,1.0,200,112,88,0.56,"{""all_atoms_connected"":0,""bond_angles"":34,""bond_lengths"":36,""bonds"":0,""double_bond_stereochemistry"":0,""energy_ratio"":0,""file_loads"":0,""inchi_convertible"":0,""internal_steric_clash"":47,""molecular_formula"":0,""no_radicals"":0,""planar_aromatic_rings"":79,""planar_double_bonds"":0,""reference_file_loads"":0,""sanitisation"":0,""tetrahedral_chirality"":0}","{""all_atoms_connected"":0.0,""bond_angles"":0.17,""bond_lengths"":0.18,""bonds"":0.0,""double_bond_stereochemistry"":0.0,""energy_ratio"":0.0,""file_loads"":0.0,""inchi_convertible"":0.0,""internal_steric_clash"":0.235,""molecular_formula"":0.0,""no_radicals"":0.0,""planar_aromatic_rings"":0.395,""planar_double_bonds"":0.0,""reference_file_loads"":0.0,""sanitisation"":0.0,""tetrahedral_chirality"":0.0}",112,104.30880954476275,3.2266949437314736,4.1340143356791845,112.0,100.0,1.0000000000000002,0.008928571428571428,112.00000000000006,0.008928571428571428,1.0,111.0,99.10714285714286,0.9992761574730804,0.017857142857142856,110.62224986822285,0.009088010204081627,0.990990990990991,48.0,42.857142857142854,0.9445946269327153,0.07142857142857142,38.73391894433061,0.031568877551020405,0.3958333333333333,6.0,5.357142857142857,0.9466386287619076,0.25892857142857145,5.452906269609999,0.19738520408163268,0.0,112,74.82436174356977,356.1538384886674,125.3844707666236,49.405146466230704,1.4517959606933517,3.450297556625384,0.0,0.0,0.0,1.0,1.46149843819269,3.5001378333293625,0.0,0.0,0.0,1.0,1000,0,0,0,0,0,200,0,0,0,0,112,200,200,core
1lpg_1lpg_conf0,generation,flowr_raw,chembl_count,,flowr_raw_chembl_count,FlowR,flowr_raw_chembl_count,10,41,109,0.7,109,109,0,1.0,193,109,84,0.5647668393782384,"{""all_atoms_connected"":0,""bond_angles"":47,""bond_lengths"":45,""bonds"":0,""double_bond_stereochemistry"":0,""energy_ratio"":0,""file_loads"":0,""inchi_convertible"":0,""internal_steric_clash"":53,""molecular_formula"":0,""no_radicals"":0,""planar_aromatic_rings"":73,""planar_double_bonds"":0,""reference_file_loads"":0,""sanitisation"":0,""tetrahedral_chirality"":0}","{""all_atoms_connected"":0.0,""bond_angles"":0.24352331606217617,""bond_lengths"":0.23316062176165803,""bonds"":0.0,""double_bond_stereochemistry"":0.0,""energy_ratio"":0.0,""file_loads"":0.0,""inchi_convertible"":0.0,""internal_steric_clash"":0.27461139896373055,""molecular_formula"":0.0,""no_radicals"":0.0,""planar_aromatic_rings"":0.37823834196891193,""planar_double_bonds"":0.0,""reference_file_loads"":0.0,""sanitisation"":0.0,""tetrahedral_chirality"":0.0}",109,104.09354526638266,3.2075002748810384,4.108217181155883,109.0,100.0,1.0,0.009174311926605505,108.99999999999997,0.009174311926605505,1.0,109.0,100.0,1.0,0.009174311926605505,108.99999999999997,0.009174311926605505,1.0,48.0,44.03669724770642,0.9423727953968402,0.08256880733944955,38.40219111269892,0.03223634374210925,0.4375,8.0,7.339449541284404,0.833525824950838,0.3577981651376147,5.659119000431108,0.21858429425132564,0.125,109,73.79792135013554,463.2476846546818,124.60601247717818,63.08074246931568,1.644213926087925,3.4486906368640233,0.0,0.0,0.0,1.0,1.6176804165698293,3.511336946435408,0.0,0.0,0.0,1.0,1000,0,0,0,0,0,193,0,0,0,0,109,193,193,core
1mq6_1mq6_conf0,generation,flowr_raw,fixed,,flowr_raw_fixed,FlowR,flowr_raw_fixed,7,36,678,0.7,678,678,0,1.0,1000,678,322,0.678,"{""all_atoms_connected"":0,""bond_angles"":100,""bond_lengths"":99,""bonds"":0,""double_bond_stereochemistry"":0,""energy_ratio"":3,""file_loads"":0,""inchi_convertible"":0,""internal_steric_clash"":268,""molecular_formula"":0,""no_radicals"":0,""planar_aromatic_rings"":130,""planar_double_bonds"":0,""reference_file_loads"":0,""sanitisation"":0,""tetrahedral_chirality"":0}","{""all_atoms_connected"":0.0,""bond_angles"":0.1,""bond_lengths"":0.099,""bonds"":0.0,""double_bond_stereochemistry"":0.0,""energy_ratio"":0.003,""file_loads"":0.0,""inchi_convertible"":0.0,""internal_steric_clash"":0.268,""molecular_formula"":0.0,""no_radicals"":0.0,""planar_aromatic_rings"":0.13,""planar_double_bonds"":0.0,""reference_file_loads"":0.0,""sanitisation"":0.0,""tetrahedral_chirality"":0.0}",678,102.49689117861908,2.9502338236503918,3.7479494658008847,677.0,99.85250737463127,0.9999127499843695,0.0029498525073746312,676.6151219389478,0.0014792770685949478,0.9985228951255539,648.0,95.57522123893806,0.9971579495229701,0.004424778761061947,636.1863809458409,0.0016185031456391785,0.9583333333333334,67.0,9.882005899705014,0.9323631603023435,0.04424778761061947,50.41559232276669,0.02322464997694068,0.1044776119402985,6.0,0.8849557522123894,0.9198477870547007,0.26253687315634217,5.197334940175361,0.21014000922372755,0.0,678,-52.76310423148067,459.2689745742584,-18.08212686096681,43.9643871135776,1.340371186334418,2.7460565202270066,0.0,0.0,0.0,1.0,1.3357612900367428,2.7066526233915926,0.0,0.0,0.0,1.0,1000,0,0,0,0,0,1000,0,0,0,0,678,1000,1000,core
1mq6_1mq6_conf0,generation,flowr_raw,dynamic,,flowr_raw_dynamic,FlowR,flowr_raw_dynamic,7,36,86,0.7,86,86,0,1.0,134,86,48,0.6417910447761194,"{""all_atoms_connected"":0,""bond_angles"":18,""bond_lengths"":18,""bonds"":0,""double_bond_stereochemistry"":0,""energy_ratio"":0,""file_loads"":0,""inchi_convertible"":0,""internal_steric_clash"":41,""molecular_formula"":0,""no_radicals"":0,""planar_aromatic_rings"":18,""planar_double_bonds"":0,""reference_file_loads"":0,""sanitisation"":0,""tetrahedral_chirality"":0}","{""all_atoms_connected"":0.0,""bond_angles"":0.13432835820895522,""bond_lengths"":0.13432835820895522,""bonds"":0.0,""double_bond_stereochemistry"":0.0,""energy_ratio"":0.0,""file_loads"":0.0,""inchi_convertible"":0.0,""internal_steric_clash"":0.30597014925373134,""molecular_formula"":0.0,""no_radicals"":0.0,""planar_aromatic_rings"":0.13432835820895522,""planar_double_bonds"":0.0,""reference_file_loads"":0.0,""sanitisation"":0.0,""tetrahedral_chirality"":0.0}",86,100.36402575112068,2.978285532781554,3.7350734930062615,86.0,100.0,0.9999999999999998,0.011627906976744186,85.99999999999989,0.011627906976744186,1.0,86.0,100.0,0.9999999999999998,0.011627906976744186,85.99999999999989,0.011627906976744186,1.0,37.0,43.02325581395349,0.9498074720674496,0.06976744186046512,30.866665477301755,0.03785830178474851,0.3783783783783784,4.0,4.651162790697675,0.9155731753398925,0.3953488372093023,3.558196908451401,0.30638182801514324,0.0,86,-50.84302530800125,459.2689745742584,-19.734275894949988,63.88882593334192,1.5789822479270015,2.829092527805077,0.0,0.0,0.0,1.0,1.5469304625784022,2.789556403169116,0.0,0.0,0.0,1.0,1000,0,0,0,0,0,134,0,0,0,0,86,134,134,core
1mq6_1mq6_conf0,generation,flowr_raw,chembl_count,,flowr_raw_chembl_count,FlowR,flowr_raw_chembl_count,7,36,11,0.7,11,11,0,1.0,12,11,1,0.9166666666666666,"{""all_atoms_connected"":0,""bond_angles"":0,""bond_lengths"":0,""bonds"":0,""double_bond_stereochemistry"":0,""energy_ratio"":0,""file_loads"":0,""inchi_convertible"":0,""internal_steric_clash"":1,""molecular_formula"":0,""no_radicals"":0,""planar_aromatic_rings"":0,""planar_double_bonds"":0,""reference_file_loads"":0,""sanitisation"":0,""tetrahedral_chirality"":0}","{""all_atoms_connected"":0.0,""bond_angles"":0.0,""bond_lengths"":0.0,""bonds"":0.0,""double_bond_stereochemistry"":0.0,""energy_ratio"":0.0,""file_loads"":0.0,""inchi_convertible"":0.0,""internal_steric_clash"":0.08333333333333333,""molecular_formula"":0.0,""no_radicals"":0.0,""planar_aromatic_rings"":0.0,""planar_double_bonds"":0.0,""reference_file_loads"":0.0,""sanitisation"":0.0,""tetrahedral_chirality"":0.0}",11,86.63112065917984,2.824882671237073,3.4334783699096154,11.0,100.0,1.0,0.09090909090909091,11.000000000000002,0.09090909090909091,1.0,11.0,100.0,1.0,0.09090909090909091,11.000000000000002,0.09090909090909091,1.0,7.0,63.63636363636363,0.9084496903145964,0.36363636363636365,5.857725991919796,0.2066115702479339,0.7142857142857143,3.0,27.272727272727273,0.782775952814142,0.6363636363636364,2.3630833747998654,0.4876033057851239,0.3333333333333333,11,-43.42142371386275,125.01675959024325,-24.744367708951472,46.61497120240259,1.7416217412460597,2.7756901423337625,0.0,0.0,0.0,1.0,1.6872923705714082,2.7255468985829414,0.0,0.0,0.0,1.0,1000,0,0,0,0,0,12,0,0,0,0,11,12,12,core
1nc3_1nc3_conf0,generation,flowr_raw,fixed,,flowr_raw_fixed,FlowR,flowr_raw_fixed,6,19,0,0.7,0,0,0,,943,0,943,0.0,"{""all_atoms_connected"":0,""bond_angles"":34,""bond_lengths"":33,""bonds"":0,""double_bond_stereochemistry"":0,""energy_ratio"":2,""file_loads"":0,""inchi_convertible"":0,""internal_steric_clash"":31,""molecular_formula"":0,""no_radicals"":0,""planar_aromatic_rings"":15,""planar_double_bonds"":0,""reference_file_loads"":0,""sanitisation"":0,""tetrahedral_chirality"":943}","{""all_atoms_connected"":0.0,""bond_angles"":0.036055143160127257,""bond_lengths"":0.03499469777306469,""bonds"":0.0,""double_bond_stereochemistry"":0.0,""energy_ratio"":0.0021208907741251328,""file_loads"":0.0,""inchi_convertible"":0.0,""internal_steric_clash"":0.032873806998939555,""molecular_formula"":0.0,""no_radicals"":0.0,""planar_aromatic_rings"":0.015906680805938492,""planar_double_bonds"":0.0,""reference_file_loads"":0.0,""sanitisation"":0.0,""tetrahedral_chirality"":1.0}",0,,,,,,,,,,,,,,,,,,,,,,,,,,,,,,,,0,,,,,,,,,,,,,,,,,943,0,0,0,0,0,943,0,0,0,0,0,1000,1000,core
1nc3_1nc3_conf0,generation,flowr_raw,dynamic,,flowr_raw_dynamic,FlowR,flowr_raw_dynamic,6,19,0,0.7,0,0,0,,112,0,112,0.0,"{""all_atoms_connected"":0,""bond_angles"":6,""bond_lengths"":6,""bonds"":0,""double_bond_stereochemistry"":0,""energy_ratio"":0,""file_loads"":0,""inchi_convertible"":0,""internal_steric_clash"":6,""molecular_formula"":0,""no_radicals"":0,""planar_aromatic_rings"":3,""planar_double_bonds"":0,""reference_file_loads"":0,""sanitisation"":0,""tetrahedral_chirality"":112}","{""all_atoms_connected"":0.0,""bond_angles"":0.05357142857142857,""bond_lengths"":0.05357142857142857,""bonds"":0.0,""double_bond_stereochemistry"":0.0,""energy_ratio"":0.0,""file_loads"":0.0,""inchi_convertible"":0.0,""internal_steric_clash"":0.05357142857142857,""molecular_formula"":0.0,""no_radicals"":0.0,""planar_aromatic_rings"":0.026785714285714284,""planar_double_bonds"":0.0,""reference_file_loads"":0.0,""sanitisation"":0.0,""tetrahedral_chirality"":1.0}",0,,,,,,,,,,,,,,,,,,,,,,,,,,,,,,,,0,,,,,,,,,,,,,,,,,943,0,0,0,0,0,112,0,0,0,0,0,112,112,core
1nc3_1nc3_conf0,generation,flowr_raw,chembl_count,,flowr_raw_chembl_count,FlowR,flowr_raw_chembl_count,6,19,0,0.7,0,0,0,,943,0,943,0.0,"{""all_atoms_connected"":0,""bond_angles"":34,""bond_lengths"":33,""bonds"":0,""double_bond_stereochemistry"":0,""energy_ratio"":2,""file_loads"":0,""inchi_convertible"":0,""internal_steric_clash"":31,""molecular_formula"":0,""no_radicals"":0,""planar_aromatic_rings"":15,""planar_double_bonds"":0,""reference_file_loads"":0,""sanitisation"":0,""tetrahedral_chirality"":943}","{""all_atoms_connected"":0.0,""bond_angles"":0.036055143160127257,""bond_lengths"":0.03499469777306469,""bonds"":0.0,""double_bond_stereochemistry"":0.0,""energy_ratio"":0.0021208907741251328,""file_loads"":0.0,""inchi_convertible"":0.0,""internal_steric_clash"":0.032873806998939555,""molecular_formula"":0.0,""no_radicals"":0.0,""planar_aromatic_rings"":0.015906680805938492,""planar_double_bonds"":0.0,""reference_file_loads"":0.0,""sanitisation"":0.0,""tetrahedral_chirality"":1.0}",0,,,,,,,,,,,,,,,,,,,,,,,,,,,,,,,,0,,,,,,,,,,,,,,,,,943,0,0,0,0,0,943,0,0,0,0,0,1567,1567,core
1o3f_1o3f_conf0,generation,flowr_raw,fixed,,flowr_raw_fixed,FlowR,flowr_raw_fixed,4,25,900,0.7,900,900,0,1.0,1000,900,100,0.9,"{""all_atoms_connected"":0,""bond_angles"":76,""bond_lengths"":77,""bonds"":0,""double_bond_stereochemistry"":0,""energy_ratio"":2,""file_loads"":0,""inchi_convertible"":0,""internal_steric_clash"":79,""molecular_formula"":0,""no_radicals"":0,""planar_aromatic_rings"":58,""planar_double_bonds"":0,""reference_file_loads"":0,""sanitisation"":0,""tetrahedral_chirality"":0}","{""all_atoms_connected"":0.0,""bond_angles"":0.076,""bond_lengths"":0.077,""bonds"":0.0,""double_bond_stereochemistry"":0.0,""energy_ratio"":0.002,""file_loads"":0.0,""inchi_convertible"":0.0,""internal_steric_clash"":0.079,""molecular_formula"":0.0,""no_radicals"":0.0,""planar_aromatic_rings"":0.058,""planar_double_bonds"":0.0,""reference_file_loads"":0.0,""sanitisation"":0.0,""tetrahedral_chirality"":0.0}",900,115.16626367860431,1.2792289188035273,1.9514147131032857,162.0,18.0,0.8025551136228314,0.09444444444444444,59.32770840040099,0.031345679012345674,0.5061728395061729,32.0,3.5555555555555554,0.6344437010745138,0.2611111111111111,9.014319000744019,0.17172839506172843,0.125,5.0,0.5555555555555556,0.39506383718392096,0.8222222222222222,1.8885903748665325,0.6897901234567901,0.2,2.0,0.2222222222222222,0.2863969571159562,0.95,1.2195906179141718,0.9049999999999999,0.0,900,32.159585288558205,294.49783091285263,40.90033702601539,25.400052839173004,0.3091166628796495,1.1970300880854097,0.0,1.0,1.0,1.0,0.2734655863981127,1.1744269151640279,0.0,1.0,1.0,1.0,1000,0,0,0,0,0,1000,0,0,0,0,900,1000,1000,core
1o3f_1o3f_conf0,generation,flowr_raw,dynamic,,flowr_raw_dynamic,FlowR,flowr_raw_dynamic,4,25,62,0.7,62,62,0,1.0,68,62,6,0.9117647058823528,"{""all_atoms_connected"":0,""bond_angles"":5,""bond_lengths"":5,""bonds"":0,""double_bond_stereochemistry"":0,""energy_ratio"":0,""file_loads"":0,""inchi_convertible"":0,""internal_steric_clash"":5,""molecular_formula"":0,""no_radicals"":0,""planar_aromatic_rings"":3,""planar_double_bonds"":0,""reference_file_loads"":0,""sanitisation"":0,""tetrahedral_chirality"":0}","{""all_atoms_connected"":0.0,""bond_angles"":0.07352941176470588,""bond_lengths"":0.07352941176470588,""bonds"":0.0,""double_bond_stereochemistry"":0.0,""energy_ratio"":0.0,""file_loads"":0.0,""inchi_convertible"":0.0,""internal_steric_clash"":0.07352941176470588,""molecular_formula"":0.0,""no_radicals"":0.0,""planar_aromatic_rings"":0.04411764705882353,""planar_double_bonds"":0.0,""reference_file_loads"":0.0,""sanitisation"":0.0,""tetrahedral_chirality"":0.0}",62,116.97298733267186,1.3045262709710488,1.9639233660058901,37.0,59.67741935483871,0.9513903539980849,0.08064516129032258,31.043593890534495,0.03850156087408948,0.6486486486486487,12.0,19.35483870967742,0.8671550227908883,0.1935483870967742,8.626158584468277,0.13787721123829344,0.25,3.0,4.838709677419355,0.5039096012930517,0.8387096774193549,1.7395062008911282,0.7164412070759626,0.0,1.0,1.6129032258064515,0.0,1.0,1.0,1.0,0.0,62,32.27006214050414,206.0839538645322,41.61324676426315,30.8113864734552,0.3426949041932964,1.2689906626029022,0.0,1.0,1.0,1.0,0.3107597061048211,1.271921364063225,0.0,1.0,1.0,1.0,1000,0,0,0,0,0,68,0,0,0,0,62,68,68,core
1o3f_1o3f_conf0,generation,flowr_raw,chembl_count,,flowr_raw_chembl_count,FlowR,flowr_raw_chembl_count,4,25,28,0.7,28,28,0,1.0,31,28,3,0.9032258064516128,"{""all_atoms_connected"":0,""bond_angles"":1,""bond_lengths"":1,""bonds"":0,""double_bond_stereochemistry"":0,""energy_ratio"":0,""file_loads"":0,""inchi_convertible"":0,""internal_steric_clash"":1,""molecular_formula"":0,""no_radicals"":0,""planar_aromatic_rings"":3,""planar_double_bonds"":0,""reference_file_loads"":0,""sanitisation"":0,""tetrahedral_chirality"":0}","{""all_atoms_connected"":0.0,""bond_angles"":0.03225806451612903,""bond_lengths"":0.03225806451612903,""bonds"":0.0,""double_bond_stereochemistry"":0.0,""energy_ratio"":0.0,""file_loads"":0.0,""inchi_convertible"":0.0,""internal_steric_clash"":0.03225806451612903,""molecular_formula"":0.0,""no_radicals"":0.0,""planar_aromatic_rings"":0.0967741935483871,""planar_double_bonds"":0.0,""reference_file_loads"":0.0,""sanitisation"":0.0,""tetrahedral_chirality"":0.0}",28,113.8518784591273,1.1900370795117161,1.6733947091366905,16.0,57.142857142857146,0.9418439494540103,0.17857142857142858,13.617366305270565,0.08673469387755102,0.5625,7.0,25.0,0.8432890611892103,0.39285714285714285,5.160145324478007,0.2397959183673469,0.2857142857142857,2.0,7.142857142857143,0.3712323266408757,0.9285714285714286,1.2934572090113128,0.8673469387755102,0.0,1.0,3.5714285714285716,0.0,1.0,1.0,1.0,0.0,28,32.50101369614594,79.98654612213582,43.41973826966775,11.218354006961263,0.47906583518474877,1.3481201841510653,0.0,1.0,1.0,1.0,0.4446061946308759,1.322578127420961,0.0,1.0,1.0,1.0,1000,0,0,0,0,0,31,0,0,0,0,28,31,31,core
1o5b_1o5b_conf0,generation,flowr_raw,fixed,,flowr_raw_fixed,FlowR,flowr_raw_fixed,1,13,966,0.7,966,966,0,1.0,1000,966,34,0.966,"{""all_atoms_connected"":0,""bond_angles"":34,""bond_lengths"":34,""bonds"":0,""double_bond_stereochemistry"":0,""energy_ratio"":1,""file_loads"":0,""inchi_convertible"":0,""internal_steric_clash"":34,""molecular_formula"":0,""no_radicals"":0,""planar_aromatic_rings"":21,""planar_double_bonds"":0,""reference_file_loads"":0,""sanitisation"":0,""tetrahedral_chirality"":0}","{""all_atoms_connected"":0.0,""bond_angles"":0.034,""bond_lengths"":0.034,""bonds"":0.0,""double_bond_stereochemistry"":0.0,""energy_ratio"":0.001,""file_loads"":0.0,""inchi_convertible"":0.0,""internal_steric_clash"":0.034,""molecular_formula"":0.0,""no_radicals"":0.0,""planar_aromatic_rings"":0.021,""planar_double_bonds"":0.0,""reference_file_loads"":0.0,""sanitisation"":0.0,""tetrahedral_chirality"":0.0}",966,126.05046611905203,0.19442672123006266,0.3775757173035141,2.0,0.2070393374741201,0.021443229637343613,0.9979296066252588,1.0149743225213457,0.9958677863079699,0.0,1.0,0.10351966873706005,0.0,1.0,1.0,1.0,0.0,1.0,0.10351966873706005,0.0,1.0,1.0,1.0,0.0,1.0,0.10351966873706005,0.0,1.0,1.0,1.0,0.0,966,-8.948521600735328,58.08539748506939,-8.940046942694309,2.2338676785733855,0.08925109263033779,0.17205492430062314,1.0,1.0,1.0,1.0,0.15111776727822657,0.20670022885003697,1.0,1.0,1.0,1.0,1000,0,0,0,0,0,1000,0,0,0,0,966,1000,1000,core
1o5b_1o5b_conf0,generation,flowr_raw,dynamic,,flowr_raw_dynamic,FlowR,flowr_raw_dynamic,1,13,2,0.7,2,2,0,1.0,2,2,0,1.0,"{""all_atoms_connected"":0,""bond_angles"":0,""bond_lengths"":0,""bonds"":0,""double_bond_stereochemistry"":0,""energy_ratio"":0,""file_loads"":0,""inchi_convertible"":0,""internal_steric_clash"":0,""molecular_formula"":0,""no_radicals"":0,""planar_aromatic_rings"":0,""planar_double_bonds"":0,""reference_file_loads"":0,""sanitisation"":0,""tetrahedral_chirality"":0}","{""all_atoms_connected"":0.0,""bond_angles"":0.0,""bond_lengths"":0.0,""bonds"":0.0,""double_bond_stereochemistry"":0.0,""energy_ratio"":0.0,""file_loads"":0.0,""inchi_convertible"":0.0,""internal_steric_clash"":0.0,""molecular_formula"":0.0,""no_radicals"":0.0,""planar_aromatic_rings"":0.0,""planar_double_bonds"":0.0,""reference_file_loads"":0.0,""sanitisation"":0.0,""tetrahedral_chirality"":0.0}",2,44.8939154802468,6.735242086152494e-05,6.735242086152494e-05,1.0,50.0,0.0,1.0,1.0,1.0,0.0,1.0,50.0,0.0,1.0,1.0,1.0,0.0,1.0,50.0,0.0,1.0,1.0,1.0,0.0,1.0,50.0,0.0,1.0,1.0,1.0,0.0,2,-8.940042905489353,-8.940042447722073,-8.940042676605714,2.2888364004103323e-07,0.24338955270250018,0.24339385887227027,1.0,1.0,1.0,1.0,0.2767771322546884,0.2767819256843251,0.0,1.0,1.0,1.0,1000,0,0,0,0,0,2,0,0,0,0,2,2,2,core
1o5b_1o5b_conf0,generation,flowr_raw,chembl_count,,flowr_raw_chembl_count,FlowR,flowr_raw_chembl_count,1,13,1,0.7,1,1,0,1.0,1,1,0,1.0,"{""all_atoms_connected"":0,""bond_angles"":0,""bond_lengths"":0,""bonds"":0,""double_bond_stereochemistry"":0,""energy_ratio"":0,""file_loads"":0,""inchi_convertible"":0,""internal_steric_clash"":0,""molecular_formula"":0,""no_radicals"":0,""planar_aromatic_rings"":0,""planar_double_bonds"":0,""reference_file_loads"":0,""sanitisation"":0,""tetrahedral_chirality"":0}","{""all_atoms_connected"":0.0,""bond_angles"":0.0,""bond_lengths"":0.0,""bonds"":0.0,""double_bond_stereochemistry"":0.0,""energy_ratio"":0.0,""file_loads"":0.0,""inchi_convertible"":0.0,""internal_steric_clash"":0.0,""molecular_formula"":0.0,""no_radicals"":0.0,""planar_aromatic_rings"":0.0,""planar_double_bonds"":0.0,""reference_file_loads"":0.0,""sanitisation"":0.0,""tetrahedral_chirality"":0.0}",1,0.0,,,1.0,100.0,0.0,1.0,1.0,1.0,1.0,1.0,100.0,0.0,1.0,1.0,1.0,1.0,1.0,100.0,0.0,1.0,1.0,1.0,1.0,1.0,100.0,0.0,1.0,1.0,1.0,1.0,1,-8.948264788393178,-8.948264788393178,-8.948264788393178,0.0,0.17146358682732987,0.17146358682732987,1.0,1.0,1.0,1.0,0.20557435449284947,0.20557435449284947,1.0,1.0,1.0,1.0,1000,0,0,0,0,0,1,0,0,0,0,1,1,1,core
1owh_1owh_conf0,generation,flowr_raw,fixed,,flowr_raw_fixed,FlowR,flowr_raw_fixed,5,24,896,0.7,896,896,0,1.0,1000,896,104,0.896,"{""all_atoms_connected"":0,""bond_angles"":88,""bond_lengths"":84,""bonds"":0,""double_bond_stereochemistry"":0,""energy_ratio"":8,""file_loads"":0,""inchi_convertible"":0,""internal_steric_clash"":85,""molecular_formula"":0,""no_radicals"":0,""planar_aromatic_rings"":53,""planar_double_bonds"":0,""reference_file_loads"":0,""sanitisation"":0,""tetrahedral_chirality"":0}","{""all_atoms_connected"":0.0,""bond_angles"":0.088,""bond_lengths"":0.084,""bonds"":0.0,""double_bond_stereochemistry"":0.0,""energy_ratio"":0.008,""file_loads"":0.0,""inchi_convertible"":0.0,""internal_steric_clash"":0.085,""molecular_formula"":0.0,""no_radicals"":0.0,""planar_aromatic_rings"":0.053,""planar_double_bonds"":0.0,""reference_file_loads"":0.0,""sanitisation"":0.0,""tetrahedral_chirality"":0.0}",896,111.73489236663526,1.602509507494494,2.3082693738013207,315.0,35.15625,0.8907236731537231,0.033482142857142856,167.9980934687174,0.010443239795918366,0.5968253968253968,49.0,5.46875,0.7518212604478248,0.14174107142857142,18.651997444972483,0.07648577008928571,0.2857142857142857,4.0,0.44642857142857145,0.6313658574141806,0.6741071428571429,2.399496510219504,0.510505520567602,0.0,1.0,0.11160714285714286,0.0,1.0,1.0,1.0,0.0,896,37.4533926083541,233.0118125619249,55.10074285153416,26.099031946312643,0.2344716213320012,1.4600777449161477,1.0,1.0,1.0,1.0,0.28763940646539804,1.4980834562568015,0.0,1.0,1.0,1.0,1000,0,0,0,0,0,1000,0,0,0,0,896,1000,1000,core
1owh_1owh_conf0,generation,flowr_raw,dynamic,,flowr_raw_dynamic,FlowR,flowr_raw_dynamic,5,24,79,0.7,79,79,0,1.0,90,79,11,0.8777777777777778,"{""all_atoms_connected"":0,""bond_angles"":9,""bond_lengths"":9,""bonds"":0,""double_bond_stereochemistry"":0,""energy_ratio"":1,""file_loads"":0,""inchi_convertible"":0,""internal_steric_clash"":9,""molecular_formula"":0,""no_radicals"":0,""planar_aromatic_rings"":5,""planar_double_bonds"":0,""reference_file_loads"":0,""sanitisation"":0,""tetrahedral_chirality"":0}","{""all_atoms_connected"":0.0,""bond_angles"":0.1,""bond_lengths"":0.1,""bonds"":0.0,""double_bond_stereochemistry"":0.0,""energy_ratio"":0.011111111111111112,""file_loads"":0.0,""inchi_convertible"":0.0,""internal_steric_clash"":0.1,""molecular_formula"":0.0,""no_radicals"":0.0,""planar_aromatic_rings"":0.05555555555555555,""planar_double_bonds"":0.0,""reference_file_loads"":0.0,""sanitisation"":0.0,""tetrahedral_chirality"":0.0}",79,114.1599484832001,1.5347494819321577,2.1017644549013355,54.0,68.35443037974683,0.9540245583470773,0.0759493670886076,44.951707339478766,0.028040378144528116,0.7777777777777778,21.0,26.582278481012658,0.8460242464162175,0.17721518987341772,13.141035315311772,0.10110559205255569,0.5238095238095238,3.0,3.7974683544303796,0.7343800608237119,0.5822784810126582,2.240723846384003,0.48469796506970036,0.0,1.0,1.2658227848101267,0.0,1.0,1.0,1.0,0.0,79,37.67391712008815,171.94720346802177,57.22997995366414,23.256035950243714,0.3314742712106584,1.5776069746118073,0.0,1.0,1.0,1.0,0.29934625434862644,1.7293267493518147,0.0,1.0,1.0,1.0,1000,0,0,0,0,0,90,0,0,0,0,79,90,90,core
1owh_1owh_conf0,generation,flowr_raw,chembl_count,,flowr_raw_chembl_count,FlowR,flowr_raw_chembl_count,5,24,9,0.7,9,9,0,1.0,12,9,3,0.75,"{""all_atoms_connected"":0,""bond_angles"":3,""bond_lengths"":3,""bonds"":0,""double_bond_stereochemistry"":0,""energy_ratio"":0,""file_loads"":0,""inchi_convertible"":0,""internal_steric_clash"":3,""molecular_formula"":0,""no_radicals"":0,""planar_aromatic_rings"":2,""planar_double_bonds"":0,""reference_file_loads"":0,""sanitisation"":0,""tetrahedral_chirality"":0}","{""all_atoms_connected"":0.0,""bond_angles"":0.25,""bond_lengths"":0.25,""bonds"":0.0,""double_bond_stereochemistry"":0.0,""energy_ratio"":0.0,""file_loads"":0.0,""inchi_convertible"":0.0,""internal_steric_clash"":0.25,""molecular_formula"":0.0,""no_radicals"":0.0,""planar_aromatic_rings"":0.16666666666666666,""planar_double_bonds"":0.0,""reference_file_loads"":0.0,""sanitisation"":0.0,""tetrahedral_chirality"":0.0}",9,104.27854399425243,1.585565192681318,2.088156418469355,9.0,100.0,1.0,0.1111111111111111,9.000000000000002,0.1111111111111111,1.0,7.0,77.77777777777777,0.9708357627258162,0.2222222222222222,6.6138052152401965,0.16049382716049382,0.7142857142857143,2.0,22.22222222222222,0.9182958340544894,0.6666666666666666,1.8898815748423097,0.5555555555555556,0.0,1.0,11.11111111111111,0.0,1.0,1.0,1.0,0.0,9,40.68321525755409,88.84707660594066,71.23143836911002,14.182370001544738,0.7364739774319948,1.7852320738928844,0.0,0.0,1.0,1.0,0.9529765479415735,1.7270834130581443,0.0,0.0,0.0,1.0,1000,0,0,0,0,0,12,0,0,0,0,9,12,12,core
1p1n_1p1n_conf0,generation,flowr_raw,fixed,,flowr_raw_fixed,FlowR,flowr_raw_fixed,4,15,988,0.7,988,988,0,1.0,999,988,11,0.988988988988989,"{""all_atoms_connected"":0,""bond_angles"":9,""bond_lengths"":10,""bonds"":0,""double_bond_stereochemistry"":0,""energy_ratio"":0,""file_loads"":0,""inchi_convertible"":0,""internal_steric_clash"":0,""molecular_formula"":0,""no_radicals"":0,""planar_aromatic_rings"":0,""planar_double_bonds"":1,""reference_file_loads"":0,""sanitisation"":0,""tetrahedral_chirality"":1}","{""all_atoms_connected"":0.0,""bond_angles"":0.009009009009009009,""bond_lengths"":0.01001001001001001,""bonds"":0.0,""double_bond_stereochemistry"":0.0,""energy_ratio"":0.0,""file_loads"":0.0,""inchi_convertible"":0.0,""internal_steric_clash"":0.0,""molecular_formula"":0.0,""no_radicals"":0.0,""planar_aromatic_rings"":0.0,""planar_double_bonds"":0.001001001001001001,""reference_file_loads"":0.0,""sanitisation"":0.0,""tetrahedral_chirality"":0.001001001001001001}",988,94.85797265423032,1.0622151910728077,1.7000445991338873,26.0,2.6315789473684212,0.5743408708991712,0.30870445344129555,6.496463832657106,0.21885295612122804,0.38461538461538464,5.0,0.5060728744939271,0.812318619128292,0.38360323886639675,3.696462874707216,0.2984252323427691,0.0,1.0,0.10121457489878542,0.0,1.0,1.0,1.0,0.0,1.0,0.10121457489878542,0.0,1.0,1.0,1.0,0.0,988,-6.807264242135915,75.02466745043644,-5.063735605248402,14.055703091893669,0.7429820101768004,1.260450318266987,0.0,0.0,1.0,1.0,0.7798828864590728,1.175565185248567,0.0,0.0,0.0,1.0,999,0,0,0,0,0,999,0,0,0,0,988,1000,1000,core
1p1n_1p1n_conf0,generation,flowr_raw,dynamic,,flowr_raw_dynamic,FlowR,flowr_raw_dynamic,4,15,68,0.7,68,68,0,1.0,68,68,0,1.0,"{""all_atoms_connected"":0,""bond_angles"":0,""bond_lengths"":0,""bonds"":0,""double_bond_stereochemistry"":0,""energy_ratio"":0,""file_loads"":0,""inchi_convertible"":0,""internal_steric_clash"":0,""molecular_formula"":0,""no_radicals"":0,""planar_aromatic_rings"":0,""planar_double_bonds"":0,""reference_file_loads"":0,""sanitisation"":0,""tetrahedral_chirality"":0}","{""all_atoms_connected"":0.0,""bond_angles"":0.0,""bond_lengths"":0.0,""bonds"":0.0,""double_bond_stereochemistry"":0.0,""energy_ratio"":0.0,""file_loads"":0.0,""inchi_convertible"":0.0,""internal_steric_clash"":0.0,""molecular_formula"":0.0,""no_radicals"":0.0,""planar_aromatic_rings"":0.0,""planar_double_bonds"":0.0,""reference_file_loads"":0.0,""sanitisation"":0.0,""tetrahedral_chirality"":0.0}",68,94.3226953327126,1.0122651759777892,1.6915295184807515,12.0,17.647058823529413,0.7510681854419156,0.39705882352941174,6.464555974643482,0.22275086505190306,0.4166666666666667,4.0,5.882352941176471,0.557523140810386,0.6911764705882353,2.1660195757910414,0.5488754325259515,0.25,1.0,1.4705882352941178,0.0,1.0,1.0,1.0,0.0,1.0,1.4705882352941178,0.0,1.0,1.0,1.0,0.0,68,-6.807261696747599,30.45022313048532,-5.175576779867912,14.18867569161728,0.7429820101768004,1.2489341476187152,0.0,0.0,1.0,1.0,0.8123897608577483,1.1724110022068932,0.0,0.0,0.0,1.0,999,0,0,0,0,0,68,0,0,0,0,68,68,68,core
1p1n_1p1n_conf0,generation,flowr_raw,chembl_count,,flowr_raw_chembl_count,FlowR,flowr_raw_chembl_count,4,15,22,0.7,22,22,0,1.0,23,22,1,0.9565217391304348,"{""all_atoms_connected"":0,""bond_angles"":1,""bond_lengths"":1,""bonds"":0,""double_bond_stereochemistry"":0,""energy_ratio"":0,""file_loads"":0,""inchi_convertible"":0,""internal_steric_clash"":0,""molecular_formula"":0,""no_radicals"":0,""planar_aromatic_rings"":0,""planar_double_bonds"":0,""reference_file_loads"":0,""sanitisation"":0,""tetrahedral_chirality"":0}","{""all_atoms_connected"":0.0,""bond_angles"":0.043478260869565216,""bond_lengths"":0.043478260869565216,""bonds"":0.0,""double_bond_stereochemistry"":0.0,""energy_ratio"":0.0,""file_loads"":0.0,""inchi_convertible"":0.0,""internal_steric_clash"":0.0,""molecular_formula"":0.0,""no_radicals"":0.0,""planar_aromatic_rings"":0.0,""planar_double_bonds"":0.0,""reference_file_loads"":0.0,""sanitisation"":0.0,""tetrahedral_chirality"":0.0}",22,92.49150247530373,0.951669857136818,1.6900511415957853,5.0,22.727272727272727,0.8451400747416598,0.4090909090909091,3.8969744796049857,0.29752066115702475,0.2,2.0,9.090909090909092,0.6840384356390417,0.8181818181818182,1.6066307960863546,0.7024793388429753,0.0,1.0,4.545454545454546,0.0,1.0,1.0,1.0,0.0,1.0,4.545454545454546,0.0,1.0,1.0,1.0,0.0,22,-6.8072559714920615,24.438557680157594,-5.159651923738073,12.103453874792796,0.9775570545796498,1.2601882340030488,0.0,0.0,0.0,1.0,0.9022129577044321,1.175334086029073,0.0,0.0,0.0,1.0,999,0,0,0,0,0,23,0,0,0,0,22,23,23,core
1pxn_1pxn_conf0,generation,flowr_raw,fixed,,flowr_raw_fixed,FlowR,flowr_raw_fixed,5,22,944,0.7,944,944,0,1.0,1000,944,56,0.944,"{""all_atoms_connected"":0,""bond_angles"":54,""bond_lengths"":54,""bonds"":0,""double_bond_stereochemistry"":0,""energy_ratio"":7,""file_loads"":0,""inchi_convertible"":0,""internal_steric_clash"":55,""molecular_formula"":0,""no_radicals"":0,""planar_aromatic_rings"":29,""planar_double_bonds"":0,""reference_file_loads"":0,""sanitisation"":0,""tetrahedral_chirality"":0}","{""all_atoms_connected"":0.0,""bond_angles"":0.054,""bond_lengths"":0.054,""bonds"":0.0,""double_bond_stereochemistry"":0.0,""energy_ratio"":0.007,""file_loads"":0.0,""inchi_convertible"":0.0,""internal_steric_clash"":0.055,""molecular_formula"":0.0,""no_radicals"":0.0,""planar_aromatic_rings"":0.029,""planar_double_bonds"":0.0,""reference_file_loads"":0.0,""sanitisation"":0.0,""tetrahedral_chirality"":0.0}",944,115.16147312310906,1.4862330434378384,2.112305375667111,164.0,17.372881355932204,0.8304123467019278,0.0826271186440678,69.06112957075945,0.02563245116345878,0.40853658536585363,26.0,2.7542372881355934,0.752317040977145,0.2129237288135593,11.601350882295284,0.11789221847170353,0.07692307692307693,3.0,0.3177966101694915,0.83612877597529,0.5444915254237288,2.5057331044678786,0.4369860492674519,0.0,1.0,0.1059322033898305,0.0,1.0,1.0,1.0,0.0,944,-94.05633372491113,71.33267820829737,-88.2211084509301,12.520152832885346,0.36489190663098486,1.678031660565211,0.0,1.0,1.0,1.0,0.28542517179273835,1.6422883730102371,0.0,1.0,1.0,1.0,1000,0,0,0,0,0,1000,0,0,0,0,944,1000,1000,core
1pxn_1pxn_conf0,generation,flowr_raw,dynamic,,flowr_raw_dynamic,FlowR,flowr_raw_dynamic,5,22,81,0.7,81,81,0,1.0,90,81,9,0.9,"{""all_atoms_connected"":0,""bond_angles"":9,""bond_lengths"":9,""bonds"":0,""double_bond_stereochemistry"":0,""energy_ratio"":0,""file_loads"":0,""inchi_convertible"":0,""internal_steric_clash"":9,""molecular_formula"":0,""no_radicals"":0,""planar_aromatic_rings"":3,""planar_double_bonds"":0,""reference_file_loads"":0,""sanitisation"":0,""tetrahedral_chirality"":0}","{""all_atoms_connected"":0.0,""bond_angles"":0.1,""bond_lengths"":0.1,""bonds"":0.0,""double_bond_stereochemistry"":0.0,""energy_ratio"":0.0,""file_loads"":0.0,""inchi_convertible"":0.0,""internal_steric_clash"":0.1,""molecular_formula"":0.0,""no_radicals"":0.0,""planar_aromatic_rings"":0.03333333333333333,""planar_double_bonds"":0.0,""reference_file_loads"":0.0,""sanitisation"":0.0,""tetrahedral_chirality"":0.0}",81,113.91532562410885,1.5154740102229092,2.124971520828035,32.0,39.50617283950617,0.9135458033761003,0.12345679012345678,23.71501731866827,0.054717268709038244,0.46875,10.0,12.345679012345679,0.8468362186015083,0.18518518518518517,7.02807226813193,0.15683584819387283,0.4,2.0,2.4691358024691357,0.9972496329704709,0.5308641975308642,1.9961908137833604,0.5019051973784484,0.0,1.0,1.2345679012345678,0.0,1.0,1.0,1.0,0.0,81,-92.78101745851566,-27.74654372864289,-89.09195368484956,10.103115338109198,0.649444083998221,1.7214218248089803,0.0,0.0,1.0,1.0,0.631291877862805,1.6888652370189674,0.0,0.0,1.0,1.0,1000,0,0,0,0,0,90,0,0,0,0,81,90,90,core
1pxn_1pxn_conf0,generation,flowr_raw,chembl_count,,flowr_raw_chembl_count,FlowR,flowr_raw_chembl_count,5,22,191,0.7,191,191,0,1.0,200,191,9,0.955,"{""all_atoms_connected"":0,""bond_angles"":9,""bond_lengths"":9,""bonds"":0,""double_bond_stereochemistry"":0,""energy_ratio"":1,""file_loads"":0,""inchi_convertible"":0,""internal_steric_clash"":9,""molecular_formula"":0,""no_radicals"":0,""planar_aromatic_rings"":2,""planar_double_bonds"":0,""reference_file_loads"":0,""sanitisation"":0,""tetrahedral_chirality"":0}","{""all_atoms_connected"":0.0,""bond_angles"":0.045,""bond_lengths"":0.045,""bonds"":0.0,""double_bond_stereochemistry"":0.0,""energy_ratio"":0.005,""file_loads"":0.0,""inchi_convertible"":0.0,""internal_steric_clash"":0.045,""molecular_formula"":0.0,""no_radicals"":0.0,""planar_aromatic_rings"":0.01,""planar_double_bonds"":0.0,""reference_file_loads"":0.0,""sanitisation"":0.0,""tetrahedral_chirality"":0.0}",191,114.57773284716555,1.5022041036914329,2.089097061302453,62.0,32.460732984293195,0.8744489411696554,0.09424083769633508,36.927934348792405,0.041638112990323745,0.5,13.0,6.806282722513089,0.8340070746692181,0.225130890052356,8.492521139884992,0.14295112524327735,0.07692307692307693,2.0,1.0471204188481675,0.9479405406201803,0.6335078534031413,1.929116860711789,0.5356486938406293,0.0,1.0,0.5235602094240838,0.0,1.0,1.0,1.0,0.0,191,-92.71857759063684,-4.04116399993957,-88.12190849565185,8.586882659332462,0.4231933260786948,1.6964568804639542,0.0,1.0,1.0,1.0,0.3618081153135797,1.6716901069153602,0.0,1.0,1.0,1.0,1000,0,0,0,0,0,200,0,0,0,0,191,200,200,core
1sqa_1sqa_conf0,generation,flowr_raw,fixed,,flowr_raw_fixed,FlowR,flowr_raw_fixed,7,31,792,0.7,792,792,0,1.0,1000,792,208,0.792,"{""all_atoms_connected"":0,""bond_angles"":132,""bond_lengths"":111,""bonds"":0,""double_bond_stereochemistry"":0,""energy_ratio"":5,""file_loads"":0,""inchi_convertible"":0,""internal_steric_clash"":132,""molecular_formula"":0,""no_radicals"":0,""planar_aromatic_rings"":154,""planar_double_bonds"":0,""reference_file_loads"":0,""sanitisation"":0,""tetrahedral_chirality"":0}","{""all_atoms_connected"":0.0,""bond_angles"":0.132,""bond_lengths"":0.111,""bonds"":0.0,""double_bond_stereochemistry"":0.0,""energy_ratio"":0.005,""file_loads"":0.0,""inchi_convertible"":0.0,""internal_steric_clash"":0.132,""molecular_formula"":0.0,""no_radicals"":0.0,""planar_aromatic_rings"":0.154,""planar_double_bonds"":0.0,""reference_file_loads"":0.0,""sanitisation"":0.0,""tetrahedral_chirality"":0.0}",792,105.94716705358627,2.1792850845465166,3.0464427522199182,719.0,90.78282828282828,0.9937256338960606,0.006313131313131313,689.9295199552437,0.0015495867768595046,0.9165507649513213,204.0,25.757575757575758,0.9091618762157453,0.02904040404040404,125.84260400812049,0.01105754514845424,0.45588235294117646,11.0,1.3888888888888888,0.7756980234631687,0.27904040404040403,6.42401057993143,0.19005076012651767,0.09090909090909091,2.0,0.25252525252525254,0.8740748372212884,0.7058080808080808,1.8328323617808744,0.584713932251811,0.0,792,-20.374547285474776,257.00277956022177,12.371170393440543,45.31579399122458,0.5220852122908647,1.9248715339741351,0.0,0.0,1.0,1.0,0.4500170802500999,1.9311258703672096,0.0,1.0,1.0,1.0,1000,0,0,0,0,0,1000,0,0,0,0,792,1000,1000,core
1sqa_1sqa_conf0,generation,flowr_raw,dynamic,,flowr_raw_dynamic,FlowR,flowr_raw_dynamic,7,31,103,0.7,103,103,0,1.0,134,103,31,0.7686567164179104,"{""all_atoms_connected"":0,""bond_angles"":24,""bond_lengths"":20,""bonds"":0,""double_bond_stereochemistry"":0,""energy_ratio"":0,""file_loads"":0,""inchi_convertible"":0,""internal_steric_clash"":21,""molecular_formula"":0,""no_radicals"":0,""planar_aromatic_rings"":19,""planar_double_bonds"":0,""reference_file_loads"":0,""sanitisation"":0,""tetrahedral_chirality"":0}","{""all_atoms_connected"":0.0,""bond_angles"":0.1791044776119403,""bond_lengths"":0.14925373134328357,""bonds"":0.0,""double_bond_stereochemistry"":0.0,""energy_ratio"":0.0,""file_loads"":0.0,""inchi_convertible"":0.0,""internal_steric_clash"":0.15671641791044777,""molecular_formula"":0.0,""no_radicals"":0.0,""planar_aromatic_rings"":0.1417910447761194,""planar_double_bonds"":0.0,""reference_file_loads"":0.0,""sanitisation"":0.0,""tetrahedral_chirality"":0.0}",103,106.30703266931855,2.093134807176921,2.9621741598405347,100.0,97.0873786407767,0.9976507484012079,0.019417475728155338,98.92396082746272,0.010274295409557918,0.97,52.0,50.48543689320388,0.9538376146654438,0.05825242718446602,43.32998473665093,0.027429540955792253,0.5,6.0,5.825242718446602,0.904505463712165,0.3106796116504854,5.056407392136161,0.21971910641907813,0.0,3.0,2.912621359223301,0.7787355761612048,0.6213592233009708,2.3526173482529025,0.4827033650673956,0.0,103,-18.8758224636888,143.15821822791352,9.84786481829034,37.69747514648751,0.6418479143339433,1.8308694437520479,0.0,0.0,1.0,1.0,0.5698226642822057,1.8949175451303388,0.0,0.0,1.0,1.0,1000,0,0,0,0,0,134,0,0,0,0,103,134,134,core
1sqa_1sqa_conf0,generation,flowr_raw,chembl_count,,flowr_raw_chembl_count,FlowR,flowr_raw_chembl_count,7,31,160,0.7,160,160,0,1.0,200,160,40,0.8,"{""all_atoms_connected"":0,""bond_angles"":24,""bond_lengths"":19,""bonds"":0,""double_bond_stereochemistry"":0,""energy_ratio"":2,""file_loads"":0,""inchi_convertible"":0,""internal_steric_clash"":23,""molecular_formula"":0,""no_radicals"":0,""planar_aromatic_rings"":32,""planar_double_bonds"":0,""reference_file_loads"":0,""sanitisation"":0,""tetrahedral_chirality"":0}","{""all_atoms_connected"":0.0,""bond_angles"":0.12,""bond_lengths"":0.095,""bonds"":0.0,""double_bond_stereochemistry"":0.0,""energy_ratio"":0.01,""file_loads"":0.0,""inchi_convertible"":0.0,""internal_steric_clash"":0.115,""molecular_formula"":0.0,""no_radicals"":0.0,""planar_aromatic_rings"":0.16,""planar_double_bonds"":0.0,""reference_file_loads"":0.0,""sanitisation"":0.0,""tetrahedral_chirality"":0.0}",160,106.55580152645169,2.2216437640809974,3.0935179909073636,157.0,98.125,0.9986027163912788,0.0125,155.89470259227323,0.006484375000000002,0.9808917197452229,87.0,54.375,0.9568217921662965,0.04375,71.74213340979631,0.017031249999999998,0.5632183908045977,10.0,6.25,0.8452586331346387,0.25625,7.0025889339128184,0.176796875,0.0,3.0,1.875,0.8201822169217258,0.6125,2.4622172434031504,0.46343750000000006,0.0,160,-16.290857112946433,238.84890464203988,14.20505522718732,49.83156142149913,0.7020903833981669,1.9587413513279608,0.0,0.0,1.0,1.0,0.6487416666274394,2.01070271814235,0.0,0.0,1.0,1.0,1000,0,0,0,0,0,200,0,0,0,0,160,200,200,core
1uto_1uto_conf0,generation,flowr_raw,fixed,,flowr_raw_fixed,FlowR,flowr_raw_fixed,3,9,990,0.7,990,990,0,1.0,1000,990,10,0.99,"{""all_atoms_connected"":0,""bond_angles"":10,""bond_lengths"":10,""bonds"":0,""double_bond_stereochemistry"":0,""energy_ratio"":10,""file_loads"":0,""inchi_convertible"":0,""internal_steric_clash"":10,""molecular_formula"":0,""no_radicals"":0,""planar_aromatic_rings"":0,""planar_double_bonds"":0,""reference_file_loads"":0,""sanitisation"":0,""tetrahedral_chirality"":0}","{""all_atoms_connected"":0.0,""bond_angles"":0.01,""bond_lengths"":0.01,""bonds"":0.0,""double_bond_stereochemistry"":0.0,""energy_ratio"":0.01,""file_loads"":0.0,""inchi_convertible"":0.0,""internal_steric_clash"":0.01,""molecular_formula"":0.0,""no_radicals"":0.0,""planar_aromatic_rings"":0.0,""planar_double_bonds"":0.0,""reference_file_loads"":0.0,""sanitisation"":0.0,""tetrahedral_chirality"":0.0}",990,100.07574078080461,0.3582217092821113,0.6545792130254108,2.0,0.20202020202020202,0.7377982236679153,0.7919191919191919,1.6676288356098137,0.6704336292215081,0.0,1.0,0.10101010101010101,0.0,1.0,1.0,1.0,0.0,1.0,0.10101010101010101,0.0,1.0,1.0,1.0,0.0,1.0,0.10101010101010101,0.0,1.0,1.0,1.0,0.0,990,26.114144849473014,30.931033028690425,26.114155957021012,1.8428913297541285,0.1082715589745303,0.6766739897788248,1.0,1.0,1.0,1.0,0.14859873639512686,0.7318131166807103,1.0,1.0,1.0,1.0,1000,0,0,0,0,0,1000,0,0,0,0,990,1000,1000,core
1uto_1uto_conf0,generation,flowr_raw,dynamic,,flowr_raw_dynamic,FlowR,flowr_raw_dynamic,3,9,46,0.7,46,46,0,1.0,46,46,0,1.0,"{""all_atoms_connected"":0,""bond_angles"":0,""bond_lengths"":0,""bonds"":0,""double_bond_stereochemistry"":0,""energy_ratio"":0,""file_loads"":0,""inchi_convertible"":0,""internal_steric_clash"":0,""molecular_formula"":0,""no_radicals"":0,""planar_aromatic_rings"":0,""planar_double_bonds"":0,""reference_file_loads"":0,""sanitisation"":0,""tetrahedral_chirality"":0}","{""all_atoms_connected"":0.0,""bond_angles"":0.0,""bond_lengths"":0.0,""bonds"":0.0,""double_bond_stereochemistry"":0.0,""energy_ratio"":0.0,""file_loads"":0.0,""inchi_convertible"":0.0,""internal_steric_clash"":0.0,""molecular_formula"":0.0,""no_radicals"":0.0,""planar_aromatic_rings"":0.0,""planar_double_bonds"":0.0,""reference_file_loads"":0.0,""sanitisation"":0.0,""tetrahedral_chirality"":0.0}",46,84.59709437523976,0.2780396086899523,0.6545653214620285,2.0,4.3478260869565215,0.4959690720618337,0.8913043478260869,1.4102677273863637,0.8062381852551984,0.0,1.0,2.1739130434782608,0.0,1.0,1.0,1.0,0.0,1.0,2.1739130434782608,0.0,1.0,1.0,1.0,0.0,1.0,2.1739130434782608,0.0,1.0,1.0,1.0,0.0,46,26.114147288297442,30.6474196920282,26.114155453265255,1.4096808824216598,0.18761487770384694,0.6766774640576847,1.0,1.0,1.0,1.0,0.2321528630150192,0.7448959298642185,1.0,1.0,1.0,1.0,1000,0,0,0,0,0,46,0,0,0,0,46,46,46,core
1uto_1uto_conf0,generation,flowr_raw,chembl_count,,flowr_raw_chembl_count,FlowR,flowr_raw_chembl_count,3,9,7,0.7,7,7,0,1.0,7,7,0,1.0,"{""all_atoms_connected"":0,""bond_angles"":0,""bond_lengths"":0,""bonds"":0,""double_bond_stereochemistry"":0,""energy_ratio"":0,""file_loads"":0,""inchi_convertible"":0,""internal_steric_clash"":0,""molecular_formula"":0,""no_radicals"":0,""planar_aromatic_rings"":0,""planar_double_bonds"":0,""reference_file_loads"":0,""sanitisation"":0,""tetrahedral_chirality"":0}","{""all_atoms_connected"":0.0,""bond_angles"":0.0,""bond_lengths"":0.0,""bonds"":0.0,""double_bond_stereochemistry"":0.0,""energy_ratio"":0.0,""file_loads"":0.0,""inchi_convertible"":0.0,""internal_steric_clash"":0.0,""molecular_formula"":0.0,""no_radicals"":0.0,""planar_aromatic_rings"":0.0,""planar_double_bonds"":0.0,""reference_file_loads"":0.0,""sanitisation"":0.0,""tetrahedral_chirality"":0.0}",7,109.44123455219147,0.38192283051208936,0.6545863960250643,2.0,28.571428571428573,0.8631205685666311,0.7142857142857143,1.8189685116531733,0.5918367346938775,0.0,1.0,14.285714285714286,0.0,1.0,1.0,1.0,0.0,1.0,14.285714285714286,0.0,1.0,1.0,1.0,0.0,1.0,14.285714285714286,0.0,1.0,1.0,1.0,0.0,7,26.114153110528033,30.647421441595842,26.114153727945705,2.0479214589470645,0.18760846399251566,0.6766656772124329,1.0,1.0,1.0,1.0,0.23214498313333948,0.7449031474099158,1.0,1.0,1.0,1.0,1000,0,0,0,0,0,7,0,0,0,0,7,7,7,core
1yc1_1yc1_conf0,generation,flowr_raw,fixed,,flowr_raw_fixed,FlowR,flowr_raw_fixed,6,27,920,0.7,920,920,0,1.0,1000,920,80,0.92,"{""all_atoms_connected"":0,""bond_angles"":67,""bond_lengths"":70,""bonds"":0,""double_bond_stereochemistry"":0,""energy_ratio"":7,""file_loads"":0,""inchi_convertible"":0,""internal_steric_clash"":70,""molecular_formula"":0,""no_radicals"":0,""planar_aromatic_rings"":29,""planar_double_bonds"":0,""reference_file_loads"":0,""sanitisation"":0,""tetrahedral_chirality"":0}","{""all_atoms_connected"":0.0,""bond_angles"":0.067,""bond_lengths"":0.07,""bonds"":0.0,""double_bond_stereochemistry"":0.0,""energy_ratio"":0.007,""file_loads"":0.0,""inchi_convertible"":0.0,""internal_steric_clash"":0.07,""molecular_formula"":0.0,""no_radicals"":0.0,""planar_aromatic_rings"":0.029,""planar_double_bonds"":0.0,""reference_file_loads"":0.0,""sanitisation"":0.0,""tetrahedral_chirality"":0.0}",920,104.74214729800782,1.6608012501810203,2.2973234879044053,221.0,24.02173913043478,0.8571225849113433,0.041304347826086954,102.19545125356073,0.01611767485822306,0.583710407239819,56.0,6.086956521739131,0.7011624570705228,0.11739130434782609,16.817592011000944,0.07910444234404537,0.5357142857142857,5.0,0.5434782608695652,0.801485304908716,0.35,3.632571631850288,0.29513232514177695,0.0,2.0,0.21739130434782608,0.40370932399217974,0.9195652173913044,1.3229048725205284,0.8520699432892249,0.0,920,8.824853776215956,309.14711116539,20.592996466670186,27.98379929718095,0.24041243440282212,1.584706966083725,1.0,1.0,1.0,1.0,0.268661949262668,1.5653711988328407,0.0,1.0,1.0,1.0,1000,0,0,0,0,0,1000,0,0,0,0,920,1000,1000,core
1yc1_1yc1_conf0,generation,flowr_raw,dynamic,,flowr_raw_dynamic,FlowR,flowr_raw_dynamic,6,27,98,0.7,98,98,0,1.0,112,98,14,0.875,"{""all_atoms_connected"":0,""bond_angles"":13,""bond_lengths"":14,""bonds"":0,""double_bond_stereochemistry"":0,""energy_ratio"":1,""file_loads"":0,""inchi_convertible"":0,""internal_steric_clash"":13,""molecular_formula"":0,""no_radicals"":0,""planar_aromatic_rings"":8,""planar_double_bonds"":0,""reference_file_loads"":0,""sanitisation"":0,""tetrahedral_chirality"":0}","{""all_atoms_connected"":0.0,""bond_angles"":0.11607142857142858,""bond_lengths"":0.125,""bonds"":0.0,""double_bond_stereochemistry"":0.0,""energy_ratio"":0.008928571428571428,""file_loads"":0.0,""inchi_convertible"":0.0,""internal_steric_clash"":0.11607142857142858,""molecular_formula"":0.0,""no_radicals"":0.0,""planar_aromatic_rings"":0.07142857142857142,""planar_double_bonds"":0.0,""reference_file_loads"":0.0,""sanitisation"":0.0,""tetrahedral_chirality"":0.0}",98,100.48902523380949,1.6736800115891373,2.299150860332509,54.0,55.10204081632653,0.9536489131127444,0.061224489795918366,44.88440021569198,0.026655560183256974,0.5925925925925926,17.0,17.346938775510203,0.8530568843759395,0.16326530612244897,11.210963103330942,0.10495626822157435,0.4117647058823529,2.0,2.0408163265306123,0.9755259511264972,0.5918367346938775,1.9663579249110343,0.5168679716784673,0.0,1.0,1.0204081632653061,0.0,1.0,1.0,1.0,0.0,98,8.89152460267705,185.7543261683895,21.324210100263258,23.893536003986085,0.2873557482256616,1.5968017578807112,0.0,1.0,1.0,1.0,0.2998377598687365,1.5675503747300954,0.0,1.0,1.0,1.0,1000,0,0,0,0,0,112,0,0,0,0,98,112,112,core
1yc1_1yc1_conf0,generation,flowr_raw,chembl_count,,flowr_raw_chembl_count,FlowR,flowr_raw_chembl_count,6,27,158,0.7,158,158,0,1.0,168,158,10,0.9404761904761904,"{""all_atoms_connected"":0,""bond_angles"":9,""bond_lengths"":9,""bonds"":0,""double_bond_stereochemistry"":0,""energy_ratio"":2,""file_loads"":0,""inchi_convertible"":0,""internal_steric_clash"":10,""molecular_formula"":0,""no_radicals"":0,""planar_aromatic_rings"":2,""planar_double_bonds"":0,""reference_file_loads"":0,""sanitisation"":0,""tetrahedral_chirality"":0}","{""all_atoms_connected"":0.0,""bond_angles"":0.05357142857142857,""bond_lengths"":0.05357142857142857,""bonds"":0.0,""double_bond_stereochemistry"":0.0,""energy_ratio"":0.011904761904761904,""file_loads"":0.0,""inchi_convertible"":0.0,""internal_steric_clash"":0.05952380952380952,""molecular_formula"":0.0,""no_radicals"":0.0,""planar_aromatic_rings"":0.011904761904761904,""planar_double_bonds"":0.0,""reference_file_loads"":0.0,""sanitisation"":0.0,""tetrahedral_chirality"":0.0}",158,105.38774287279469,1.6758399617272293,2.296932121775175,72.0,45.56962025316456,0.9375685829344923,0.056962025316455694,55.12855342366993,0.02307322544464028,0.5555555555555556,22.0,13.924050632911392,0.8569876662164285,0.13291139240506328,14.139683236595936,0.08468194199647495,0.36363636363636365,3.0,1.8987341772151898,0.7937269980476449,0.4810126582278481,2.3916852282848367,0.44808524274955946,0.0,1.0,0.6329113924050633,0.0,1.0,1.0,1.0,0.0,158,8.95218933349391,113.39791561086666,21.479908911692146,18.21320711084315,0.40786826326440373,1.6794236966279907,0.0,1.0,1.0,1.0,0.3680664571678103,1.6605196646501104,0.0,1.0,1.0,1.0,1000,0,0,0,0,0,168,0,0,0,0,158,168,168,core
1ydr_1ydr_conf0,generation,flowr_raw,fixed,,flowr_raw_fixed,FlowR,flowr_raw_fixed,2,20,947,0.7,947,947,0,1.0,1000,947,53,0.947,"{""all_atoms_connected"":0,""bond_angles"":53,""bond_lengths"":52,""bonds"":0,""double_bond_stereochemistry"":0,""energy_ratio"":5,""file_loads"":0,""inchi_convertible"":0,""internal_steric_clash"":42,""molecular_formula"":0,""no_radicals"":0,""planar_aromatic_rings"":16,""planar_double_bonds"":0,""reference_file_loads"":0,""sanitisation"":0,""tetrahedral_chirality"":0}","{""all_atoms_connected"":0.0,""bond_angles"":0.053,""bond_lengths"":0.052,""bonds"":0.0,""double_bond_stereochemistry"":0.0,""energy_ratio"":0.005,""file_loads"":0.0,""inchi_convertible"":0.0,""internal_steric_clash"":0.042,""molecular_formula"":0.0,""no_radicals"":0.0,""planar_aromatic_rings"":0.016,""planar_double_bonds"":0.0,""reference_file_loads"":0.0,""sanitisation"":0.0,""tetrahedral_chirality"":0.0}",947,102.4321510370129,1.6860943844130092,2.2690070464145338,96.0,10.13727560718057,0.8195282707310205,0.05807814149947202,42.12377804289104,0.032601144725354,0.34375,26.0,2.7455121436114043,0.8892863139806857,0.09503695881731784,18.12660341112978,0.06173555350135872,0.11538461538461539,3.0,0.3167898627243928,0.9973031147637753,0.3558606124604013,2.991124660773909,0.33527428917417196,0.0,1.0,0.10559662090813093,0.0,1.0,1.0,1.0,0.0,947,57.01141966242569,210.54850044913877,69.05637712275947,10.184232822415073,0.2624034037387156,1.69358799174173,0.0,1.0,1.0,1.0,0.1483383057678803,1.7585165970833116,1.0,1.0,1.0,1.0,1000,0,0,0,0,0,1000,0,0,0,0,947,1000,1000,core
1ydr_1ydr_conf0,generation,flowr_raw,dynamic,,flowr_raw_dynamic,FlowR,flowr_raw_dynamic,2,20,23,0.7,23,23,0,1.0,24,23,1,0.9583333333333334,"{""all_atoms_connected"":0,""bond_angles"":1,""bond_lengths"":1,""bonds"":0,""double_bond_stereochemistry"":0,""energy_ratio"":0,""file_loads"":0,""inchi_convertible"":0,""internal_steric_clash"":0,""molecular_formula"":0,""no_radicals"":0,""planar_aromatic_rings"":0,""planar_double_bonds"":0,""reference_file_loads"":0,""sanitisation"":0,""tetrahedral_chirality"":0}","{""all_atoms_connected"":0.0,""bond_angles"":0.041666666666666664,""bond_lengths"":0.041666666666666664,""bonds"":0.0,""double_bond_stereochemistry"":0.0,""energy_ratio"":0.0,""file_loads"":0.0,""inchi_convertible"":0.0,""internal_steric_clash"":0.0,""molecular_formula"":0.0,""no_radicals"":0.0,""planar_aromatic_rings"":0.0,""planar_double_bonds"":0.0,""reference_file_loads"":0.0,""sanitisation"":0.0,""tetrahedral_chirality"":0.0}",23,107.29811788119211,1.60936038807457,2.2019472483045623,16.0,69.56521739130434,0.9705112770342156,0.13043478260869565,14.743887962893872,0.07372400756143667,0.625,10.0,43.47826086956522,0.9445486495766823,0.21739130434782608,8.801336985575071,0.1266540642722117,0.3,2.0,8.695652173913043,0.9876925088958033,0.5652173913043478,1.9830107642760253,0.5085066162570888,0.0,1.0,4.3478260869565215,0.0,1.0,1.0,1.0,0.0,23,57.02530138700711,210.54850044913877,65.48048450888649,30.104008964746836,0.9396020711995358,1.6199263311255374,0.0,0.0,0.0,1.0,1.0146159240272932,1.6341046136251423,0.0,0.0,0.0,1.0,1000,0,0,0,0,0,24,0,0,0,0,23,24,24,core
1ydr_1ydr_conf0,generation,flowr_raw,chembl_count,,flowr_raw_chembl_count,FlowR,flowr_raw_chembl_count,2,20,15,0.7,15,15,0,1.0,16,15,1,0.9375,"{""all_atoms_connected"":0,""bond_angles"":1,""bond_lengths"":1,""bonds"":0,""double_bond_stereochemistry"":0,""energy_ratio"":0,""file_loads"":0,""inchi_convertible"":0,""internal_steric_clash"":1,""molecular_formula"":0,""no_radicals"":0,""planar_aromatic_rings"":0,""planar_double_bonds"":0,""reference_file_loads"":0,""sanitisation"":0,""tetrahedral_chirality"":0}","{""all_atoms_connected"":0.0,""bond_angles"":0.0625,""bond_lengths"":0.0625,""bonds"":0.0,""double_bond_stereochemistry"":0.0,""energy_ratio"":0.0,""file_loads"":0.0,""inchi_convertible"":0.0,""internal_steric_clash"":0.0625,""molecular_formula"":0.0,""no_radicals"":0.0,""planar_aromatic_rings"":0.0,""planar_double_bonds"":0.0,""reference_file_loads"":0.0,""sanitisation"":0.0,""tetrahedral_chirality"":0.0}",15,86.62521004729281,1.7165598749583282,2.421649939290087,10.0,66.66666666666667,0.9602550098461561,0.2,9.125465128398085,0.12000000000000002,0.6,8.0,53.333333333333336,0.9576351984400188,0.2,7.325390128958805,0.1466666666666667,0.375,2.0,13.333333333333334,0.9967916319816367,0.5333333333333333,1.9955571994469739,0.5022222222222222,0.0,1.0,6.666666666666667,0.0,1.0,1.0,1.0,0.0,15,57.01145627224302,80.49297608608015,65.16781710814419,7.537959871037577,1.0426087690002757,1.746386136401812,0.0,0.0,0.0,1.0,1.0967461082322816,1.7906260264803031,0.0,0.0,0.0,1.0,1000,0,0,0,0,0,16,0,0,0,0,15,16,16,core
1ydt_1ydt_conf0,generation,flowr_raw,fixed,,flowr_raw_fixed,FlowR,flowr_raw_fixed,8,27,921,0.7,921,921,0,1.0,1000,921,79,0.921,"{""all_atoms_connected"":0,""bond_angles"":59,""bond_lengths"":60,""bonds"":0,""double_bond_stereochemistry"":8,""energy_ratio"":5,""file_loads"":0,""inchi_convertible"":0,""internal_steric_clash"":57,""molecular_formula"":0,""no_radicals"":0,""planar_aromatic_rings"":30,""planar_double_bonds"":20,""reference_file_loads"":0,""sanitisation"":0,""tetrahedral_chirality"":0}","{""all_atoms_connected"":0.0,""bond_angles"":0.059,""bond_lengths"":0.06,""bonds"":0.0,""double_bond_stereochemistry"":0.008,""energy_ratio"":0.005,""file_loads"":0.0,""inchi_convertible"":0.0,""internal_steric_clash"":0.057,""molecular_formula"":0.0,""no_radicals"":0.0,""planar_aromatic_rings"":0.03,""planar_double_bonds"":0.02,""reference_file_loads"":0.0,""sanitisation"":0.0,""tetrahedral_chirality"":0.0}",921,103.41845658921204,2.4307337844034693,3.208380019868993,880.0,95.54831704668838,0.9973628468638113,0.003257328990228013,864.4056968626318,0.0011895204311038964,0.9568181818181818,284.0,30.836047774158523,0.9548958427201132,0.016286644951140065,220.1220170704082,0.005664663698170685,0.27816901408450706,15.0,1.6286644951140066,0.9402639149125326,0.11943539630836048,12.759573899054411,0.08596967135519268,0.0,3.0,0.3257328990228013,0.7867221022252882,0.6330076004343105,2.3733502612310486,0.4846771141692042,0.0,921,-16.667446468783716,333.54300321067404,-3.0131242976571695,24.27962803155029,0.7509051445233053,2.377606894460592,0.0,0.0,0.0,1.0,0.7666434472698993,2.3664935407197945,0.0,0.0,0.0,1.0,1000,0,0,0,0,0,1000,0,0,0,0,921,1000,1000,core
1ydt_1ydt_conf0,generation,flowr_raw,dynamic,,flowr_raw_dynamic,FlowR,flowr_raw_dynamic,8,27,142,0.7,142,142,0,1.0,156,142,14,0.9102564102564102,"{""all_atoms_connected"":0,""bond_angles"":12,""bond_lengths"":12,""bonds"":0,""double_bond_stereochemistry"":0,""energy_ratio"":0,""file_loads"":0,""inchi_convertible"":0,""internal_steric_clash"":11,""molecular_formula"":0,""no_radicals"":0,""planar_aromatic_rings"":12,""planar_double_bonds"":3,""reference_file_loads"":0,""sanitisation"":0,""tetrahedral_chirality"":0}","{""all_atoms_connected"":0.0,""bond_angles"":0.07692307692307693,""bond_lengths"":0.07692307692307693,""bonds"":0.0,""double_bond_stereochemistry"":0.0,""energy_ratio"":0.0,""file_loads"":0.0,""inchi_convertible"":0.0,""internal_steric_clash"":0.07051282051282051,""molecular_formula"":0.0,""no_radicals"":0.0,""planar_aromatic_rings"":0.07692307692307693,""planar_double_bonds"":0.019230769230769232,""reference_file_loads"":0.0,""sanitisation"":0.0,""tetrahedral_chirality"":0.0}",142,103.98192203263976,2.415961150836451,3.217005217282748,141.0,99.29577464788733,0.999455324327199,0.014084507042253521,140.62045061530858,0.007141440190438406,0.9929078014184397,107.0,75.35211267605634,0.9743509392074241,0.028169014084507043,94.91437445250847,0.012299146994643921,0.8037383177570093,11.0,7.746478873239437,0.9254172928672806,0.24647887323943662,9.198622567596882,0.12884348343582622,0.0,2.0,1.408450704225352,0.716258391107545,0.8028169014084507,1.6429156263836748,0.6833961515572308,0.0,142,-16.667446468783716,202.64897765959486,-6.477728634873272,25.79512304113186,0.7509051445233053,2.370681862157313,0.0,0.0,0.0,1.0,0.8089925277709694,2.3652343972154095,0.0,0.0,0.0,1.0,1000,0,0,0,0,0,156,0,0,0,0,142,156,156,core
1ydt_1ydt_conf0,generation,flowr_raw,chembl_count,,flowr_raw_chembl_count,FlowR,flowr_raw_chembl_count,8,27,133,0.7,133,133,0,1.0,140,133,7,0.95,"{""all_atoms_connected"":0,""bond_angles"":5,""bond_lengths"":7,""bonds"":0,""double_bond_stereochemistry"":0,""energy_ratio"":1,""file_loads"":0,""inchi_convertible"":0,""internal_steric_clash"":5,""molecular_formula"":0,""no_radicals"":0,""planar_aromatic_rings"":4,""planar_double_bonds"":0,""reference_file_loads"":0,""sanitisation"":0,""tetrahedral_chirality"":0}","{""all_atoms_connected"":0.0,""bond_angles"":0.03571428571428571,""bond_lengths"":0.05,""bonds"":0.0,""double_bond_stereochemistry"":0.0,""energy_ratio"":0.007142857142857143,""file_loads"":0.0,""inchi_convertible"":0.0,""internal_steric_clash"":0.03571428571428571,""molecular_formula"":0.0,""no_radicals"":0.0,""planar_aromatic_rings"":0.02857142857142857,""planar_double_bonds"":0.0,""reference_file_loads"":0.0,""sanitisation"":0.0,""tetrahedral_chirality"":0.0}",133,104.74832592513741,2.4765754412489986,3.3008262951193643,132.0,99.24812030075188,0.9994109815873554,0.015037593984962405,131.6209054593047,0.007631861608909492,0.9924242424242424,92.0,69.17293233082707,0.9728169414510167,0.045112781954887216,81.35908728200951,0.01430267397817853,0.6956521739130435,14.0,10.526315789473685,0.921834171416298,0.13533834586466165,11.390426555592633,0.09672677935440102,0.14285714285714285,3.0,2.255639097744361,0.7377183183960108,0.6992481203007519,2.2489566783536286,0.5370003957261575,0.0,133,-15.83388391902136,82.78767265208833,-2.6960722640579426,11.980738425354414,0.7509051445233053,2.3765639093486404,0.0,0.0,0.0,1.0,0.906419124862242,2.394973102890986,0.0,0.0,0.0,1.0,1000,0,0,0,0,0,140,0,0,0,0,133,140,140,core
1z6e_1z6e_conf0,generation,flowr_raw,fixed,,flowr_raw_fixed,FlowR,flowr_raw_fixed,7,38,801,0.7,801,801,0,1.0,1000,801,199,0.801,"{""all_atoms_connected"":0,""bond_angles"":110,""bond_lengths"":117,""bonds"":0,""double_bond_stereochemistry"":0,""energy_ratio"":2,""file_loads"":0,""inchi_convertible"":0,""internal_steric_clash"":135,""molecular_formula"":0,""no_radicals"":0,""planar_aromatic_rings"":142,""planar_double_bonds"":0,""reference_file_loads"":0,""sanitisation"":0,""tetrahedral_chirality"":0}","{""all_atoms_connected"":0.0,""bond_angles"":0.11,""bond_lengths"":0.117,""bonds"":0.0,""double_bond_stereochemistry"":0.0,""energy_ratio"":0.002,""file_loads"":0.0,""inchi_convertible"":0.0,""internal_steric_clash"":0.135,""molecular_formula"":0.0,""no_radicals"":0.0,""planar_aromatic_rings"":0.142,""planar_double_bonds"":0.0,""reference_file_loads"":0.0,""sanitisation"":0.0,""tetrahedral_chirality"":0.0}",801,102.57651025874817,2.9645114782028847,3.820731717837578,799.0,99.75031210986268,0.9998561490472997,0.0024968789013732834,798.232204277961,0.0012546738549347645,0.9974968710888611,630.0,78.65168539325843,0.9864438744452092,0.006242197253433208,577.2877441412097,0.0019435755243523618,0.7952380952380952,53.0,6.616729088639201,0.9178463355000683,0.05368289637952559,38.24901788444976,0.030503381385004073,0.11320754716981132,6.0,0.7490636704119851,0.8827614634497067,0.2846441947565543,4.863197829813299,0.22387901515116088,0.0,801,99.7575837337832,522.8234641584089,137.65678770478988,46.17007254946675,1.2913810968974864,2.8274012115828584,0.0,0.0,0.0,1.0,1.355889049857695,2.7879765191306536,0.0,0.0,0.0,1.0,1000,0,0,0,0,0,1000,0,0,0,0,801,1000,1000,core
1z6e_1z6e_conf0,generation,flowr_raw,dynamic,,flowr_raw_dynamic,FlowR,flowr_raw_dynamic,7,38,105,0.7,105,105,0,1.0,134,105,29,0.7835820895522388,"{""all_atoms_connected"":0,""bond_angles"":20,""bond_lengths"":20,""bonds"":0,""double_bond_stereochemistry"":0,""energy_ratio"":1,""file_loads"":0,""inchi_convertible"":0,""internal_steric_clash"":24,""molecular_formula"":0,""no_radicals"":0,""planar_aromatic_rings"":17,""planar_double_bonds"":0,""reference_file_loads"":0,""sanitisation"":0,""tetrahedral_chirality"":0}","{""all_atoms_connected"":0.0,""bond_angles"":0.14925373134328357,""bond_lengths"":0.14925373134328357,""bonds"":0.0,""double_bond_stereochemistry"":0.0,""energy_ratio"":0.007462686567164179,""file_loads"":0.0,""inchi_convertible"":0.0,""internal_steric_clash"":0.1791044776119403,""molecular_formula"":0.0,""no_radicals"":0.0,""planar_aromatic_rings"":0.12686567164179105,""planar_double_bonds"":0.0,""reference_file_loads"":0.0,""sanitisation"":0.0,""tetrahedral_chirality"":0.0}",105,103.15257873361834,3.028199362664502,3.915265615595128,104.0,99.04761904761905,0.9992176902198829,0.01904761904761905,103.62281698235519,0.009705215419501137,0.9903846153846154,97.0,92.38095238095238,0.9913489924314434,0.0380952380952381,93.23611244268078,0.011519274376417239,0.9381443298969072,24.0,22.857142857142858,0.94708558451413,0.09523809523809523,20.285147530786457,0.05578231292517007,0.08333333333333333,5.0,4.761904761904762,0.8936166118202762,0.3523809523809524,4.2131915747215904,0.25587301587301586,0.0,105,99.7575837337832,366.03125570280304,139.71828841831353,37.46103217495989,1.504529063543175,3.034285957653373,0.0,0.0,0.0,1.0,1.4644125896551523,2.986591594353485,0.0,0.0,0.0,1.0,1000,0,0,0,0,0,134,0,0,0,0,105,134,134,core
1z6e_1z6e_conf0,generation,flowr_raw,chembl_count,,flowr_raw_chembl_count,FlowR,flowr_raw_chembl_count,7,38,161,0.7,161,161,0,1.0,200,161,39,0.805,"{""all_atoms_connected"":0,""bond_angles"":20,""bond_lengths"":21,""bonds"":0,""double_bond_stereochemistry"":0,""energy_ratio"":0,""file_loads"":0,""inchi_convertible"":0,""internal_steric_clash"":23,""molecular_formula"":0,""no_radicals"":0,""planar_aromatic_rings"":29,""planar_double_bonds"":0,""reference_file_loads"":0,""sanitisation"":0,""tetrahedral_chirality"":0}","{""all_atoms_connected"":0.0,""bond_angles"":0.1,""bond_lengths"":0.105,""bonds"":0.0,""double_bond_stereochemistry"":0.0,""energy_ratio"":0.0,""file_loads"":0.0,""inchi_convertible"":0.0,""internal_steric_clash"":0.115,""molecular_formula"":0.0,""no_radicals"":0.0,""planar_aromatic_rings"":0.145,""planar_double_bonds"":0.0,""reference_file_loads"":0.0,""sanitisation"":0.0,""tetrahedral_chirality"":0.0}",161,102.46770505794008,3.0025888225422026,3.843681526270918,161.0,100.0,1.0,0.006211180124223602,161.00000000000003,0.006211180124223602,1.0,150.0,93.16770186335404,0.9952208269990772,0.012422360248447204,146.45066311355424,0.007059912812005709,0.9266666666666666,32.0,19.875776397515526,0.9226176346165779,0.09316770186335403,24.472476082875563,0.050345279888893174,0.125,4.0,2.484472049689441,0.9956788930933279,0.2732919254658385,3.9761103203701778,0.2528837622005324,0.0,161,99.7575837337832,362.5747411742665,140.7213062127919,52.336167693848004,1.4248539445080848,2.7944329820001075,0.0,0.0,0.0,1.0,1.3930852338499071,2.752455287023478,0.0,0.0,0.0,1.0,1000,0,0,0,0,0,200,0,0,0,0,161,200,200,core
1z95_1z95_conf0,generation,flowr_raw,fixed,,flowr_raw_fixed,FlowR,flowr_raw_fixed,6,29,948,0.7,948,948,0,1.0,1000,948,52,0.948,"{""all_atoms_connected"":0,""bond_angles"":41,""bond_lengths"":42,""bonds"":0,""double_bond_stereochemistry"":0,""energy_ratio"":8,""file_loads"":0,""inchi_convertible"":0,""internal_steric_clash"":44,""molecular_formula"":0,""no_radicals"":0,""planar_aromatic_rings"":9,""planar_double_bonds"":0,""reference_file_loads"":0,""sanitisation"":0,""tetrahedral_chirality"":0}","{""all_atoms_connected"":0.0,""bond_angles"":0.041,""bond_lengths"":0.042,""bonds"":0.0,""double_bond_stereochemistry"":0.0,""energy_ratio"":0.008,""file_loads"":0.0,""inchi_convertible"":0.0,""internal_steric_clash"":0.044,""molecular_formula"":0.0,""no_radicals"":0.0,""planar_aromatic_rings"":0.009,""planar_double_bonds"":0.0,""reference_file_loads"":0.0,""sanitisation"":0.0,""tetrahedral_chirality"":0.0}",948,108.35813353776341,2.263510235463629,2.893371998082119,745.0,78.58649789029536,0.9835980744499511,0.007383966244725738,668.4168345842542,0.001760312627962043,0.8228187919463087,290.0,30.59071729957806,0.9527116162811189,0.013713080168776372,221.79674917618854,0.0055858213605369505,0.296551724137931,12.0,1.2658227848101267,0.951872571815792,0.12974683544303797,10.647386718023796,0.09869100393455464,0.0,2.0,0.2109704641350211,0.9999486295940949,0.5042194092827004,1.9999287867638267,0.5000356068293899,0.0,948,54.80232800144038,216.77939398990355,76.07660660305788,17.86504961503447,0.5063218802078897,2.1628662298395005,0.0,0.0,1.0,1.0,0.5162553329012615,2.1611222554015592,0.0,0.0,1.0,1.0,1000,0,0,0,0,0,1000,0,0,0,0,948,1000,1000,core
1z95_1z95_conf0,generation,flowr_raw,dynamic,,flowr_raw_dynamic,FlowR,flowr_raw_dynamic,6,29,108,0.7,108,108,0,1.0,112,108,4,0.9642857142857144,"{""all_atoms_connected"":0,""bond_angles"":4,""bond_lengths"":4,""bonds"":0,""double_bond_stereochemistry"":0,""energy_ratio"":1,""file_loads"":0,""inchi_convertible"":0,""internal_steric_clash"":4,""molecular_formula"":0,""no_radicals"":0,""planar_aromatic_rings"":0,""planar_double_bonds"":0,""reference_file_loads"":0,""sanitisation"":0,""tetrahedral_chirality"":0}","{""all_atoms_connected"":0.0,""bond_angles"":0.03571428571428571,""bond_lengths"":0.03571428571428571,""bonds"":0.0,""double_bond_stereochemistry"":0.0,""energy_ratio"":0.008928571428571428,""file_loads"":0.0,""inchi_convertible"":0.0,""internal_steric_clash"":0.03571428571428571,""molecular_formula"":0.0,""no_radicals"":0.0,""planar_aromatic_rings"":0.0,""planar_double_bonds"":0.0,""reference_file_loads"":0.0,""sanitisation"":0.0,""tetrahedral_chirality"":0.0}",108,108.0256156574438,2.309062836038672,2.9761600975445615,105.0,97.22222222222223,0.9977788165447671,0.018518518518518517,103.9201743845675,0.009773662551440326,0.9714285714285714,86.0,79.62962962962963,0.9844771790400689,0.027777777777777776,80.25453414637586,0.013545953360768177,0.7790697674418605,8.0,7.407407407407407,0.9619048551161812,0.18518518518518517,7.390718194446154,0.1435185185185185,0.0,2.0,1.8518518518518519,0.9878444130876813,0.5648148148148148,1.983219570363297,0.5084019204389574,0.0,108,54.89184903783416,170.92323628838682,76.31991007321477,16.210671961789146,0.8944326853445529,2.165871649163086,0.0,0.0,0.0,1.0,0.8543059037032575,2.1899323521922467,0.0,0.0,0.0,1.0,1000,0,0,0,0,0,112,0,0,0,0,108,112,112,core
1z95_1z95_conf0,generation,flowr_raw,chembl_count,,flowr_raw_chembl_count,FlowR,flowr_raw_chembl_count,6,29,184,0.7,184,184,0,1.0,198,184,14,0.9292929292929292,"{""all_atoms_connected"":0,""bond_angles"":10,""bond_lengths"":11,""bonds"":0,""double_bond_stereochemistry"":0,""energy_ratio"":3,""file_loads"":0,""inchi_convertible"":0,""internal_steric_clash"":11,""molecular_formula"":0,""no_radicals"":0,""planar_aromatic_rings"":2,""planar_double_bonds"":0,""reference_file_loads"":0,""sanitisation"":0,""tetrahedral_chirality"":0}","{""all_atoms_connected"":0.0,""bond_angles"":0.050505050505050504,""bond_lengths"":0.05555555555555555,""bonds"":0.0,""double_bond_stereochemistry"":0.0,""energy_ratio"":0.015151515151515152,""file_loads"":0.0,""inchi_convertible"":0.0,""internal_steric_clash"":0.05555555555555555,""molecular_formula"":0.0,""no_radicals"":0.0,""planar_aromatic_rings"":0.010101010101010102,""planar_double_bonds"":0.0,""reference_file_loads"":0.0,""sanitisation"":0.0,""tetrahedral_chirality"":0.0}",184,107.96351120243946,2.3145756936940183,3.0323883627225614,174.0,94.56521739130434,0.9962276763243887,0.010869565217391304,170.6464159461313,0.006025519848771267,0.9425287356321839,121.0,65.76086956521739,0.9755401955132876,0.02717391304347826,107.60708017999521,0.0105741965973535,0.628099173553719,10.0,5.434782608695652,0.9504196485295869,0.18478260869565216,8.921125491351583,0.12116020793950849,0.0,2.0,1.0869565217391304,0.9992328356904397,0.5163043478260869,1.9989367671598244,0.5005316635160679,0.0,184,54.809204248769035,139.73310913722827,75.6458969402907,13.189349232360595,1.0201093084831179,2.1409768589449065,0.0,0.0,0.0,1.0,1.042777871650242,2.142098732520979,0.0,0.0,0.0,1.0,1000,0,0,0,0,0,198,0,0,0,0,184,198,198,core
1z9g_1z9g_conf0,generation,flowr_raw,fixed,,flowr_raw_fixed,FlowR,flowr_raw_fixed,7,17,985,0.7,985,985,0,1.0,1000,985,15,0.985,"{""all_atoms_connected"":0,""bond_angles"":15,""bond_lengths"":15,""bonds"":0,""double_bond_stereochemistry"":0,""energy_ratio"":12,""file_loads"":0,""inchi_convertible"":0,""internal_steric_clash"":15,""molecular_formula"":0,""no_radicals"":0,""planar_aromatic_rings"":0,""planar_double_bonds"":0,""reference_file_loads"":0,""sanitisation"":0,""tetrahedral_chirality"":0}","{""all_atoms_connected"":0.0,""bond_angles"":0.015,""bond_lengths"":0.015,""bonds"":0.0,""double_bond_stereochemistry"":0.0,""energy_ratio"":0.012,""file_loads"":0.0,""inchi_convertible"":0.0,""internal_steric_clash"":0.015,""molecular_formula"":0.0,""no_radicals"":0.0,""planar_aromatic_rings"":0.0,""planar_double_bonds"":0.0,""reference_file_loads"":0.0,""sanitisation"":0.0,""tetrahedral_chirality"":0.0}",985,101.72131338145468,1.556038164103281,2.0361834199575903,222.0,22.538071065989847,0.9176008604126109,0.023350253807106598,142.23795778567694,0.009417403179674818,0.36936936936936937,32.0,3.248730964467005,0.9166955941510528,0.116751269035533,23.97531675543209,0.05123656883712541,0.0,2.0,0.20304568527918782,0.9890870954864681,0.5614213197969543,1.9849285758746709,0.5075451570511995,0.0,1.0,0.10152284263959391,0.0,1.0,1.0,1.0,0.0,985,-3.0702943715301387,109.67641510478077,3.5670549119329475,7.9995819144447795,0.6654043271096759,1.695512037592306,0.0,0.0,1.0,1.0,0.6112357501218098,1.6195167223398292,0.0,0.0,1.0,1.0,1000,0,0,0,0,0,1000,0,0,0,0,985,1000,1000,core
1z9g_1z9g_conf0,generation,flowr_raw,dynamic,,flowr_raw_dynamic,FlowR,flowr_raw_dynamic,7,17,132,0.7,132,132,0,1.0,134,132,2,0.9850746268656716,"{""all_atoms_connected"":0,""bond_angles"":2,""bond_lengths"":2,""bonds"":0,""double_bond_stereochemistry"":0,""energy_ratio"":1,""file_loads"":0,""inchi_convertible"":0,""internal_steric_clash"":2,""molecular_formula"":0,""no_radicals"":0,""planar_aromatic_rings"":0,""planar_double_bonds"":0,""reference_file_loads"":0,""sanitisation"":0,""tetrahedral_chirality"":0}","{""all_atoms_connected"":0.0,""bond_angles"":0.014925373134328358,""bond_lengths"":0.014925373134328358,""bonds"":0.0,""double_bond_stereochemistry"":0.0,""energy_ratio"":0.007462686567164179,""file_loads"":0.0,""inchi_convertible"":0.0,""internal_steric_clash"":0.014925373134328358,""molecular_formula"":0.0,""no_radicals"":0.0,""planar_aromatic_rings"":0.0,""planar_double_bonds"":0.0,""reference_file_loads"":0.0,""sanitisation"":0.0,""tetrahedral_chirality"":0.0}",132,101.93188529614706,1.5711757915552518,2.0494662610783827,82.0,62.121212121212125,0.9733131857080379,0.030303030303030304,72.90213673476684,0.015381083562901745,0.5853658536585366,24.0,18.181818181818183,0.9408714068483004,0.14393939393939395,19.88846625239358,0.06026170798898073,0.041666666666666664,2.0,1.5151515151515151,0.9105330602054261,0.6742424242424242,1.8797399136870878,0.5607208448117539,0.0,1.0,0.7575757575757576,0.0,1.0,1.0,1.0,0.0,132,-2.9883597189200106,32.73888478614736,2.9900170524089367,7.45959084306399,0.9210592592768334,1.6999696009368601,0.0,0.0,0.0,1.0,0.742813676842457,1.6120177604423858,0.0,0.0,1.0,1.0,1000,0,0,0,0,0,134,0,0,0,0,132,134,134,core
1z9g_1z9g_conf0,generation,flowr_raw,chembl_count,,flowr_raw_chembl_count,FlowR,flowr_raw_chembl_count,7,17,195,0.7,195,195,0,1.0,199,195,4,0.9798994974874372,"{""all_atoms_connected"":0,""bond_angles"":4,""bond_lengths"":4,""bonds"":0,""double_bond_stereochemistry"":0,""energy_ratio"":3,""file_loads"":0,""inchi_convertible"":0,""internal_steric_clash"":4,""molecular_formula"":0,""no_radicals"":0,""planar_aromatic_rings"":0,""planar_double_bonds"":0,""reference_file_loads"":0,""sanitisation"":0,""tetrahedral_chirality"":0}","{""all_atoms_connected"":0.0,""bond_angles"":0.020100502512562814,""bond_lengths"":0.020100502512562814,""bonds"":0.0,""double_bond_stereochemistry"":0.0,""energy_ratio"":0.01507537688442211,""file_loads"":0.0,""inchi_convertible"":0.0,""internal_steric_clash"":0.020100502512562814,""molecular_formula"":0.0,""no_radicals"":0.0,""planar_aromatic_rings"":0.0,""planar_double_bonds"":0.0,""reference_file_loads"":0.0,""sanitisation"":0.0,""tetrahedral_chirality"":0.0}",195,102.63623282213297,1.600601463980498,2.100441077726785,106.0,54.35897435897436,0.952238652777089,0.035897435897435895,84.83489538072641,0.014806048652202496,0.6132075471698113,23.0,11.794871794871796,0.9203776876038786,0.15897435897435896,17.918593485825667,0.06840236686390533,0.043478260869565216,2.0,1.0256410256410255,0.896402472146136,0.6871794871794872,1.8614185274358197,0.5700723208415516,0.0,1.0,0.5128205128205128,0.0,1.0,1.0,1.0,0.0,195,-3.067095726646558,35.79875035559884,4.101796377106027,7.083867117858038,0.8257938800394607,1.669507972629147,0.0,0.0,0.0,1.0,0.7666903693740446,1.591528816813492,0.0,0.0,0.0,1.0,1000,0,0,0,0,0,199,0,0,0,0,195,199,199,core
2br1_2br1_conf0,generation,flowr_raw,fixed,,flowr_raw_fixed,FlowR,flowr_raw_fixed,8,29,868,0.7,868,868,0,1.0,1000,868,132,0.868,"{""all_atoms_connected"":0,""bond_angles"":93,""bond_lengths"":95,""bonds"":0,""double_bond_stereochemistry"":0,""energy_ratio"":5,""file_loads"":0,""inchi_convertible"":0,""internal_steric_clash"":96,""molecular_formula"":0,""no_radicals"":0,""planar_aromatic_rings"":77,""planar_double_bonds"":0,""reference_file_loads"":0,""sanitisation"":0,""tetrahedral_chirality"":0}","{""all_atoms_connected"":0.0,""bond_angles"":0.093,""bond_lengths"":0.095,""bonds"":0.0,""double_bond_stereochemistry"":0.0,""energy_ratio"":0.005,""file_loads"":0.0,""inchi_convertible"":0.0,""internal_steric_clash"":0.096,""molecular_formula"":0.0,""no_radicals"":0.0,""planar_aromatic_rings"":0.077,""planar_double_bonds"":0.0,""reference_file_loads"":0.0,""sanitisation"":0.0,""tetrahedral_chirality"":0.0}",868,103.07709950976468,1.5276634052480353,2.4307543868676986,527.0,60.714285714285715,0.9672201742504613,0.008064516129032258,429.1312458932746,0.002927966191679586,0.6963946869070209,88.0,10.138248847926267,0.7049443087172683,0.16474654377880185,23.482914298126868,0.07783664974834888,0.4772727272727273,7.0,0.8064516129032258,0.45722856045696275,0.6463133640552995,2.4344617776532145,0.5068540423453461,0.0,2.0,0.2304147465437788,0.6992489418015957,0.8110599078341014,1.6236593055680861,0.6935165325235193,0.0,868,25.344017101046234,304.73740583243796,42.849616910380746,30.16736601900488,0.3878100502620457,1.1729252398250665,0.0,1.0,1.0,1.0,0.41749749025334326,1.1689266154486597,0.0,1.0,1.0,1.0,1000,0,0,0,0,0,1000,0,0,0,0,868,1000,1000,core
2br1_2br1_conf0,generation,flowr_raw,dynamic,,flowr_raw_dynamic,FlowR,flowr_raw_dynamic,8,29,137,0.7,137,137,0,1.0,156,137,19,0.8782051282051282,"{""all_atoms_connected"":0,""bond_angles"":13,""bond_lengths"":14,""bonds"":0,""double_bond_stereochemistry"":0,""energy_ratio"":2,""file_loads"":0,""inchi_convertible"":0,""internal_steric_clash"":14,""molecular_formula"":0,""no_radicals"":0,""planar_aromatic_rings"":11,""planar_double_bonds"":0,""reference_file_loads"":0,""sanitisation"":0,""tetrahedral_chirality"":0}","{""all_atoms_connected"":0.0,""bond_angles"":0.08333333333333333,""bond_lengths"":0.08974358974358974,""bonds"":0.0,""double_bond_stereochemistry"":0.0,""energy_ratio"":0.01282051282051282,""file_loads"":0.0,""inchi_convertible"":0.0,""internal_steric_clash"":0.08974358974358974,""molecular_formula"":0.0,""no_radicals"":0.0,""planar_aromatic_rings"":0.07051282051282051,""planar_double_bonds"":0.0,""reference_file_loads"":0.0,""sanitisation"":0.0,""tetrahedral_chirality"":0.0}",137,102.84937472421625,1.5457867800703518,2.4750579541478737,119.0,86.86131386861314,0.9889642063291169,0.021897810218978103,112.88640778902764,0.009537002504129144,0.8739495798319328,27.0,19.708029197080293,0.7750582482365923,0.20437956204379562,12.864422401549819,0.11705471788587564,0.4074074074074074,5.0,3.6496350364963503,0.45388532503999834,0.781021897810219,2.076118926470917,0.6329053226064255,0.2,2.0,1.4598540145985401,0.34964284928913403,0.9343065693430657,1.274245138681422,0.8772443923490862,0.0,137,26.285420130633646,193.16883877574628,42.39762990511359,31.356234185695104,0.4388087094894624,1.2581701927516504,0.0,1.0,1.0,1.0,0.458626906858326,1.2837817209695255,0.0,1.0,1.0,1.0,1000,0,0,0,0,0,156,0,0,0,0,137,156,156,core
2br1_2br1_conf0,generation,flowr_raw,chembl_count,,flowr_raw_chembl_count,FlowR,flowr_raw_chembl_count,8,29,164,0.7,164,164,0,1.0,200,164,36,0.82,"{""all_atoms_connected"":0,""bond_angles"":25,""bond_lengths"":26,""bonds"":0,""double_bond_stereochemistry"":0,""energy_ratio"":4,""file_loads"":0,""inchi_convertible"":0,""internal_steric_clash"":28,""molecular_formula"":0,""no_radicals"":0,""planar_aromatic_rings"":21,""planar_double_bonds"":0,""reference_file_loads"":0,""sanitisation"":0,""tetrahedral_chirality"":0}","{""all_atoms_connected"":0.0,""bond_angles"":0.125,""bond_lengths"":0.13,""bonds"":0.0,""double_bond_stereochemistry"":0.0,""energy_ratio"":0.02,""file_loads"":0.0,""inchi_convertible"":0.0,""internal_steric_clash"":0.14,""molecular_formula"":0.0,""no_radicals"":0.0,""planar_aromatic_rings"":0.105,""planar_double_bonds"":0.0,""reference_file_loads"":0.0,""sanitisation"":0.0,""tetrahedral_chirality"":0.0}",164,102.06767857357345,1.512367221645663,2.451445526276266,141.0,85.97560975609755,0.9886688898276155,0.018292682926829267,133.31102698660644,0.008105294467578822,0.8652482269503546,30.0,18.29268292682927,0.7359327342551873,0.20121951219512196,12.219737701550944,0.12544616299821532,0.5666666666666667,5.0,3.048780487804878,0.5251519823229305,0.7073170731707317,2.3284423160858174,0.5504907792980369,0.0,2.0,1.2195121951219512,0.4413357333803406,0.9085365853658537,1.3578609345262376,0.8338042831647829,0.0,164,27.080718421301665,304.73740583243796,42.60824967532461,33.40360197721879,0.3878100502620457,1.1796333319851362,0.0,1.0,1.0,1.0,0.41749749025334326,1.1747622463480951,0.0,1.0,1.0,1.0,1000,0,0,0,0,0,200,0,0,0,0,164,200,200,core
2brb_2brb_conf0,generation,flowr_raw,fixed,,flowr_raw_fixed,FlowR,flowr_raw_fixed,6,25,909,0.7,909,909,0,1.0,1000,909,91,0.909,"{""all_atoms_connected"":0,""bond_angles"":78,""bond_lengths"":80,""bonds"":0,""double_bond_stereochemistry"":0,""energy_ratio"":7,""file_loads"":0,""inchi_convertible"":0,""internal_steric_clash"":81,""molecular_formula"":0,""no_radicals"":0,""planar_aromatic_rings"":47,""planar_double_bonds"":0,""reference_file_loads"":0,""sanitisation"":0,""tetrahedral_chirality"":0}","{""all_atoms_connected"":0.0,""bond_angles"":0.078,""bond_lengths"":0.08,""bonds"":0.0,""double_bond_stereochemistry"":0.0,""energy_ratio"":0.007,""file_loads"":0.0,""inchi_convertible"":0.0,""internal_steric_clash"":0.081,""molecular_formula"":0.0,""no_radicals"":0.0,""planar_aromatic_rings"":0.047,""planar_double_bonds"":0.0,""reference_file_loads"":0.0,""sanitisation"":0.0,""tetrahedral_chirality"":0.0}",909,99.36612620840542,1.167284985129552,1.7421237070284423,193.0,21.23212321232123,0.8595668968385305,0.0374037403740374,92.16996098389235,0.016303170471062507,0.5595854922279793,27.0,2.9702970297029703,0.6045962086545195,0.3201320132013201,7.334949109470249,0.2055608201084135,0.18518518518518517,3.0,0.33003300330033003,0.4082053673553123,0.8613861386138614,1.5658979554175523,0.7576441912618105,0.0,1.0,0.11001100110011001,0.0,1.0,1.0,1.0,0.0,909,16.973108425395793,186.17324271733824,29.350059283109744,19.360439790311577,0.30177552108632505,0.9488638271276836,0.0,1.0,1.0,1.0,0.3270080019706625,0.9560796473153574,0.0,1.0,1.0,1.0,1000,0,0,0,0,0,1000,0,0,0,0,909,1000,1000,core
2brb_2brb_conf0,generation,flowr_raw,dynamic,,flowr_raw_dynamic,FlowR,flowr_raw_dynamic,6,25,102,0.7,102,102,0,1.0,112,102,10,0.9107142857142856,"{""all_atoms_connected"":0,""bond_angles"":9,""bond_lengths"":9,""bonds"":0,""double_bond_stereochemistry"":0,""energy_ratio"":1,""file_loads"":0,""inchi_convertible"":0,""internal_steric_clash"":9,""molecular_formula"":0,""no_radicals"":0,""planar_aromatic_rings"":6,""planar_double_bonds"":0,""reference_file_loads"":0,""sanitisation"":0,""tetrahedral_chirality"":0}","{""all_atoms_connected"":0.0,""bond_angles"":0.08035714285714286,""bond_lengths"":0.08035714285714286,""bonds"":0.0,""double_bond_stereochemistry"":0.0,""energy_ratio"":0.008928571428571428,""file_loads"":0.0,""inchi_convertible"":0.0,""internal_steric_clash"":0.08035714285714286,""molecular_formula"":0.0,""no_radicals"":0.0,""planar_aromatic_rings"":0.05357142857142857,""planar_double_bonds"":0.0,""reference_file_loads"":0.0,""sanitisation"":0.0,""tetrahedral_chirality"":0.0}",102,97.55300116936512,1.2028984257785598,1.8504040658149574,56.0,54.90196078431372,0.9486264922948077,0.058823529411764705,45.538369423928,0.026912725874663597,0.625,10.0,9.803921568627452,0.7233256922661799,0.4215686274509804,5.28841699555882,0.25816993464052285,0.2,2.0,1.9607843137254901,0.4305518670104394,0.9117647058823529,1.347749026053485,0.8391003460207611,0.0,1.0,0.9803921568627451,0.0,1.0,1.0,1.0,0.0,102,18.03126387796841,116.79272875539016,29.431327875562353,19.253106369421943,0.3972190598711092,0.9567180329839611,0.0,1.0,1.0,1.0,0.37485725478181137,0.9693633783077753,0.0,1.0,1.0,1.0,1000,0,0,0,0,0,112,0,0,0,0,102,112,112,core
2brb_2brb_conf0,generation,flowr_raw,chembl_count,,flowr_raw_chembl_count,FlowR,flowr_raw_chembl_count,6,25,181,0.7,181,181,0,1.0,200,181,19,0.905,"{""all_atoms_connected"":0,""bond_angles"":16,""bond_lengths"":18,""bonds"":0,""double_bond_stereochemistry"":0,""energy_ratio"":1,""file_loads"":0,""inchi_convertible"":0,""internal_steric_clash"":17,""molecular_formula"":0,""no_radicals"":0,""planar_aromatic_rings"":12,""planar_double_bonds"":0,""reference_file_loads"":0,""sanitisation"":0,""tetrahedral_chirality"":0}","{""all_atoms_connected"":0.0,""bond_angles"":0.08,""bond_lengths"":0.09,""bonds"":0.0,""double_bond_stereochemistry"":0.0,""energy_ratio"":0.005,""file_loads"":0.0,""inchi_convertible"":0.0,""internal_steric_clash"":0.085,""molecular_formula"":0.0,""no_radicals"":0.0,""planar_aromatic_rings"":0.06,""planar_double_bonds"":0.0,""reference_file_loads"":0.0,""sanitisation"":0.0,""tetrahedral_chirality"":0.0}",181,97.32731826670351,1.1213624070524266,1.6446072865302375,74.0,40.88397790055249,0.9205455502073551,0.04419889502762431,52.56696966448858,0.024755044107322727,0.5945945945945946,14.0,7.734806629834254,0.698952235405262,0.4143646408839779,6.32541104527484,0.23366197613015474,0.2857142857142857,2.0,1.1049723756906078,0.2361792974031946,0.9613259668508287,1.1778691654776237,0.9256432953817038,0.0,1.0,0.5524861878453039,0.0,1.0,1.0,1.0,0.0,181,17.259683396606977,186.17324271733824,29.948665568620044,21.50736358325981,0.3943625687100293,0.9892708313337998,0.0,1.0,1.0,1.0,0.3613576005386311,1.0017853804300088,0.0,1.0,1.0,1.0,1000,0,0,0,0,0,200,0,0,0,0,181,200,200,core
2c3i_2c3i_conf0,generation,flowr_raw,fixed,,flowr_raw_fixed,FlowR,flowr_raw_fixed,5,23,950,0.7,950,950,0,1.0,1000,950,50,0.95,"{""all_atoms_connected"":0,""bond_angles"":44,""bond_lengths"":45,""bonds"":0,""double_bond_stereochemistry"":0,""file_loads"":0,""inchi_convertible"":0,""internal_steric_clash"":44,""molecular_formula"":0,""no_radicals"":0,""planar_aromatic_rings"":27,""planar_double_bonds"":0,""reference_file_loads"":0,""sanitisation"":0,""tetrahedral_chirality"":0}","{""all_atoms_connected"":0.0,""bond_angles"":0.044,""bond_lengths"":0.045,""bonds"":0.0,""double_bond_stereochemistry"":0.0,""file_loads"":0.0,""inchi_convertible"":0.0,""internal_steric_clash"":0.044,""molecular_formula"":0.0,""no_radicals"":0.0,""planar_aromatic_rings"":0.027,""planar_double_bonds"":0.0,""reference_file_loads"":0.0,""sanitisation"":0.0,""tetrahedral_chirality"":0.0}",950,111.84044510218054,1.6528786687762553,2.2288953128443985,355.0,37.36842105263158,0.938351314064324,0.014736842105263158,247.17817777923548,0.005546814404432134,0.49014084507042255,42.0,4.421052631578948,0.8697000934231177,0.07578947368421053,25.80715079716213,0.04580831024930748,0.23809523809523808,4.0,0.42105263157894735,0.8432241112854814,0.47789473684210526,3.218633306995507,0.35558337950138497,0.0,1.0,0.10526315789473684,0.0,1.0,1.0,1.0,0.0,950,24.017041769323395,236.11295862845316,29.750526059375787,16.755843155455356,0.5339114099252041,1.5957402300279666,0.0,0.0,1.0,1.0,0.44098002992681384,1.607026222896236,0.0,1.0,1.0,1.0,1000,0,0,0,0,0,1000,0,0,0,0,950,1000,1000,core
2c3i_2c3i_conf0,generation,flowr_raw,dynamic,,flowr_raw_dynamic,FlowR,flowr_raw_dynamic,5,23,86,0.7,86,86,0,1.0,90,86,4,0.9555555555555556,"{""all_atoms_connected"":0,""bond_angles"":3,""bond_lengths"":3,""bonds"":0,""double_bond_stereochemistry"":0,""file_loads"":0,""inchi_convertible"":0,""internal_steric_clash"":3,""molecular_formula"":0,""no_radicals"":0,""planar_aromatic_rings"":2,""planar_double_bonds"":0,""reference_file_loads"":0,""sanitisation"":0,""tetrahedral_chirality"":0}","{""all_atoms_connected"":0.0,""bond_angles"":0.03333333333333333,""bond_lengths"":0.03333333333333333,""bonds"":0.0,""double_bond_stereochemistry"":0.0,""file_loads"":0.0,""inchi_convertible"":0.0,""internal_steric_clash"":0.03333333333333333,""molecular_formula"":0.0,""no_radicals"":0.0,""planar_aromatic_rings"":0.022222222222222223,""planar_double_bonds"":0.0,""reference_file_loads"":0.0,""sanitisation"":0.0,""tetrahedral_chirality"":0.0}",86,109.38934989639044,1.6516297043742278,2.226926453694635,67.0,77.90697674418605,0.979806390198769,0.046511627906976744,61.545989820107216,0.018117901568415355,0.7761194029850746,21.0,24.41860465116279,0.9324242896109539,0.09302325581395349,17.095011079403143,0.0670632774472688,0.19047619047619047,2.0,2.3255813953488373,0.9902246902198684,0.5581395348837209,1.9864943501521932,0.5067604110329909,0.0,1.0,1.1627906976744187,0.0,1.0,1.0,1.0,0.0,86,24.631407327773683,172.04523693772214,29.408314110715594,20.735227336846517,0.5926340946837755,1.5484789069895744,0.0,0.0,1.0,1.0,0.5268700784340478,1.500601902821624,0.0,0.0,1.0,1.0,1000,0,0,0,0,0,90,0,0,0,0,86,90,90,core
2c3i_2c3i_conf0,generation,flowr_raw,chembl_count,,flowr_raw_chembl_count,FlowR,flowr_raw_chembl_count,5,23,193,0.7,193,193,0,1.0,200,193,7,0.965,"{""all_atoms_connected"":0,""bond_angles"":7,""bond_lengths"":7,""bonds"":0,""double_bond_stereochemistry"":0,""file_loads"":0,""inchi_convertible"":0,""internal_steric_clash"":7,""molecular_formula"":0,""no_radicals"":0,""planar_aromatic_rings"":3,""planar_double_bonds"":0,""reference_file_loads"":0,""sanitisation"":0,""tetrahedral_chirality"":0}","{""all_atoms_connected"":0.0,""bond_angles"":0.035,""bond_lengths"":0.035,""bonds"":0.0,""double_bond_stereochemistry"":0.0,""file_loads"":0.0,""inchi_convertible"":0.0,""internal_steric_clash"":0.035,""molecular_formula"":0.0,""no_radicals"":0.0,""planar_aromatic_rings"":0.015,""planar_double_bonds"":0.0,""reference_file_loads"":0.0,""sanitisation"":0.0,""tetrahedral_chirality"":0.0}",193,113.22258523437277,1.6686240144024382,2.212429121201705,131.0,67.87564766839378,0.97477227119717,0.025906735751295335,115.83968012377454,0.009959998926145668,0.6717557251908397,28.0,14.507772020725389,0.9292707393907308,0.07772020725388601,22.1208399636108,0.05157185427796719,0.14285714285714285,2.0,1.0362694300518134,0.9999806343593635,0.5025906735751295,1.9999731537017686,0.5000134231791458,0.0,1.0,0.5181347150259067,0.0,1.0,1.0,1.0,0.0,193,25.214243763557157,172.04523693772214,29.74880639769251,20.853386305592945,0.5743102871802311,1.6298203763339572,0.0,0.0,1.0,1.0,0.5647416109715248,1.6404679656422727,0.0,0.0,1.0,1.0,1000,0,0,0,0,0,200,0,0,0,0,193,200,200,core
2fvd_2fvd_conf0,generation,flowr_raw,fixed,,flowr_raw_fixed,FlowR,flowr_raw_fixed,7,30,920,0.7,920,920,0,1.0,1000,920,80,0.92,"{""all_atoms_connected"":0,""bond_angles"":70,""bond_lengths"":73,""bonds"":0,""double_bond_stereochemistry"":0,""energy_ratio"":4,""file_loads"":0,""inchi_convertible"":0,""internal_steric_clash"":67,""molecular_formula"":0,""no_radicals"":0,""planar_aromatic_rings"":24,""planar_double_bonds"":0,""reference_file_loads"":0,""sanitisation"":0,""tetrahedral_chirality"":0}","{""all_atoms_connected"":0.0,""bond_angles"":0.07,""bond_lengths"":0.073,""bonds"":0.0,""double_bond_stereochemistry"":0.0,""energy_ratio"":0.004,""file_loads"":0.0,""inchi_convertible"":0.0,""internal_steric_clash"":0.067,""molecular_formula"":0.0,""no_radicals"":0.0,""planar_aromatic_rings"":0.024,""planar_double_bonds"":0.0,""reference_file_loads"":0.0,""sanitisation"":0.0,""tetrahedral_chirality"":0.0}",920,103.80509792082006,2.278995311212652,2.84984558166078,905.0,98.3695652173913,0.9990110588382654,0.003260869565217391,898.9274195903592,0.00112476370510397,0.9845303867403314,400.0,43.47826086956522,0.9615037353290098,0.010869565217391304,317.60724541607004,0.0038823251417769377,0.4625,16.0,1.7391304347826086,0.9059519300976728,0.14347826086956522,12.3274946395607,0.09304111531190927,0.0,2.0,0.21739130434782608,0.9696647239843645,0.6021739130434782,1.9583854220817327,0.5208790170132325,0.0,920,-113.7489587222939,255.04503800120443,-93.13897717148016,32.81840705329949,0.926949387897743,2.2586800157684896,0.0,0.0,0.0,1.0,0.8420212255240038,2.225131456506957,0.0,0.0,0.0,1.0,1000,0,0,0,0,0,1000,0,0,0,0,920,1000,1000,core
2fvd_2fvd_conf0,generation,flowr_raw,dynamic,,flowr_raw_dynamic,FlowR,flowr_raw_dynamic,7,30,123,0.7,123,123,0,1.0,134,123,11,0.917910447761194,"{""all_atoms_connected"":0,""bond_angles"":10,""bond_lengths"":11,""bonds"":0,""double_bond_stereochemistry"":0,""energy_ratio"":0,""file_loads"":0,""inchi_convertible"":0,""internal_steric_clash"":8,""molecular_formula"":0,""no_radicals"":0,""planar_aromatic_rings"":1,""planar_double_bonds"":0,""reference_file_loads"":0,""sanitisation"":0,""tetrahedral_chirality"":0}","{""all_atoms_connected"":0.0,""bond_angles"":0.07462686567164178,""bond_lengths"":0.08208955223880597,""bonds"":0.0,""double_bond_stereochemistry"":0.0,""energy_ratio"":0.0,""file_loads"":0.0,""inchi_convertible"":0.0,""internal_steric_clash"":0.05970149253731343,""molecular_formula"":0.0,""no_radicals"":0.0,""planar_aromatic_rings"":0.007462686567164179,""planar_double_bonds"":0.0,""reference_file_loads"":0.0,""sanitisation"":0.0,""tetrahedral_chirality"":0.0}",123,103.0504392500205,2.2862783737619545,2.857510124143733,123.0,100.0,0.9999999999999998,0.008130081300813009,122.99999999999984,0.008130081300813012,1.0,98.0,79.67479674796748,0.9837885315491561,0.032520325203252036,90.97988362756561,0.012095974618282771,0.7857142857142857,9.0,7.317073170731708,0.9211122573544588,0.17073170731707318,7.567709837811763,0.14429241853394145,0.0,2.0,1.6260162601626016,0.9337044887280268,0.6504065040650406,1.9101745662756056,0.5452442329301341,0.0,123,-110.58973746142367,119.7390339496192,-92.41061349849666,26.69439839478861,0.926949387897743,2.2603093855341068,0.0,0.0,0.0,1.0,0.8420212255240038,2.239060760335558,0.0,0.0,0.0,1.0,1000,0,0,0,0,0,134,0,0,0,0,123,134,134,core
2fvd_2fvd_conf0,generation,flowr_raw,chembl_count,,flowr_raw_chembl_count,FlowR,flowr_raw_chembl_count,7,30,181,0.7,181,181,0,1.0,200,181,19,0.905,"{""all_atoms_connected"":0,""bond_angles"":18,""bond_lengths"":18,""bonds"":0,""double_bond_stereochemistry"":0,""energy_ratio"":1,""file_loads"":0,""inchi_convertible"":0,""internal_steric_clash"":18,""molecular_formula"":0,""no_radicals"":0,""planar_aromatic_rings"":4,""planar_double_bonds"":0,""reference_file_loads"":0,""sanitisation"":0,""tetrahedral_chirality"":0}","{""all_atoms_connected"":0.0,""bond_angles"":0.09,""bond_lengths"":0.09,""bonds"":0.0,""double_bond_stereochemistry"":0.0,""energy_ratio"":0.005,""file_loads"":0.0,""inchi_convertible"":0.0,""internal_steric_clash"":0.09,""molecular_formula"":0.0,""no_radicals"":0.0,""planar_aromatic_rings"":0.02,""planar_double_bonds"":0.0,""reference_file_loads"":0.0,""sanitisation"":0.0,""tetrahedral_chirality"":0.0}",181,104.40289371812592,2.2808229669986986,2.8761262537146224,180.0,99.4475138121547,0.9995919657040699,0.011049723756906077,179.6190009841718,0.005585910076005005,0.9944444444444445,137.0,75.69060773480663,0.9816801109826286,0.022099447513812154,125.19185758648155,0.008943560941363206,0.7445255474452555,10.0,5.524861878453039,0.9183724147702559,0.24861878453038674,8.28652442437438,0.13952565550502122,0.0,2.0,1.1049723756906078,0.9814024043392531,0.580110497237569,1.974383720810519,0.512835383535301,0.0,181,-109.7284398142821,64.71355977053403,-92.84839695428882,25.311921889780013,0.9308164293066256,2.2442713306457063,0.0,0.0,0.0,1.0,0.8942307820148798,2.2197491135820933,0.0,0.0,0.0,1.0,1000,0,0,0,0,0,200,0,0,0,0,181,200,200,core
2hb1_2hb1_conf0,generation,flowr_raw,fixed,,flowr_raw_fixed,FlowR,flowr_raw_fixed,4,14,995,0.7,995,995,0,1.0,1000,995,5,0.995,"{""all_atoms_connected"":0,""bond_angles"":5,""bond_lengths"":5,""bonds"":0,""double_bond_stereochemistry"":0,""energy_ratio"":0,""file_loads"":0,""inchi_convertible"":0,""internal_steric_clash"":5,""molecular_formula"":0,""no_radicals"":0,""planar_aromatic_rings"":0,""planar_double_bonds"":0,""reference_file_loads"":0,""sanitisation"":0,""tetrahedral_chirality"":0}","{""all_atoms_connected"":0.0,""bond_angles"":0.005,""bond_lengths"":0.005,""bonds"":0.0,""double_bond_stereochemistry"":0.0,""energy_ratio"":0.0,""file_loads"":0.0,""inchi_convertible"":0.0,""internal_steric_clash"":0.005,""molecular_formula"":0.0,""no_radicals"":0.0,""planar_aromatic_rings"":0.0,""planar_double_bonds"":0.0,""reference_file_loads"":0.0,""sanitisation"":0.0,""tetrahedral_chirality"":0.0}",995,102.40033624543375,0.604119500255659,1.0646316390009356,8.0,0.8040201005025126,0.6280208474118455,0.43517587939698493,3.691129981227548,0.3565576626852857,0.0,2.0,0.20100502512562815,0.99946877412445,0.5135678391959799,1.9992637001318918,0.5003681725208959,0.0,1.0,0.10050251256281408,0.0,1.0,1.0,1.0,0.0,1.0,0.10050251256281408,0.0,1.0,1.0,1.0,0.0,995,127.12043098499281,194.5918097145117,127.12045104949394,3.662483019164527,0.6123016484466755,0.9592296183896102,0.0,0.0,1.0,1.0,0.6889941431377193,0.9970616099222601,0.0,0.0,1.0,1.0,1000,0,0,0,0,0,1000,0,0,0,0,995,1000,1000,core
2hb1_2hb1_conf0,generation,flowr_raw,dynamic,,flowr_raw_dynamic,FlowR,flowr_raw_dynamic,4,14,68,0.7,68,68,0,1.0,68,68,0,1.0,"{""all_atoms_connected"":0,""bond_angles"":0,""bond_lengths"":0,""bonds"":0,""double_bond_stereochemistry"":0,""energy_ratio"":0,""file_loads"":0,""inchi_convertible"":0,""internal_steric_clash"":0,""molecular_formula"":0,""no_radicals"":0,""planar_aromatic_rings"":0,""planar_double_bonds"":0,""reference_file_loads"":0,""sanitisation"":0,""tetrahedral_chirality"":0}","{""all_atoms_connected"":0.0,""bond_angles"":0.0,""bond_lengths"":0.0,""bonds"":0.0,""double_bond_stereochemistry"":0.0,""energy_ratio"":0.0,""file_loads"":0.0,""inchi_convertible"":0.0,""internal_steric_clash"":0.0,""molecular_formula"":0.0,""no_radicals"":0.0,""planar_aromatic_rings"":0.0,""planar_double_bonds"":0.0,""reference_file_loads"":0.0,""sanitisation"":0.0,""tetrahedral_chirality"":0.0}",68,100.09273574583334,0.6779931289844492,1.316605660950215,7.0,10.294117647058824,0.7370845754383337,0.45588235294117646,4.196707780224113,0.30968858131487886,0.14285714285714285,2.0,2.9411764705882355,0.9993759069576513,0.5147058823529411,1.9991350104402625,0.500432525951557,0.0,1.0,1.4705882352941178,0.0,1.0,1.0,1.0,0.0,1.0,1.4705882352941178,0.0,1.0,1.0,1.0,0.0,68,127.12043640283343,138.4467485296492,127.12049543520823,3.907243059631474,0.6306026044609928,0.8044881814340057,0.0,0.0,1.0,1.0,0.6966786478621783,0.8036916357427475,0.0,0.0,1.0,1.0,1000,0,0,0,0,0,68,0,0,0,0,68,68,68,core
2hb1_2hb1_conf0,generation,flowr_raw,chembl_count,,flowr_raw_chembl_count,FlowR,flowr_raw_chembl_count,4,14,38,0.7,38,38,0,1.0,38,38,0,1.0,"{""all_atoms_connected"":0,""bond_angles"":0,""bond_lengths"":0,""bonds"":0,""double_bond_stereochemistry"":0,""energy_ratio"":0,""file_loads"":0,""inchi_convertible"":0,""internal_steric_clash"":0,""molecular_formula"":0,""no_radicals"":0,""planar_aromatic_rings"":0,""planar_double_bonds"":0,""reference_file_loads"":0,""sanitisation"":0,""tetrahedral_chirality"":0}","{""all_atoms_connected"":0.0,""bond_angles"":0.0,""bond_lengths"":0.0,""bonds"":0.0,""double_bond_stereochemistry"":0.0,""energy_ratio"":0.0,""file_loads"":0.0,""inchi_convertible"":0.0,""internal_steric_clash"":0.0,""molecular_formula"":0.0,""no_radicals"":0.0,""planar_aromatic_rings"":0.0,""planar_double_bonds"":0.0,""reference_file_loads"":0.0,""sanitisation"":0.0,""tetrahedral_chirality"":0.0}",38,103.46504856950905,0.6344013948295076,1.098669741364039,6.0,15.789473684210526,0.6490905170209302,0.47368421052631576,3.1995624953592428,0.38504155124653733,0.5,2.0,5.2631578947368425,0.7897492536625224,0.7631578947368421,1.7287739684700894,0.6385041551246537,0.0,1.0,2.6315789473684212,0.0,1.0,1.0,1.0,0.0,1.0,2.6315789473684212,0.0,1.0,1.0,1.0,0.0,38,127.12043098499281,138.44673076063856,127.1205457441236,3.0387117075083614,0.7415390264111678,0.9157138386171202,0.0,0.0,1.0,1.0,0.7426862380212973,0.8955096725870654,0.0,0.0,1.0,1.0,1000,0,0,0,0,0,38,0,0,0,0,38,38,38,core
2p4y_2p4y_conf0,generation,flowr_raw,fixed,,flowr_raw_fixed,FlowR,flowr_raw_fixed,8,40,694,0.7,694,694,0,1.0,1000,694,306,0.694,"{""all_atoms_connected"":0,""bond_angles"":134,""bond_lengths"":137,""bonds"":0,""double_bond_stereochemistry"":0,""energy_ratio"":6,""file_loads"":0,""inchi_convertible"":0,""internal_steric_clash"":178,""molecular_formula"":0,""no_radicals"":0,""planar_aromatic_rings"":268,""planar_double_bonds"":0,""reference_file_loads"":0,""sanitisation"":0,""tetrahedral_chirality"":3}","{""all_atoms_connected"":0.0,""bond_angles"":0.134,""bond_lengths"":0.137,""bonds"":0.0,""double_bond_stereochemistry"":0.0,""energy_ratio"":0.006,""file_loads"":0.0,""inchi_convertible"":0.0,""internal_steric_clash"":0.178,""molecular_formula"":0.0,""no_radicals"":0.0,""planar_aromatic_rings"":0.268,""planar_double_bonds"":0.0,""reference_file_loads"":0.0,""sanitisation"":0.0,""tetrahedral_chirality"":0.003}",694,102.10101951970272,2.9784659617077462,3.870335097733471,694.0,100.0,0.9999999999999999,0.001440922190201729,693.9999999999995,0.001440922190201729,1.0,608.0,87.60806916426513,0.991298944475141,0.005763688760806916,575.0169935692536,0.0018935461634927622,0.8898026315789473,58.0,8.357348703170029,0.913598241302507,0.07060518731988473,40.83802339378638,0.03056249948093581,0.06896551724137931,7.0,1.0086455331412103,0.8743112880258384,0.3472622478386167,5.481239211073007,0.2142738499613816,0.0,694,136.17118090603878,552.4728703357642,172.50391570754311,50.25566997586331,1.1655608138181448,2.921976479417178,0.0,0.0,0.0,1.0,1.1899492152048763,2.856890196702514,0.0,0.0,0.0,1.0,1000,0,0,0,0,0,1000,0,0,0,0,694,1000,1000,core
2p4y_2p4y_conf0,generation,flowr_raw,dynamic,,flowr_raw_dynamic,FlowR,flowr_raw_dynamic,8,40,98,0.7,98,98,0,1.0,156,98,58,0.6282051282051282,"{""all_atoms_connected"":0,""bond_angles"":28,""bond_lengths"":29,""bonds"":0,""double_bond_stereochemistry"":0,""energy_ratio"":2,""file_loads"":0,""inchi_convertible"":0,""internal_steric_clash"":32,""molecular_formula"":0,""no_radicals"":0,""planar_aromatic_rings"":52,""planar_double_bonds"":0,""reference_file_loads"":0,""sanitisation"":0,""tetrahedral_chirality"":0}","{""all_atoms_connected"":0.0,""bond_angles"":0.1794871794871795,""bond_lengths"":0.1858974358974359,""bonds"":0.0,""double_bond_stereochemistry"":0.0,""energy_ratio"":0.01282051282051282,""file_loads"":0.0,""inchi_convertible"":0.0,""internal_steric_clash"":0.20512820512820512,""molecular_formula"":0.0,""no_radicals"":0.0,""planar_aromatic_rings"":0.3333333333333333,""planar_double_bonds"":0.0,""reference_file_loads"":0.0,""sanitisation"":0.0,""tetrahedral_chirality"":0.0}",98,99.26428738823627,2.9635101007938522,3.824782039592031,98.0,100.0,0.9999999999999997,0.01020408163265306,97.99999999999986,0.010204081632653059,1.0,98.0,100.0,0.9999999999999997,0.01020408163265306,97.99999999999986,0.010204081632653059,1.0,28.0,28.571428571428573,0.9202026694725506,0.11224489795918367,21.462419714691787,0.05685131195335276,0.2857142857142857,4.0,4.081632653061225,0.9450570238909384,0.3469387755102041,3.7066452533241816,0.282798833819242,0.0,98,142.50517898406326,364.7626129703829,183.15219270331824,50.38349055258494,1.4023295296142408,2.9192939774057067,0.0,0.0,0.0,1.0,1.3474787297207624,2.869640454880713,0.0,0.0,0.0,1.0,1000,0,0,0,0,0,156,0,0,0,0,98,156,156,core
2p4y_2p4y_conf0,generation,flowr_raw,chembl_count,,flowr_raw_chembl_count,FlowR,flowr_raw_chembl_count,8,40,120,0.7,120,120,0,1.0,174,120,54,0.6896551724137931,"{""all_atoms_connected"":0,""bond_angles"":21,""bond_lengths"":24,""bonds"":0,""double_bond_stereochemistry"":0,""energy_ratio"":0,""file_loads"":0,""inchi_convertible"":0,""internal_steric_clash"":30,""molecular_formula"":0,""no_radicals"":0,""planar_aromatic_rings"":46,""planar_double_bonds"":0,""reference_file_loads"":0,""sanitisation"":0,""tetrahedral_chirality"":1}","{""all_atoms_connected"":0.0,""bond_angles"":0.1206896551724138,""bond_lengths"":0.13793103448275862,""bonds"":0.0,""double_bond_stereochemistry"":0.0,""energy_ratio"":0.0,""file_loads"":0.0,""inchi_convertible"":0.0,""internal_steric_clash"":0.1724137931034483,""molecular_formula"":0.0,""no_radicals"":0.0,""planar_aromatic_rings"":0.26436781609195403,""planar_double_bonds"":0.0,""reference_file_loads"":0.0,""sanitisation"":0.0,""tetrahedral_chirality"":0.005747126436781609}",120,101.48093294151033,2.9585178242864023,3.838074872275667,120.0,100.0,0.9999999999999998,0.008333333333333333,119.99999999999987,0.008333333333333333,1.0,115.0,95.83333333333333,0.9967960235854605,0.016666666666666666,113.26491752180318,0.00902777777777778,0.9565217391304348,27.0,22.5,0.9341061942329194,0.11666666666666667,21.729301118973527,0.0551388888888889,0.07407407407407407,6.0,5.0,0.895306183885354,0.3,4.973746270066982,0.21861111111111112,0.0,120,138.53701109059296,480.59739246486697,176.17119751537467,58.86261603091298,1.4023295296142408,2.930038182855018,0.0,0.0,0.0,1.0,1.3474787297207624,2.843268735117685,0.0,0.0,0.0,1.0,1000,0,0,0,0,0,174,0,0,0,0,120,174,174,core
2pog_2pog_conf0,generation,flowr_raw,fixed,,flowr_raw_fixed,FlowR,flowr_raw_fixed,3,21,909,0.7,909,909,0,1.0,1000,909,91,0.909,"{""all_atoms_connected"":0,""bond_angles"":88,""bond_lengths"":88,""bonds"":0,""double_bond_stereochemistry"":0,""energy_ratio"":29,""file_loads"":0,""inchi_convertible"":0,""internal_steric_clash"":78,""molecular_formula"":0,""no_radicals"":0,""planar_aromatic_rings"":26,""planar_double_bonds"":0,""reference_file_loads"":0,""sanitisation"":0,""tetrahedral_chirality"":5}","{""all_atoms_connected"":0.0,""bond_angles"":0.088,""bond_lengths"":0.088,""bonds"":0.0,""double_bond_stereochemistry"":0.0,""energy_ratio"":0.029,""file_loads"":0.0,""inchi_convertible"":0.0,""internal_steric_clash"":0.078,""molecular_formula"":0.0,""no_radicals"":0.0,""planar_aromatic_rings"":0.026,""planar_double_bonds"":0.0,""reference_file_loads"":0.0,""sanitisation"":0.0,""tetrahedral_chirality"":0.005}",909,112.56894228097853,0.9381292193507192,1.5646284506154293,43.0,4.730473047304731,0.5492666303905354,0.3388338833883388,7.892411386044785,0.2243897657092442,0.4418604651162791,5.0,0.5500550055005501,0.5305267818358325,0.5324532453245324,2.348671657582312,0.46677946122445024,0.2,1.0,0.11001100110011001,0.0,1.0,1.0,1.0,0.0,1.0,0.11001100110011001,0.0,1.0,1.0,1.0,0.0,909,35.5207817469419,302.11550722484833,42.91322401840703,17.971961691797617,0.14913453929769332,0.6798235773815013,1.0,1.0,1.0,1.0,0.14797139246794613,0.689570289097105,1.0,1.0,1.0,1.0,1000,0,0,0,0,0,1000,0,0,0,0,909,1000,1000,core
2pog_2pog_conf0,generation,flowr_raw,dynamic,,flowr_raw_dynamic,FlowR,flowr_raw_dynamic,3,21,39,0.7,39,39,0,1.0,46,39,7,0.8478260869565217,"{""all_atoms_connected"":0,""bond_angles"":7,""bond_lengths"":7,""bonds"":0,""double_bond_stereochemistry"":0,""energy_ratio"":2,""file_loads"":0,""inchi_convertible"":0,""internal_steric_clash"":5,""molecular_formula"":0,""no_radicals"":0,""planar_aromatic_rings"":1,""planar_double_bonds"":0,""reference_file_loads"":0,""sanitisation"":0,""tetrahedral_chirality"":1}","{""all_atoms_connected"":0.0,""bond_angles"":0.15217391304347827,""bond_lengths"":0.15217391304347827,""bonds"":0.0,""double_bond_stereochemistry"":0.0,""energy_ratio"":0.043478260869565216,""file_loads"":0.0,""inchi_convertible"":0.0,""internal_steric_clash"":0.10869565217391304,""molecular_formula"":0.0,""no_radicals"":0.0,""planar_aromatic_rings"":0.021739130434782608,""planar_double_bonds"":0.0,""reference_file_loads"":0.0,""sanitisation"":0.0,""tetrahedral_chirality"":0.021739130434782608}",39,105.39654545481518,0.8492724273708927,1.474119270748912,6.0,15.384615384615385,0.6230053576450839,0.6153846153846154,3.0534611452515965,0.4398422090729783,0.5,3.0,7.6923076923076925,0.6196938292313751,0.717948717948718,1.9754638983361983,0.5818540433925049,0.3333333333333333,1.0,2.5641025641025643,0.0,1.0,1.0,1.0,0.0,1.0,2.5641025641025643,0.0,1.0,1.0,1.0,0.0,39,35.527042223438464,190.08178351412985,44.59117268400593,23.445139348319323,0.23387987912273558,1.2424181456547012,1.0,1.0,1.0,1.0,0.23547487008621926,1.2335015835384875,1.0,1.0,1.0,1.0,1000,0,0,0,0,0,46,0,0,0,0,39,46,46,core
2pog_2pog_conf0,generation,flowr_raw,chembl_count,,flowr_raw_chembl_count,FlowR,flowr_raw_chembl_count,3,21,10,0.7,10,10,0,1.0,10,10,0,1.0,"{""all_atoms_connected"":0,""bond_angles"":0,""bond_lengths"":0,""bonds"":0,""double_bond_stereochemistry"":0,""energy_ratio"":0,""file_loads"":0,""inchi_convertible"":0,""internal_steric_clash"":0,""molecular_formula"":0,""no_radicals"":0,""planar_aromatic_rings"":0,""planar_double_bonds"":0,""reference_file_loads"":0,""sanitisation"":0,""tetrahedral_chirality"":0}","{""all_atoms_connected"":0.0,""bond_angles"":0.0,""bond_lengths"":0.0,""bonds"":0.0,""double_bond_stereochemistry"":0.0,""energy_ratio"":0.0,""file_loads"":0.0,""inchi_convertible"":0.0,""internal_steric_clash"":0.0,""molecular_formula"":0.0,""no_radicals"":0.0,""planar_aromatic_rings"":0.0,""planar_double_bonds"":0.0,""reference_file_loads"":0.0,""sanitisation"":0.0,""tetrahedral_chirality"":0.0}",10,113.31754133449344,1.033648739067727,1.8289372120898089,4.0,40.0,0.8427376486136672,0.5,3.216463455324144,0.36,0.5,2.0,20.0,0.9709505944546688,0.6,1.9601317042077895,0.52,0.0,1.0,10.0,0.0,1.0,1.0,1.0,0.0,1.0,10.0,0.0,1.0,1.0,1.0,0.0,10,35.724110672932355,174.3712486603883,42.46670861886016,40.11790629918936,0.27502224531581626,0.5980270431400067,0.0,1.0,1.0,1.0,0.2636457529114876,0.5958806899680744,0.0,1.0,1.0,1.0,1000,0,0,0,0,0,10,0,0,0,0,10,10,10,core
2qbp_2qbp_conf0,generation,flowr_raw,fixed,,flowr_raw_fixed,FlowR,flowr_raw_fixed,10,37,723,0.7,723,723,0,1.0,1000,723,277,0.723,"{""all_atoms_connected"":0,""bond_angles"":132,""bond_lengths"":127,""bonds"":0,""double_bond_stereochemistry"":0,""energy_ratio"":2,""file_loads"":0,""inchi_convertible"":0,""internal_steric_clash"":154,""molecular_formula"":0,""no_radicals"":0,""planar_aromatic_rings"":226,""planar_double_bonds"":0,""reference_file_loads"":0,""sanitisation"":0,""tetrahedral_chirality"":0}","{""all_atoms_connected"":0.0,""bond_angles"":0.132,""bond_lengths"":0.127,""bonds"":0.0,""double_bond_stereochemistry"":0.0,""energy_ratio"":0.002,""file_loads"":0.0,""inchi_convertible"":0.0,""internal_steric_clash"":0.154,""molecular_formula"":0.0,""no_radicals"":0.0,""planar_aromatic_rings"":0.226,""planar_double_bonds"":0.0,""reference_file_loads"":0.0,""sanitisation"":0.0,""tetrahedral_chirality"":0.0}",723,106.84805114972978,3.0617413960121964,3.8427753731493905,722.0,99.86168741355463,0.9999189707864344,0.0027662517289073307,721.6150338438155,0.0013869519387675064,0.9986149584487535,656.0,90.73305670816045,0.993688253201365,0.006915629322268326,629.6863160462638,0.00169686395818866,0.9146341463414634,58.0,8.022130013831259,0.91151452250122,0.06915629322268327,40.493957761229154,0.030430682055137555,0.1206896551724138,8.0,1.1065006915629323,0.8741144925088252,0.2697095435684647,6.157494685431303,0.18110148853421176,0.0,723,135.7438135458076,681.8322575629202,168.39568412578086,45.57101236711505,1.4987112649114116,3.4674966578603117,0.0,0.0,0.0,1.0,1.4656939611389157,3.5313601278423365,0.0,0.0,0.0,1.0,1000,0,0,0,0,0,1000,0,0,0,0,723,1000,1000,core
2qbp_2qbp_conf0,generation,flowr_raw,dynamic,,flowr_raw_dynamic,FlowR,flowr_raw_dynamic,10,37,153,0.7,153,153,0,1.0,200,153,47,0.765,"{""all_atoms_connected"":0,""bond_angles"":21,""bond_lengths"":18,""bonds"":0,""double_bond_stereochemistry"":0,""energy_ratio"":1,""file_loads"":0,""inchi_convertible"":0,""internal_steric_clash"":23,""molecular_formula"":0,""no_radicals"":0,""planar_aromatic_rings"":41,""planar_double_bonds"":0,""reference_file_loads"":0,""sanitisation"":0,""tetrahedral_chirality"":0}","{""all_atoms_connected"":0.0,""bond_angles"":0.105,""bond_lengths"":0.09,""bonds"":0.0,""double_bond_stereochemistry"":0.0,""energy_ratio"":0.005,""file_loads"":0.0,""inchi_convertible"":0.0,""internal_steric_clash"":0.115,""molecular_formula"":0.0,""no_radicals"":0.0,""planar_aromatic_rings"":0.205,""planar_double_bonds"":0.0,""reference_file_loads"":0.0,""sanitisation"":0.0,""tetrahedral_chirality"":0.0}",153,107.85285966878436,2.969074200830099,3.7399409704917206,153.0,100.0,1.0,0.006535947712418301,152.99999999999997,0.006535947712418303,1.0,149.0,97.38562091503267,0.9980512631850912,0.013071895424836602,147.55410639876658,0.00687769661241403,0.9731543624161074,37.0,24.18300653594771,0.9270794456243027,0.0915032679738562,28.434630230545196,0.04318851723696014,0.16216216216216217,4.0,2.6143790849673203,0.9860008285842781,0.29411764705882354,3.923120522289954,0.25900294758426246,0.0,153,137.788227167883,502.01435643188614,168.9710416161111,44.68730676849521,1.5937323640862717,3.5435262419850946,0.0,0.0,0.0,1.0,1.6809281670524803,3.5834473154730926,0.0,0.0,0.0,1.0,1000,0,0,0,0,0,200,0,0,0,0,153,200,200,core
2qbp_2qbp_conf0,generation,flowr_raw,chembl_count,,flowr_raw_chembl_count,FlowR,flowr_raw_chembl_count,10,37,143,0.7,143,143,0,1.0,200,143,57,0.715,"{""all_atoms_connected"":0,""bond_angles"":20,""bond_lengths"":20,""bonds"":0,""double_bond_stereochemistry"":0,""energy_ratio"":0,""file_loads"":0,""inchi_convertible"":0,""internal_steric_clash"":22,""molecular_formula"":0,""no_radicals"":0,""planar_aromatic_rings"":46,""planar_double_bonds"":0,""reference_file_loads"":0,""sanitisation"":0,""tetrahedral_chirality"":0}","{""all_atoms_connected"":0.0,""bond_angles"":0.1,""bond_lengths"":0.1,""bonds"":0.0,""double_bond_stereochemistry"":0.0,""energy_ratio"":0.0,""file_loads"":0.0,""inchi_convertible"":0.0,""internal_steric_clash"":0.11,""molecular_formula"":0.0,""no_radicals"":0.0,""planar_aromatic_rings"":0.23,""planar_double_bonds"":0.0,""reference_file_loads"":0.0,""sanitisation"":0.0,""tetrahedral_chirality"":0.0}",143,107.54282251221449,2.944146461329656,3.7096572057847372,143.0,100.0,0.9999999999999998,0.006993006993006993,142.99999999999983,0.006993006993006994,1.0,140.0,97.9020979020979,0.9984052081958878,0.013986013986013986,138.90101147550732,0.007286419873832462,0.9785714285714285,30.0,20.97902097902098,0.9482972909983391,0.1048951048951049,25.16228542052378,0.046212528730011256,0.1,5.0,3.4965034965034967,0.8075514915258537,0.4965034965034965,3.6682106677633075,0.3295515673138051,0.0,143,135.7438135458076,458.87988049408966,168.3968546219292,37.72281776699455,1.7933813032154369,3.4188635946868287,0.0,0.0,0.0,1.0,1.843597536647042,3.510218596777712,0.0,0.0,0.0,1.0,1000,0,0,0,0,0,200,0,0,0,0,143,200,200,core
2qbq_2qbq_conf0,generation,flowr_raw,fixed,,flowr_raw_fixed,FlowR,flowr_raw_fixed,7,31,781,0.7,781,781,0,1.0,1000,781,219,0.781,"{""all_atoms_connected"":0,""bond_angles"":90,""bond_lengths"":80,""bonds"":0,""double_bond_stereochemistry"":0,""energy_ratio"":0,""file_loads"":0,""inchi_convertible"":0,""internal_steric_clash"":108,""molecular_formula"":0,""no_radicals"":0,""planar_aromatic_rings"":193,""planar_double_bonds"":0,""reference_file_loads"":0,""sanitisation"":0,""tetrahedral_chirality"":0}","{""all_atoms_connected"":0.0,""bond_angles"":0.09,""bond_lengths"":0.08,""bonds"":0.0,""double_bond_stereochemistry"":0.0,""energy_ratio"":0.0,""file_loads"":0.0,""inchi_convertible"":0.0,""internal_steric_clash"":0.108,""molecular_formula"":0.0,""no_radicals"":0.0,""planar_aromatic_rings"":0.193,""planar_double_bonds"":0.0,""reference_file_loads"":0.0,""sanitisation"":0.0,""tetrahedral_chirality"":0.0}",781,108.41999594393927,2.318729028735071,3.0576383020327196,767.0,98.20742637644047,0.9987802847243361,0.0038412291933418692,760.8109156685183,0.0013328721016589587,0.984354628422425,288.0,36.875800256081945,0.9480726288493684,0.015364916773367477,214.62618264172224,0.005985628589368828,0.4340277777777778,11.0,1.408450704225352,0.8472516072124886,0.2087067861715749,7.626435932695081,0.14953906889128976,0.0,2.0,0.2560819462227913,0.8760643678555243,0.704225352112676,1.8353616500210728,0.583415988891093,0.0,781,186.25065384368196,549.3471143100993,206.63269818735225,28.038013776953285,0.7317202748567007,2.2198550982286904,0.0,0.0,1.0,1.0,0.7032258309730611,2.22174305845811,0.0,0.0,1.0,1.0,1000,0,0,0,0,0,1000,0,0,0,0,781,1000,1000,core
2qbq_2qbq_conf0,generation,flowr_raw,dynamic,,flowr_raw_dynamic,FlowR,flowr_raw_dynamic,7,31,101,0.7,101,101,0,1.0,134,101,33,0.753731343283582,"{""all_atoms_connected"":0,""bond_angles"":8,""bond_lengths"":9,""bonds"":0,""double_bond_stereochemistry"":0,""energy_ratio"":0,""file_loads"":0,""inchi_convertible"":0,""internal_steric_clash"":12,""molecular_formula"":0,""no_radicals"":0,""planar_aromatic_rings"":30,""planar_double_bonds"":0,""reference_file_loads"":0,""sanitisation"":0,""tetrahedral_chirality"":0}","{""all_atoms_connected"":0.0,""bond_angles"":0.05970149253731343,""bond_lengths"":0.06716417910447761,""bonds"":0.0,""double_bond_stereochemistry"":0.0,""energy_ratio"":0.0,""file_loads"":0.0,""inchi_convertible"":0.0,""internal_steric_clash"":0.08955223880597014,""molecular_formula"":0.0,""no_radicals"":0.0,""planar_aromatic_rings"":0.22388059701492538,""planar_double_bonds"":0.0,""reference_file_loads"":0.0,""sanitisation"":0.0,""tetrahedral_chirality"":0.0}",101,108.48023819398477,2.2982009015717884,3.0403606487034236,100.0,99.00990099009901,0.9991801918847474,0.019801980198019802,99.62317618053623,0.010097049308891288,0.99,72.0,71.2871287128713,0.9755884023380148,0.039603960396039604,64.86225492983927,0.0173512400745025,0.7083333333333334,7.0,6.930693069306931,0.8730993322426391,0.31683168316831684,5.468327722823002,0.20596019998039408,0.14285714285714285,2.0,1.9801980198019802,0.9622623958249239,0.6138613861386139,1.9483628710094671,0.525928830506813,0.0,101,189.7693233882011,549.3471143100993,203.64166784039406,39.961622090119874,1.210792893010227,2.302798704891417,0.0,0.0,0.0,1.0,1.2588964113193857,2.2947410938103987,0.0,0.0,0.0,1.0,1000,0,0,0,0,0,134,0,0,0,0,101,134,134,core
2qbq_2qbq_conf0,generation,flowr_raw,chembl_count,,flowr_raw_chembl_count,FlowR,flowr_raw_chembl_count,7,31,161,0.7,161,161,0,1.0,200,161,39,0.805,"{""all_atoms_connected"":0,""bond_angles"":20,""bond_lengths"":19,""bonds"":0,""double_bond_stereochemistry"":0,""energy_ratio"":0,""file_loads"":0,""inchi_convertible"":0,""internal_steric_clash"":23,""molecular_formula"":0,""no_radicals"":0,""planar_aromatic_rings"":36,""planar_double_bonds"":0,""reference_file_loads"":0,""sanitisation"":0,""tetrahedral_chirality"":0}","{""all_atoms_connected"":0.0,""bond_angles"":0.1,""bond_lengths"":0.095,""bonds"":0.0,""double_bond_stereochemistry"":0.0,""energy_ratio"":0.0,""file_loads"":0.0,""inchi_convertible"":0.0,""internal_steric_clash"":0.115,""molecular_formula"":0.0,""no_radicals"":0.0,""planar_aromatic_rings"":0.18,""planar_double_bonds"":0.0,""reference_file_loads"":0.0,""sanitisation"":0.0,""tetrahedral_chirality"":0.0}",161,107.99459515488793,2.3069183202782098,3.0521986389132616,160.0,99.37888198757764,0.9995310556213205,0.012422360248447204,159.61965690587616,0.006288337641294703,0.99375,113.0,70.1863354037267,0.9736535291261126,0.037267080745341616,99.7670365070269,0.01176652135334285,0.7079646017699115,10.0,6.211180124223603,0.8908400510097173,0.2422360248447205,7.777500559259633,0.1489525867057598,0.0,2.0,1.2422360248447204,0.91409927360838,0.6708074534161491,1.884392210678714,0.5583503722850199,0.0,161,188.07219222685814,549.3471143100993,206.55965276206004,33.725371923034395,1.210792893010227,2.216330525089533,0.0,0.0,0.0,1.0,1.2588964113193857,2.2081054658161308,0.0,0.0,0.0,1.0,1000,0,0,0,0,0,200,0,0,0,0,161,200,200,core
2qbr_2qbr_conf0,generation,flowr_raw,fixed,,flowr_raw_fixed,FlowR,flowr_raw_fixed,8,28,883,0.7,883,883,0,1.0,1000,883,117,0.883,"{""all_atoms_connected"":0,""bond_angles"":84,""bond_lengths"":85,""bonds"":0,""double_bond_stereochemistry"":0,""file_loads"":0,""inchi_convertible"":0,""internal_steric_clash"":85,""molecular_formula"":0,""no_radicals"":0,""planar_aromatic_rings"":76,""planar_double_bonds"":0,""reference_file_loads"":0,""sanitisation"":0,""tetrahedral_chirality"":0}","{""all_atoms_connected"":0.0,""bond_angles"":0.084,""bond_lengths"":0.085,""bonds"":0.0,""double_bond_stereochemistry"":0.0,""file_loads"":0.0,""inchi_convertible"":0.0,""internal_steric_clash"":0.085,""molecular_formula"":0.0,""no_radicals"":0.0,""planar_aromatic_rings"":0.076,""planar_double_bonds"":0.0,""reference_file_loads"":0.0,""sanitisation"":0.0,""tetrahedral_chirality"":0.0}",883,106.56852580381087,2.257450406135903,3.085327716103469,709.0,80.29445073612683,0.9853051733374742,0.009060022650056626,643.8081688869885,0.0018045656665670543,0.8293370944992948,137.0,15.515288788221971,0.9319456455407118,0.022650056625141562,98.01835920671579,0.012226669864522907,0.23357664233576642,7.0,0.7927519818799547,0.9433750277806272,0.20838052095130238,6.269665731878889,0.1669088572494931,0.0,2.0,0.22650056625141562,0.9923250193974741,0.551528878822197,1.989388468791193,0.5053104507053453,0.0,883,167.31144339401757,358.539973817562,176.79163701227168,14.456519923183471,0.6980886511735538,2.024141404787079,0.0,0.0,1.0,1.0,0.7443925784980615,2.019339042805803,0.0,0.0,1.0,1.0,1000,0,0,0,0,0,1000,0,0,0,0,883,1000,1000,core
2qbr_2qbr_conf0,generation,flowr_raw,dynamic,,flowr_raw_dynamic,FlowR,flowr_raw_dynamic,8,28,142,0.7,142,142,0,1.0,156,142,14,0.9102564102564102,"{""all_atoms_connected"":0,""bond_angles"":11,""bond_lengths"":11,""bonds"":0,""double_bond_stereochemistry"":0,""file_loads"":0,""inchi_convertible"":0,""internal_steric_clash"":11,""molecular_formula"":0,""no_radicals"":0,""planar_aromatic_rings"":11,""planar_double_bonds"":0,""reference_file_loads"":0,""sanitisation"":0,""tetrahedral_chirality"":0}","{""all_atoms_connected"":0.0,""bond_angles"":0.07051282051282051,""bond_lengths"":0.07051282051282051,""bonds"":0.0,""double_bond_stereochemistry"":0.0,""file_loads"":0.0,""inchi_convertible"":0.0,""internal_steric_clash"":0.07051282051282051,""molecular_formula"":0.0,""no_radicals"":0.0,""planar_aromatic_rings"":0.07051282051282051,""planar_double_bonds"":0.0,""reference_file_loads"":0.0,""sanitisation"":0.0,""tetrahedral_chirality"":0.0}",142,107.46300941354885,2.257662606554092,3.086122234985912,138.0,97.1830985915493,0.9978736282706198,0.014084507042253521,136.56169796091828,0.00743900019837334,0.9710144927536232,63.0,44.36619718309859,0.9459590577747362,0.06338028169014084,50.361944579912084,0.024499107319976187,0.4603174603174603,6.0,4.225352112676056,0.7980625873328209,0.39436619718309857,4.1784325906036335,0.27940884745090255,0.0,2.0,1.408450704225352,0.9994275398149995,0.5140845070422535,1.999206559102321,0.5003967466772465,0.0,142,167.40822469787219,336.87094932467045,176.98095179910723,15.967754072172905,0.782710351254831,1.966087760845082,0.0,0.0,0.0,1.0,0.8363899876265561,1.9596538974995332,0.0,0.0,0.0,1.0,1000,0,0,0,0,0,156,0,0,0,0,142,156,156,core
2qbr_2qbr_conf0,generation,flowr_raw,chembl_count,,flowr_raw_chembl_count,FlowR,flowr_raw_chembl_count,8,28,173,0.7,173,173,0,1.0,200,173,27,0.865,"{""all_atoms_connected"":0,""bond_angles"":19,""bond_lengths"":19,""bonds"":0,""double_bond_stereochemistry"":0,""file_loads"":0,""inchi_convertible"":0,""internal_steric_clash"":19,""molecular_formula"":0,""no_radicals"":0,""planar_aromatic_rings"":17,""planar_double_bonds"":0,""reference_file_loads"":0,""sanitisation"":0,""tetrahedral_chirality"":0}","{""all_atoms_connected"":0.0,""bond_angles"":0.095,""bond_lengths"":0.095,""bonds"":0.0,""double_bond_stereochemistry"":0.0,""file_loads"":0.0,""inchi_convertible"":0.0,""internal_steric_clash"":0.095,""molecular_formula"":0.0,""no_radicals"":0.0,""planar_aromatic_rings"":0.085,""planar_double_bonds"":0.0,""reference_file_loads"":0.0,""sanitisation"":0.0,""tetrahedral_chirality"":0.0}",173,105.2063871117458,2.2757789229615875,3.128358781219185,165.0,95.3757225433526,0.9967175565989663,0.011560693641618497,162.25764885451454,0.0063149453707106815,0.9515151515151515,65.0,37.57225433526011,0.9560850165975077,0.05202312138728324,54.11271155076992,0.021417354405426175,0.3230769230769231,5.0,2.8901734104046244,0.993703568571072,0.24855491329479767,4.949587288179891,0.20411640883424104,0.0,2.0,1.1560693641618498,0.995922926919754,0.5375722543352601,1.994355955403316,0.502823348591667,0.0,173,167.34728806735967,278.7241335077632,176.67680037047955,12.42538906053624,0.9837280035870489,2.1707711847153806,0.0,0.0,0.0,1.0,0.9345024727649314,2.1496277334873,0.0,0.0,0.0,1.0,1000,0,0,0,0,0,200,0,0,0,0,173,200,200,core
2v00_2v00_conf0,generation,flowr_raw,fixed,,flowr_raw_fixed,FlowR,flowr_raw_fixed,4,16,971,0.7,971,971,0,1.0,1000,971,29,0.971,"{""all_atoms_connected"":0,""bond_angles"":27,""bond_lengths"":27,""bonds"":0,""double_bond_stereochemistry"":0,""energy_ratio"":14,""file_loads"":0,""inchi_convertible"":0,""internal_steric_clash"":27,""molecular_formula"":0,""no_radicals"":0,""planar_aromatic_rings"":7,""planar_double_bonds"":0,""reference_file_loads"":0,""sanitisation"":0,""tetrahedral_chirality"":0}","{""all_atoms_connected"":0.0,""bond_angles"":0.027,""bond_lengths"":0.027,""bonds"":0.0,""double_bond_stereochemistry"":0.0,""energy_ratio"":0.014,""file_loads"":0.0,""inchi_convertible"":0.0,""internal_steric_clash"":0.027,""molecular_formula"":0.0,""no_radicals"":0.0,""planar_aromatic_rings"":0.007,""planar_double_bonds"":0.0,""reference_file_loads"":0.0,""sanitisation"":0.0,""tetrahedral_chirality"":0.0}",971,101.30560117493901,1.3070294478789977,1.8746083649990182,37.0,3.810504634397528,0.697760382156666,0.18331616889804325,12.423072916160828,0.11005567216529616,0.24324324324324326,7.0,0.7209062821833162,0.8262025223127041,0.26364572605561276,4.991397213839381,0.21164438118410206,0.0,1.0,0.10298661174047374,0.0,1.0,1.0,1.0,0.0,1.0,0.10298661174047374,0.0,1.0,1.0,1.0,0.0,971,-103.15764708921807,45.19098766474647,-99.54191806402743,8.183112398596949,0.19439902189710365,1.3434270597886595,1.0,1.0,1.0,1.0,0.23739931992732013,1.3359338978502768,1.0,1.0,1.0,1.0,1000,0,0,0,0,0,1000,0,0,0,0,971,1000,1000,core
2v00_2v00_conf0,generation,flowr_raw,dynamic,,flowr_raw_dynamic,FlowR,flowr_raw_dynamic,4,16,65,0.7,65,65,0,1.0,68,65,3,0.9558823529411764,"{""all_atoms_connected"":0,""bond_angles"":3,""bond_lengths"":3,""bonds"":0,""double_bond_stereochemistry"":0,""energy_ratio"":2,""file_loads"":0,""inchi_convertible"":0,""internal_steric_clash"":3,""molecular_formula"":0,""no_radicals"":0,""planar_aromatic_rings"":2,""planar_double_bonds"":0,""reference_file_loads"":0,""sanitisation"":0,""tetrahedral_chirality"":0}","{""all_atoms_connected"":0.0,""bond_angles"":0.04411764705882353,""bond_lengths"":0.04411764705882353,""bonds"":0.0,""double_bond_stereochemistry"":0.0,""energy_ratio"":0.029411764705882353,""file_loads"":0.0,""inchi_convertible"":0.0,""internal_steric_clash"":0.04411764705882353,""molecular_formula"":0.0,""no_radicals"":0.0,""planar_aromatic_rings"":0.029411764705882353,""planar_double_bonds"":0.0,""reference_file_loads"":0.0,""sanitisation"":0.0,""tetrahedral_chirality"":0.0}",65,103.82076019791852,1.3063162227635012,1.8615560979300196,16.0,24.615384615384617,0.874019931243916,0.16923076923076924,11.283007178510468,0.10627218934911242,0.4375,5.0,7.6923076923076925,0.9407293970222693,0.27692307692307694,4.5450810347975805,0.23218934911242606,0.0,1.0,1.5384615384615385,0.0,1.0,1.0,1.0,0.0,1.0,1.5384615384615385,0.0,1.0,1.0,1.0,0.0,65,-101.25727407910848,-95.83436923394578,-100.19760029126581,1.6885147591861005,0.1971540551558677,1.343751515952568,1.0,1.0,1.0,1.0,0.26583290410186916,1.3359131302058709,0.0,1.0,1.0,1.0,1000,0,0,0,0,0,68,0,0,0,0,65,68,68,core
2v00_2v00_conf0,generation,flowr_raw,chembl_count,,flowr_raw_chembl_count,FlowR,flowr_raw_chembl_count,4,16,29,0.7,29,29,0,1.0,30,29,1,0.9666666666666668,"{""all_atoms_connected"":0,""bond_angles"":1,""bond_lengths"":1,""bonds"":0,""double_bond_stereochemistry"":0,""energy_ratio"":1,""file_loads"":0,""inchi_convertible"":0,""internal_steric_clash"":1,""molecular_formula"":0,""no_radicals"":0,""planar_aromatic_rings"":0,""planar_double_bonds"":0,""reference_file_loads"":0,""sanitisation"":0,""tetrahedral_chirality"":0}","{""all_atoms_connected"":0.0,""bond_angles"":0.03333333333333333,""bond_lengths"":0.03333333333333333,""bonds"":0.0,""double_bond_stereochemistry"":0.0,""energy_ratio"":0.03333333333333333,""file_loads"":0.0,""inchi_convertible"":0.0,""internal_steric_clash"":0.03333333333333333,""molecular_formula"":0.0,""no_radicals"":0.0,""planar_aromatic_rings"":0.0,""planar_double_bonds"":0.0,""reference_file_loads"":0.0,""sanitisation"":0.0,""tetrahedral_chirality"":0.0}",29,104.43393514328571,1.2892821259192138,1.7572658373549852,11.0,37.93103448275862,0.9329540988787624,0.20689655172413793,9.366375702876367,0.12009512485136742,0.36363636363636365,6.0,20.689655172413794,0.8990660057201914,0.3448275862068966,5.0073660043595245,0.23186682520808563,0.0,2.0,6.896551724137931,0.9293636260137188,0.6551724137931034,1.904435762583764,0.5481569560047562,0.0,1.0,3.4482758620689653,0.0,1.0,1.0,1.0,0.0,29,-100.95156861941238,-97.13384536377748,-99.95918987679019,1.582282581189043,0.27316384533862653,1.3032273119467042,0.0,1.0,1.0,1.0,0.3359836444415819,1.2991901120318232,0.0,1.0,1.0,1.0,1000,0,0,0,0,0,30,0,0,0,0,29,30,30,core
2wn9_2wn9_conf0,generation,flowr_raw,fixed,,flowr_raw_fixed,FlowR,flowr_raw_fixed,4,22,922,0.7,922,922,0,1.0,1000,922,78,0.922,"{""all_atoms_connected"":0,""bond_angles"":57,""bond_lengths"":58,""bonds"":0,""double_bond_stereochemistry"":42,""energy_ratio"":6,""file_loads"":0,""inchi_convertible"":0,""internal_steric_clash"":58,""molecular_formula"":0,""no_radicals"":0,""planar_aromatic_rings"":3,""planar_double_bonds"":62,""reference_file_loads"":0,""sanitisation"":0,""tetrahedral_chirality"":0}","{""all_atoms_connected"":0.0,""bond_angles"":0.057,""bond_lengths"":0.058,""bonds"":0.0,""double_bond_stereochemistry"":0.042,""energy_ratio"":0.006,""file_loads"":0.0,""inchi_convertible"":0.0,""internal_steric_clash"":0.058,""molecular_formula"":0.0,""no_radicals"":0.0,""planar_aromatic_rings"":0.003,""planar_double_bonds"":0.062,""reference_file_loads"":0.0,""sanitisation"":0.0,""tetrahedral_chirality"":0.0}",922,98.73273074424101,1.4867289347057746,2.140680178137436,134.0,14.533622559652928,0.8167950499940151,0.0650759219088937,54.62716597050354,0.0279760588365385,0.5074626865671642,23.0,2.4945770065075923,0.8109119613773896,0.12906724511930587,12.712805143730577,0.0919956145510326,0.21739130434782608,2.0,0.21691973969631237,0.9999694516141604,0.5032537960954447,1.9999576513933266,0.5000211743780616,0.0,1.0,0.10845986984815618,0.0,1.0,1.0,1.0,0.0,922,68.93110568228968,199.11227582608822,71.3951082505547,11.958453309224879,0.36868360327880445,1.4161958505373664,0.0,1.0,1.0,1.0,0.44852582754505044,1.4080363416750443,0.0,1.0,1.0,1.0,1000,0,0,0,0,0,1000,0,0,0,0,922,1000,1000,core
2wn9_2wn9_conf0,generation,flowr_raw,dynamic,,flowr_raw_dynamic,FlowR,flowr_raw_dynamic,4,22,63,0.7,63,63,0,1.0,68,63,5,0.9264705882352942,"{""all_atoms_connected"":0,""bond_angles"":5,""bond_lengths"":5,""bonds"":0,""double_bond_stereochemistry"":3,""energy_ratio"":0,""file_loads"":0,""inchi_convertible"":0,""internal_steric_clash"":5,""molecular_formula"":0,""no_radicals"":0,""planar_aromatic_rings"":0,""planar_double_bonds"":3,""reference_file_loads"":0,""sanitisation"":0,""tetrahedral_chirality"":0}","{""all_atoms_connected"":0.0,""bond_angles"":0.07352941176470588,""bond_lengths"":0.07352941176470588,""bonds"":0.0,""double_bond_stereochemistry"":0.04411764705882353,""energy_ratio"":0.0,""file_loads"":0.0,""inchi_convertible"":0.0,""internal_steric_clash"":0.07352941176470588,""molecular_formula"":0.0,""no_radicals"":0.0,""planar_aromatic_rings"":0.0,""planar_double_bonds"":0.04411764705882353,""reference_file_loads"":0.0,""sanitisation"":0.0,""tetrahedral_chirality"":0.0}",63,98.89807542368342,1.470450023852258,2.120575572382279,29.0,46.03174603174603,0.8982760238418327,0.19047619047619047,20.58908558174998,0.07130259511211895,0.5517241379310345,12.0,19.047619047619047,0.8278232040557363,0.2698412698412698,7.8229630121921545,0.16301335348954393,0.3333333333333333,2.0,3.1746031746031744,0.9690632527820695,0.6031746031746031,1.9575691255710224,0.5212899974804737,0.0,1.0,1.5873015873015872,0.0,1.0,1.0,1.0,0.0,63,68.94586485390293,159.73262544445623,70.98276339208502,13.018501941716902,0.36868360327880445,1.2709928340799324,0.0,1.0,1.0,1.0,0.5257297821918668,1.2214496409253341,0.0,0.0,1.0,1.0,1000,0,0,0,0,0,68,0,0,0,0,63,68,68,core
2wn9_2wn9_conf0,generation,flowr_raw,chembl_count,,flowr_raw_chembl_count,FlowR,flowr_raw_chembl_count,4,22,65,0.7,65,65,0,1.0,71,65,6,0.9154929577464788,"{""all_atoms_connected"":0,""bond_angles"":4,""bond_lengths"":4,""bonds"":0,""double_bond_stereochemistry"":3,""energy_ratio"":0,""file_loads"":0,""inchi_convertible"":0,""internal_steric_clash"":4,""molecular_formula"":0,""no_radicals"":0,""planar_aromatic_rings"":0,""planar_double_bonds"":5,""reference_file_loads"":0,""sanitisation"":0,""tetrahedral_chirality"":0}","{""all_atoms_connected"":0.0,""bond_angles"":0.056338028169014086,""bond_lengths"":0.056338028169014086,""bonds"":0.0,""double_bond_stereochemistry"":0.04225352112676056,""energy_ratio"":0.0,""file_loads"":0.0,""inchi_convertible"":0.0,""internal_steric_clash"":0.056338028169014086,""molecular_formula"":0.0,""no_radicals"":0.0,""planar_aromatic_rings"":0.0,""planar_double_bonds"":0.07042253521126761,""reference_file_loads"":0.0,""sanitisation"":0.0,""tetrahedral_chirality"":0.0}",65,97.16097373301497,1.5054631992896574,2.1519288740627753,30.0,46.15384615384615,0.9432592581980425,0.07692307692307693,24.734794070408658,0.04710059171597633,0.5,12.0,18.46153846153846,0.8794105424257438,0.23076923076923078,8.89289910370603,0.13420118343195264,0.25,2.0,3.076923076923077,0.9861260846302382,0.5692307692307692,1.9808588538689615,0.5095857988165681,0.0,1.0,1.5384615384615385,0.0,1.0,1.0,1.0,0.0,65,68.93573182187478,153.39956035332693,71.28702488855615,14.500696455572776,0.702410327224355,1.502871939514246,0.0,0.0,1.0,1.0,0.7248405753265218,1.567441770114174,0.0,0.0,1.0,1.0,1000,0,0,0,0,0,71,0,0,0,0,65,71,71,core
2wtv_2wtv_conf0,generation,flowr_raw,fixed,,flowr_raw_fixed,FlowR,flowr_raw_fixed,4,34,815,0.7,815,815,0,1.0,1000,815,185,0.815,"{""all_atoms_connected"":0,""bond_angles"":163,""bond_lengths"":160,""bonds"":0,""double_bond_stereochemistry"":0,""file_loads"":0,""inchi_convertible"":0,""internal_steric_clash"":171,""molecular_formula"":0,""no_radicals"":0,""planar_aromatic_rings"":85,""planar_double_bonds"":0,""reference_file_loads"":0,""sanitisation"":0,""tetrahedral_chirality"":0}","{""all_atoms_connected"":0.0,""bond_angles"":0.163,""bond_lengths"":0.16,""bonds"":0.0,""double_bond_stereochemistry"":0.0,""file_loads"":0.0,""inchi_convertible"":0.0,""internal_steric_clash"":0.171,""molecular_formula"":0.0,""no_radicals"":0.0,""planar_aromatic_rings"":0.085,""planar_double_bonds"":0.0,""reference_file_loads"":0.0,""sanitisation"":0.0,""tetrahedral_chirality"":0.0}",815,108.43837042296967,2.443500817034506,3.3823907000714057,457.0,56.07361963190184,0.9542496810778736,0.012269938650306749,345.3219507514865,0.004018216718732357,0.6849015317286652,123.0,15.0920245398773,0.8419275198951457,0.05766871165644172,57.48421794438383,0.026558771500621033,0.3983739837398374,10.0,1.2269938650306749,0.8278830417343903,0.2294478527607362,6.727954437933258,0.16781512288757575,0.0,3.0,0.36809815950920244,0.9708381607324539,0.43190184049079755,2.9054106315520265,0.3541405397267492,0.0,815,33.12102730596894,366.6897111440234,53.34268033340584,36.61006315723912,0.23447483784793183,2.3570488340824913,1.0,1.0,1.0,1.0,0.26273371839050347,2.3422816450531916,0.0,1.0,1.0,1.0,1000,0,0,0,0,0,1000,0,0,0,0,815,1000,1000,core
2wtv_2wtv_conf0,generation,flowr_raw,dynamic,,flowr_raw_dynamic,FlowR,flowr_raw_dynamic,4,34,57,0.7,57,57,0,1.0,68,57,11,0.8382352941176471,"{""all_atoms_connected"":0,""bond_angles"":10,""bond_lengths"":10,""bonds"":0,""double_bond_stereochemistry"":0,""file_loads"":0,""inchi_convertible"":0,""internal_steric_clash"":10,""molecular_formula"":0,""no_radicals"":0,""planar_aromatic_rings"":5,""planar_double_bonds"":0,""reference_file_loads"":0,""sanitisation"":0,""tetrahedral_chirality"":0}","{""all_atoms_connected"":0.0,""bond_angles"":0.14705882352941177,""bond_lengths"":0.14705882352941177,""bonds"":0.0,""double_bond_stereochemistry"":0.0,""file_loads"":0.0,""inchi_convertible"":0.0,""internal_steric_clash"":0.14705882352941177,""molecular_formula"":0.0,""no_radicals"":0.0,""planar_aromatic_rings"":0.07352941176470588,""planar_double_bonds"":0.0,""reference_file_loads"":0.0,""sanitisation"":0.0,""tetrahedral_chirality"":0.0}",57,110.02492357119208,2.3747079873871675,3.309441500921026,50.0,87.71929824561404,0.9899749021245065,0.03508771929824561,48.07703363631374,0.021852877808556485,0.86,26.0,45.6140350877193,0.9343499321944746,0.10526315789473684,20.993277751009487,0.05632502308402584,0.5384615384615384,7.0,12.280701754385966,0.8951711719777472,0.3333333333333333,5.708308063813805,0.20098491843644198,0.14285714285714285,2.0,3.508771929824561,0.9819407868640977,0.5789473684210527,1.9751206555240497,0.5124653739612188,0.0,57,33.799853090082415,238.34422087809082,55.193699648641065,41.15943829131509,0.4690625449782444,2.3463055525137713,0.0,1.0,1.0,1.0,0.6944822193909475,2.4289510066090867,0.0,0.0,1.0,1.0,1000,0,0,0,0,0,68,0,0,0,0,57,68,68,core
2wtv_2wtv_conf0,generation,flowr_raw,chembl_count,,flowr_raw_chembl_count,FlowR,flowr_raw_chembl_count,4,34,91,0.7,91,91,0,1.0,110,91,19,0.8272727272727273,"{""all_atoms_connected"":0,""bond_angles"":15,""bond_lengths"":14,""bonds"":0,""double_bond_stereochemistry"":0,""file_loads"":0,""inchi_convertible"":0,""internal_steric_clash"":18,""molecular_formula"":0,""no_radicals"":0,""planar_aromatic_rings"":12,""planar_double_bonds"":0,""reference_file_loads"":0,""sanitisation"":0,""tetrahedral_chirality"":0}","{""all_atoms_connected"":0.0,""bond_angles"":0.13636363636363635,""bond_lengths"":0.12727272727272726,""bonds"":0.0,""double_bond_stereochemistry"":0.0,""file_loads"":0.0,""inchi_convertible"":0.0,""internal_steric_clash"":0.16363636363636364,""molecular_formula"":0.0,""no_radicals"":0.0,""planar_aromatic_rings"":0.10909090909090909,""planar_double_bonds"":0.0,""reference_file_loads"":0.0,""sanitisation"":0.0,""tetrahedral_chirality"":0.0}",91,108.06351334166627,2.472870794929834,3.4498602923377746,76.0,83.51648351648352,0.9888277828503894,0.02197802197802198,72.41036462805256,0.014611761864509118,0.8026315789473685,37.0,40.65934065934066,0.927796646088294,0.08791208791208792,28.508364306396995,0.04311073541842774,0.4864864864864865,6.0,6.593406593406593,0.9014934076079917,0.2967032967032967,5.02919207293794,0.21676126071730464,0.0,2.0,2.197802197802198,0.9999128895013563,0.5054945054945055,1.9998792428526546,0.5000603791812583,0.0,91,33.41054339393523,212.06949053211906,53.686047624872145,30.99755249912882,0.6442144728647583,2.337929901954293,0.0,0.0,1.0,1.0,0.5816716727013505,2.322530846993047,0.0,0.0,1.0,1.0,1000,0,0,0,0,0,110,0,0,0,0,91,110,110,core
2xdl_2xdl_conf0,generation,flowr_raw,fixed,,flowr_raw_fixed,FlowR,flowr_raw_fixed,5,16,977,0.7,977,977,0,1.0,1000,977,23,0.977,"{""all_atoms_connected"":0,""bond_angles"":23,""bond_lengths"":23,""bonds"":0,""double_bond_stereochemistry"":0,""file_loads"":0,""inchi_convertible"":0,""internal_steric_clash"":23,""molecular_formula"":0,""no_radicals"":0,""planar_aromatic_rings"":2,""planar_double_bonds"":0,""reference_file_loads"":0,""sanitisation"":0,""tetrahedral_chirality"":0}","{""all_atoms_connected"":0.0,""bond_angles"":0.023,""bond_lengths"":0.023,""bonds"":0.0,""double_bond_stereochemistry"":0.0,""file_loads"":0.0,""inchi_convertible"":0.0,""internal_steric_clash"":0.023,""molecular_formula"":0.0,""no_radicals"":0.0,""planar_aromatic_rings"":0.002,""planar_double_bonds"":0.0,""reference_file_loads"":0.0,""sanitisation"":0.0,""tetrahedral_chirality"":0.0}",977,113.95341385894419,1.2245891726889713,1.7867386573596389,56.0,5.731832139201638,0.8428277034947494,0.0736949846468782,29.745501820858937,0.04240730244968984,0.25,8.0,0.8188331627430911,0.7615504138616438,0.27226202661207777,4.872463038660019,0.22212525758777363,0.25,1.0,0.1023541453428864,0.0,1.0,1.0,1.0,0.0,1.0,0.1023541453428864,0.0,1.0,1.0,1.0,0.0,977,17.217215857716297,108.87775522090256,20.321256771534795,6.025730111959545,0.21441829283163039,1.1720359193537875,1.0,1.0,1.0,1.0,0.2862628492407346,1.2000455314772362,0.0,1.0,1.0,1.0,1000,0,0,0,0,0,1000,0,0,0,0,977,1000,1000,core
2xdl_2xdl_conf0,generation,flowr_raw,dynamic,,flowr_raw_dynamic,FlowR,flowr_raw_dynamic,5,16,90,0.7,90,90,0,1.0,90,90,0,1.0,"{""all_atoms_connected"":0,""bond_angles"":0,""bond_lengths"":0,""bonds"":0,""double_bond_stereochemistry"":0,""file_loads"":0,""inchi_convertible"":0,""internal_steric_clash"":0,""molecular_formula"":0,""no_radicals"":0,""planar_aromatic_rings"":0,""planar_double_bonds"":0,""reference_file_loads"":0,""sanitisation"":0,""tetrahedral_chirality"":0}","{""all_atoms_connected"":0.0,""bond_angles"":0.0,""bond_lengths"":0.0,""bonds"":0.0,""double_bond_stereochemistry"":0.0,""file_loads"":0.0,""inchi_convertible"":0.0,""internal_steric_clash"":0.0,""molecular_formula"":0.0,""no_radicals"":0.0,""planar_aromatic_rings"":0.0,""planar_double_bonds"":0.0,""reference_file_loads"":0.0,""sanitisation"":0.0,""tetrahedral_chirality"":0.0}",90,115.88320682882136,1.2278644193740729,1.7909826160872848,29.0,32.22222222222222,0.9396923359141314,0.08888888888888889,23.670323350220404,0.04913580246913579,0.27586206896551724,5.0,5.555555555555555,0.8631358018684263,0.37777777777777777,4.0114929674241715,0.27530864197530863,0.0,1.0,1.1111111111111112,0.0,1.0,1.0,1.0,0.0,1.0,1.1111111111111112,0.0,1.0,1.0,1.0,0.0,90,17.23796891534685,37.42881127639466,20.72044834494156,5.2290297157659245,0.2657087226942956,1.293064133704809,0.0,1.0,1.0,1.0,0.33113963522548123,1.2379730921065324,0.0,1.0,1.0,1.0,1000,0,0,0,0,0,90,0,0,0,0,90,90,90,core
2xdl_2xdl_conf0,generation,flowr_raw,chembl_count,,flowr_raw_chembl_count,FlowR,flowr_raw_chembl_count,5,16,57,0.7,57,57,0,1.0,58,57,1,0.9827586206896552,"{""all_atoms_connected"":0,""bond_angles"":1,""bond_lengths"":1,""bonds"":0,""double_bond_stereochemistry"":0,""file_loads"":0,""inchi_convertible"":0,""internal_steric_clash"":1,""molecular_formula"":0,""no_radicals"":0,""planar_aromatic_rings"":0,""planar_double_bonds"":0,""reference_file_loads"":0,""sanitisation"":0,""tetrahedral_chirality"":0}","{""all_atoms_connected"":0.0,""bond_angles"":0.017241379310344827,""bond_lengths"":0.017241379310344827,""bonds"":0.0,""double_bond_stereochemistry"":0.0,""file_loads"":0.0,""inchi_convertible"":0.0,""internal_steric_clash"":0.017241379310344827,""molecular_formula"":0.0,""no_radicals"":0.0,""planar_aromatic_rings"":0.0,""planar_double_bonds"":0.0,""reference_file_loads"":0.0,""sanitisation"":0.0,""tetrahedral_chirality"":0.0}",57,113.66159795165972,1.2164012191895186,1.7744168575235864,22.0,38.59649122807018,0.9380301347034736,0.14035087719298245,18.164896518371275,0.06555863342566942,0.3181818181818182,6.0,10.526315789473685,0.7622819940378364,0.3684210526315789,3.918958701097409,0.2908587257617728,0.3333333333333333,1.0,1.7543859649122806,0.0,1.0,1.0,1.0,0.0,1.0,1.7543859649122806,0.0,1.0,1.0,1.0,0.0,57,17.245359244288206,37.72002700228575,20.02241292125819,5.027479281451352,0.24015610683312583,1.0846656305404356,1.0,1.0,1.0,1.0,0.30830055957710606,1.1399215273447996,0.0,1.0,1.0,1.0,1000,0,0,0,0,0,58,0,0,0,0,57,58,58,core
2xnb_2xnb_conf0,generation,flowr_raw,fixed,,flowr_raw_fixed,FlowR,flowr_raw_fixed,4,27,912,0.7,912,912,0,1.0,1000,912,88,0.912,"{""all_atoms_connected"":0,""bond_angles"":67,""bond_lengths"":68,""bonds"":0,""double_bond_stereochemistry"":0,""energy_ratio"":1,""file_loads"":0,""inchi_convertible"":0,""internal_steric_clash"":78,""molecular_formula"":0,""no_radicals"":0,""planar_aromatic_rings"":45,""planar_double_bonds"":0,""reference_file_loads"":0,""sanitisation"":0,""tetrahedral_chirality"":0}","{""all_atoms_connected"":0.0,""bond_angles"":0.067,""bond_lengths"":0.068,""bonds"":0.0,""double_bond_stereochemistry"":0.0,""energy_ratio"":0.001,""file_loads"":0.0,""inchi_convertible"":0.0,""internal_steric_clash"":0.078,""molecular_formula"":0.0,""no_radicals"":0.0,""planar_aromatic_rings"":0.045,""planar_double_bonds"":0.0,""reference_file_loads"":0.0,""sanitisation"":0.0,""tetrahedral_chirality"":0.0}",912,109.06918599863856,2.0390050192041738,2.9015800050666627,620.0,67.98245614035088,0.9694031484859763,0.023026315789473683,509.27610013150604,0.0028662665435518616,0.7322580645161291,120.0,13.157894736842104,0.8811219218571331,0.046052631578947366,67.92226742969335,0.020263446445060014,0.35,8.0,0.8771929824561403,0.811115948741387,0.37390350877192985,5.401454120701827,0.22400882963988922,0.0,2.0,0.21929824561403508,0.9964447362420608,0.5350877192982456,1.9950774257928767,0.5024622960911049,0.0,912,40.712890561816145,250.5427193253004,55.94170642630971,24.987800957786828,0.4837488592317429,1.6955788977883506,0.0,1.0,1.0,1.0,0.4890868968191574,1.6993228852641402,0.0,1.0,1.0,1.0,1000,0,0,0,0,0,1000,0,0,0,0,912,1000,1000,core
2xnb_2xnb_conf0,generation,flowr_raw,dynamic,,flowr_raw_dynamic,FlowR,flowr_raw_dynamic,4,27,63,0.7,63,63,0,1.0,68,63,5,0.9264705882352942,"{""all_atoms_connected"":0,""bond_angles"":5,""bond_lengths"":5,""bonds"":0,""double_bond_stereochemistry"":0,""energy_ratio"":1,""file_loads"":0,""inchi_convertible"":0,""internal_steric_clash"":5,""molecular_formula"":0,""no_radicals"":0,""planar_aromatic_rings"":2,""planar_double_bonds"":0,""reference_file_loads"":0,""sanitisation"":0,""tetrahedral_chirality"":0}","{""all_atoms_connected"":0.0,""bond_angles"":0.07352941176470588,""bond_lengths"":0.07352941176470588,""bonds"":0.0,""double_bond_stereochemistry"":0.0,""energy_ratio"":0.014705882352941176,""file_loads"":0.0,""inchi_convertible"":0.0,""internal_steric_clash"":0.07352941176470588,""molecular_formula"":0.0,""no_radicals"":0.0,""planar_aromatic_rings"":0.029411764705882353,""planar_double_bonds"":0.0,""reference_file_loads"":0.0,""sanitisation"":0.0,""tetrahedral_chirality"":0.0}",63,103.85329533839763,2.045463021262398,3.020974209685886,61.0,96.82539682539682,0.9971420960682778,0.031746031746031744,60.287535943357085,0.01688082640463592,0.9672131147540983,32.0,50.79365079365079,0.93540472450667,0.1111111111111111,25.58140543502965,0.04812295288485764,0.59375,4.0,6.349206349206349,0.808761670515965,0.47619047619047616,3.068478215197666,0.364071554547745,0.0,1.0,1.5873015873015872,0.0,1.0,1.0,1.0,0.0,63,42.76857642271406,173.00807517045402,56.20065391882697,25.60897757049398,0.5045609187357166,1.8040158031720779,0.0,0.0,1.0,1.0,0.5467798694329221,1.7836955807490409,0.0,0.0,1.0,1.0,1000,0,0,0,0,0,68,0,0,0,0,63,68,68,core
2xnb_2xnb_conf0,generation,flowr_raw,chembl_count,,flowr_raw_chembl_count,FlowR,flowr_raw_chembl_count,4,27,73,0.7,73,73,0,1.0,79,73,6,0.9240506329113924,"{""all_atoms_connected"":0,""bond_angles"":3,""bond_lengths"":3,""bonds"":0,""double_bond_stereochemistry"":0,""energy_ratio"":1,""file_loads"":0,""inchi_convertible"":0,""internal_steric_clash"":5,""molecular_formula"":0,""no_radicals"":0,""planar_aromatic_rings"":4,""planar_double_bonds"":0,""reference_file_loads"":0,""sanitisation"":0,""tetrahedral_chirality"":0}","{""all_atoms_connected"":0.0,""bond_angles"":0.0379746835443038,""bond_lengths"":0.0379746835443038,""bonds"":0.0,""double_bond_stereochemistry"":0.0,""energy_ratio"":0.012658227848101266,""file_loads"":0.0,""inchi_convertible"":0.0,""internal_steric_clash"":0.06329113924050633,""molecular_formula"":0.0,""no_radicals"":0.0,""planar_aromatic_rings"":0.05063291139240506,""planar_double_bonds"":0.0,""reference_file_loads"":0.0,""sanitisation"":0.0,""tetrahedral_chirality"":0.0}",73,104.79591223541884,1.9980083863777278,2.74554831367155,70.0,95.89041095890411,0.9964677371191678,0.0273972602739726,68.9573667196536,0.01482454494276599,0.9571428571428572,39.0,53.42465753424658,0.9280737813311235,0.1095890410958904,29.96576340265091,0.0452242446988178,0.6153846153846154,6.0,8.219178082191782,0.8100747281042862,0.410958904109589,4.26933921578236,0.2805404391067743,0.16666666666666666,2.0,2.73972602739726,0.8656939941993219,0.7123287671232876,1.8222160154031564,0.5901670106961906,0.0,73,42.56493600651057,250.5427193253004,58.189558445507856,38.449886744533515,0.6559194950287518,1.6909489287101005,0.0,0.0,1.0,1.0,0.6829753458666485,1.6564525708499942,0.0,0.0,1.0,1.0,1000,0,0,0,0,0,79,0,0,0,0,73,79,79,core
2yfe_2yfe_conf0,generation,flowr_raw,fixed,,flowr_raw_fixed,FlowR,flowr_raw_fixed,8,25,917,0.7,917,917,0,1.0,1000,917,83,0.917,"{""all_atoms_connected"":0,""bond_angles"":60,""bond_lengths"":59,""bonds"":0,""double_bond_stereochemistry"":0,""file_loads"":0,""inchi_convertible"":0,""internal_steric_clash"":61,""molecular_formula"":0,""no_radicals"":0,""planar_aromatic_rings"":31,""planar_double_bonds"":12,""reference_file_loads"":0,""sanitisation"":0,""tetrahedral_chirality"":0}","{""all_atoms_connected"":0.0,""bond_angles"":0.06,""bond_lengths"":0.059,""bonds"":0.0,""double_bond_stereochemistry"":0.0,""file_loads"":0.0,""inchi_convertible"":0.0,""internal_steric_clash"":0.061,""molecular_formula"":0.0,""no_radicals"":0.0,""planar_aromatic_rings"":0.031,""planar_double_bonds"":0.012,""reference_file_loads"":0.0,""sanitisation"":0.0,""tetrahedral_chirality"":0.0}",917,94.12464792410547,1.9176355830171365,2.730154429751064,596.0,64.99454743729552,0.9657618721529988,0.011995637949836423,478.88035725843923,0.0028077427579621095,0.7483221476510067,91.0,9.923664122137405,0.8757332945223726,0.05016357688113413,51.951461853271454,0.025367200665010484,0.2967032967032967,7.0,0.7633587786259542,0.7394871690629623,0.30970556161395857,4.21637429680656,0.2573811763502674,0.14285714285714285,2.0,0.21810250817884405,0.9905215472195844,0.5572519083969466,1.9869031443953693,0.5065555620301847,0.0,917,65.25372721415263,346.2236423649033,75.35896152207405,22.106791005340384,0.5583402126415247,1.801683928774302,0.0,0.0,1.0,1.0,0.49222091500573123,1.810319834894657,0.0,1.0,1.0,1.0,1000,0,0,0,0,0,1000,0,0,0,0,917,1000,1000,core
2yfe_2yfe_conf0,generation,flowr_raw,dynamic,,flowr_raw_dynamic,FlowR,flowr_raw_dynamic,8,25,144,0.7,144,144,0,1.0,156,144,12,0.9230769230769232,"{""all_atoms_connected"":0,""bond_angles"":6,""bond_lengths"":6,""bonds"":0,""double_bond_stereochemistry"":0,""file_loads"":0,""inchi_convertible"":0,""internal_steric_clash"":7,""molecular_formula"":0,""no_radicals"":0,""planar_aromatic_rings"":6,""planar_double_bonds"":1,""reference_file_loads"":0,""sanitisation"":0,""tetrahedral_chirality"":0}","{""all_atoms_connected"":0.0,""bond_angles"":0.038461538461538464,""bond_lengths"":0.038461538461538464,""bonds"":0.0,""double_bond_stereochemistry"":0.0,""file_loads"":0.0,""inchi_convertible"":0.0,""internal_steric_clash"":0.04487179487179487,""molecular_formula"":0.0,""no_radicals"":0.0,""planar_aromatic_rings"":0.038461538461538464,""planar_double_bonds"":0.00641025641025641,""reference_file_loads"":0.0,""sanitisation"":0.0,""tetrahedral_chirality"":0.0}",144,93.54761733102963,1.8740718440199533,2.6765020167533407,125.0,86.80555555555556,0.9863188889298782,0.034722222222222224,117.00972380407231,0.009548611111111112,0.888,38.0,26.38888888888889,0.9225294298676239,0.09027777777777778,28.667964678037606,0.04340277777777776,0.23684210526315788,4.0,2.7777777777777777,0.9111778859732356,0.3888888888888889,3.536582146096783,0.3081597222222222,0.0,2.0,1.3888888888888888,0.9315627684809641,0.6527777777777778,1.907340963687835,0.5466820987654321,0.0,144,66.04964446088408,170.2754349057564,73.98959138100932,17.681604422914173,0.5678649159090929,1.7606078041157656,0.0,0.0,1.0,1.0,0.5235050883148202,1.7614523018037302,0.0,0.0,1.0,1.0,1000,0,0,0,0,0,156,0,0,0,0,144,156,156,core
2yfe_2yfe_conf0,generation,flowr_raw,chembl_count,,flowr_raw_chembl_count,FlowR,flowr_raw_chembl_count,8,25,142,0.7,142,142,0,1.0,155,142,13,0.9161290322580644,"{""all_atoms_connected"":0,""bond_angles"":10,""bond_lengths"":10,""bonds"":0,""double_bond_stereochemistry"":0,""file_loads"":0,""inchi_convertible"":0,""internal_steric_clash"":10,""molecular_formula"":0,""no_radicals"":0,""planar_aromatic_rings"":5,""planar_double_bonds"":2,""reference_file_loads"":0,""sanitisation"":0,""tetrahedral_chirality"":0}","{""all_atoms_connected"":0.0,""bond_angles"":0.06451612903225806,""bond_lengths"":0.06451612903225806,""bonds"":0.0,""double_bond_stereochemistry"":0.0,""file_loads"":0.0,""inchi_convertible"":0.0,""internal_steric_clash"":0.06451612903225806,""molecular_formula"":0.0,""no_radicals"":0.0,""planar_aromatic_rings"":0.03225806451612903,""planar_double_bonds"":0.012903225806451613,""reference_file_loads"":0.0,""sanitisation"":0.0,""tetrahedral_chirality"":0.0}",142,95.19972613332652,1.9163842606074606,2.7006462163384928,128.0,90.14084507042253,0.9924639873918525,0.02112676056338028,123.4042192667433,0.008530053560801429,0.8984375,37.0,26.056338028169016,0.9253648379473345,0.11267605633802817,28.259126548296873,0.0445348145209284,0.21621621621621623,4.0,2.816901408450704,0.9068940480740538,0.3591549295774648,3.515641826290864,0.30132910136877605,0.0,1.0,0.704225352112676,0.0,1.0,1.0,1.0,0.0,142,66.13123117938011,178.07645830853545,75.8763225132178,18.331550782188856,0.6297622424475041,1.7997654952931257,0.0,0.0,1.0,1.0,0.5427348036628158,1.8027567295252802,0.0,0.0,1.0,1.0,1000,0,0,0,0,0,155,0,0,0,0,142,155,155,core
2ymd_2ymd_conf0,generation,flowr_raw,fixed,,flowr_raw_fixed,FlowR,flowr_raw_fixed,4,13,990,0.7,990,990,0,1.0,1000,990,10,0.99,"{""all_atoms_connected"":0,""bond_angles"":10,""bond_lengths"":10,""bonds"":0,""double_bond_stereochemistry"":0,""energy_ratio"":0,""file_loads"":0,""inchi_convertible"":0,""internal_steric_clash"":10,""molecular_formula"":0,""no_radicals"":0,""planar_aromatic_rings"":10,""planar_double_bonds"":0,""reference_file_loads"":0,""sanitisation"":0,""tetrahedral_chirality"":0}","{""all_atoms_connected"":0.0,""bond_angles"":0.01,""bond_lengths"":0.01,""bonds"":0.0,""double_bond_stereochemistry"":0.0,""energy_ratio"":0.0,""file_loads"":0.0,""inchi_convertible"":0.0,""internal_steric_clash"":0.01,""molecular_formula"":0.0,""no_radicals"":0.0,""planar_aromatic_rings"":0.01,""planar_double_bonds"":0.0,""reference_file_loads"":0.0,""sanitisation"":0.0,""tetrahedral_chirality"":0.0}",990,100.92191875013143,0.6797599449360752,1.1312372386680218,8.0,0.8080808080808081,0.5596833480671578,0.44545454545454544,3.2021703175735814,0.3661218243036425,0.125,2.0,0.20202020202020202,0.7219280948873623,0.8,1.6493848884661177,0.6800000000000002,0.0,1.0,0.10101010101010101,0.0,1.0,1.0,1.0,0.0,1.0,0.10101010101010101,0.0,1.0,1.0,1.0,0.0,990,6.780842153393323,142.15849754041412,10.95144244590296,5.730424872489253,0.08161390907579953,0.5192039289941979,1.0,1.0,1.0,1.0,0.09762178125571754,0.568987934652192,1.0,1.0,1.0,1.0,1000,0,0,0,0,0,1000,0,0,0,0,990,1000,1000,core
2ymd_2ymd_conf0,generation,flowr_raw,dynamic,,flowr_raw_dynamic,FlowR,flowr_raw_dynamic,4,13,67,0.7,67,67,0,1.0,68,67,1,0.9852941176470588,"{""all_atoms_connected"":0,""bond_angles"":1,""bond_lengths"":1,""bonds"":0,""double_bond_stereochemistry"":0,""energy_ratio"":0,""file_loads"":0,""inchi_convertible"":0,""internal_steric_clash"":1,""molecular_formula"":0,""no_radicals"":0,""planar_aromatic_rings"":1,""planar_double_bonds"":0,""reference_file_loads"":0,""sanitisation"":0,""tetrahedral_chirality"":0}","{""all_atoms_connected"":0.0,""bond_angles"":0.014705882352941176,""bond_lengths"":0.014705882352941176,""bonds"":0.0,""double_bond_stereochemistry"":0.0,""energy_ratio"":0.0,""file_loads"":0.0,""inchi_convertible"":0.0,""internal_steric_clash"":0.014705882352941176,""molecular_formula"":0.0,""no_radicals"":0.0,""planar_aromatic_rings"":0.014705882352941176,""planar_double_bonds"":0.0,""reference_file_loads"":0.0,""sanitisation"":0.0,""tetrahedral_chirality"":0.0}",67,96.13416922895527,0.6764928442171427,1.1138079888866192,4.0,5.970149253731344,0.8172617902175693,0.43283582089552236,3.104850019553076,0.3642236578302517,0.0,2.0,2.985074626865672,0.9998393017810485,0.5074626865671642,1.9997772373719438,0.5001113833815994,0.0,1.0,1.492537313432836,0.0,1.0,1.0,1.0,0.0,1.0,1.492537313432836,0.0,1.0,1.0,1.0,0.0,67,6.780843292572785,17.050207160794816,7.799634809469198,2.7466381905430173,0.2442865646825537,0.8545315099258335,1.0,1.0,1.0,1.0,0.2674711628024501,0.8734970133559756,0.0,1.0,1.0,1.0,1000,0,0,0,0,0,68,0,0,0,0,67,68,68,core
2ymd_2ymd_conf0,generation,flowr_raw,chembl_count,,flowr_raw_chembl_count,FlowR,flowr_raw_chembl_count,4,13,30,0.7,30,30,0,1.0,30,30,0,1.0,"{""all_atoms_connected"":0,""bond_angles"":0,""bond_lengths"":0,""bonds"":0,""double_bond_stereochemistry"":0,""energy_ratio"":0,""file_loads"":0,""inchi_convertible"":0,""internal_steric_clash"":0,""molecular_formula"":0,""no_radicals"":0,""planar_aromatic_rings"":0,""planar_double_bonds"":0,""reference_file_loads"":0,""sanitisation"":0,""tetrahedral_chirality"":0}","{""all_atoms_connected"":0.0,""bond_angles"":0.0,""bond_lengths"":0.0,""bonds"":0.0,""double_bond_stereochemistry"":0.0,""energy_ratio"":0.0,""file_loads"":0.0,""inchi_convertible"":0.0,""internal_steric_clash"":0.0,""molecular_formula"":0.0,""no_radicals"":0.0,""planar_aromatic_rings"":0.0,""planar_double_bonds"":0.0,""reference_file_loads"":0.0,""sanitisation"":0.0,""tetrahedral_chirality"":0.0}",30,100.58391653319329,0.6690680058183107,1.135200654184791,4.0,13.333333333333334,0.7664572819896989,0.5333333333333333,2.8936984026091066,0.4044444444444444,0.0,2.0,6.666666666666667,0.9709505944546688,0.6,1.9601317042077895,0.52,0.0,1.0,3.3333333333333335,0.0,1.0,1.0,1.0,0.0,1.0,3.3333333333333335,0.0,1.0,1.0,1.0,0.0,30,6.780847355695723,17.0418710912989,10.951446714975653,2.535199600629375,0.25068589578844314,1.0592725217841599,0.0,1.0,1.0,1.0,0.27439179030701283,1.0546602415827215,0.0,1.0,1.0,1.0,1000,0,0,0,0,0,30,0,0,0,0,30,30,30,core
2zb1_2zb1_conf0,generation,flowr_raw,fixed,,flowr_raw_fixed,FlowR,flowr_raw_fixed,5,26,908,0.7,908,908,0,1.0,1000,908,92,0.908,"{""all_atoms_connected"":0,""bond_angles"":76,""bond_lengths"":76,""bonds"":0,""double_bond_stereochemistry"":0,""file_loads"":0,""inchi_convertible"":0,""internal_steric_clash"":82,""molecular_formula"":0,""no_radicals"":0,""planar_aromatic_rings"":46,""planar_double_bonds"":0,""reference_file_loads"":0,""sanitisation"":0,""tetrahedral_chirality"":0}","{""all_atoms_connected"":0.0,""bond_angles"":0.076,""bond_lengths"":0.076,""bonds"":0.0,""double_bond_stereochemistry"":0.0,""file_loads"":0.0,""inchi_convertible"":0.0,""internal_steric_clash"":0.082,""molecular_formula"":0.0,""no_radicals"":0.0,""planar_aromatic_rings"":0.046,""planar_double_bonds"":0.0,""reference_file_loads"":0.0,""sanitisation"":0.0,""tetrahedral_chirality"":0.0}",908,107.88086745869768,1.6831638517178817,2.3291624292678343,532.0,58.590308370044056,0.964493567773573,0.013215859030837005,425.7201785917262,0.0030541054551805787,0.6710526315789473,89.0,9.801762114537445,0.8095704275034645,0.07158590308370044,37.858944438937144,0.03717324225193581,0.4044943820224719,5.0,0.5506607929515418,0.6888675261019364,0.5484581497797357,3.030384512100106,0.4013468144151838,0.0,2.0,0.22026431718061673,0.22003586150828522,0.9647577092511013,1.1647625389643856,0.9319994566166623,0.0,908,58.560726972365885,303.2880764929077,68.03624794528005,21.9844527636272,0.4634652761915587,1.650251709662124,0.0,1.0,1.0,1.0,0.38820708568928114,1.6963700861236128,0.0,1.0,1.0,1.0,1000,0,0,0,0,0,1000,0,0,0,0,908,1000,1000,core
2zb1_2zb1_conf0,generation,flowr_raw,dynamic,,flowr_raw_dynamic,FlowR,flowr_raw_dynamic,5,26,80,0.7,80,80,0,1.0,90,80,10,0.8888888888888888,"{""all_atoms_connected"":0,""bond_angles"":8,""bond_lengths"":8,""bonds"":0,""double_bond_stereochemistry"":0,""file_loads"":0,""inchi_convertible"":0,""internal_steric_clash"":9,""molecular_formula"":0,""no_radicals"":0,""planar_aromatic_rings"":4,""planar_double_bonds"":0,""reference_file_loads"":0,""sanitisation"":0,""tetrahedral_chirality"":0}","{""all_atoms_connected"":0.0,""bond_angles"":0.08888888888888889,""bond_lengths"":0.08888888888888889,""bonds"":0.0,""double_bond_stereochemistry"":0.0,""file_loads"":0.0,""inchi_convertible"":0.0,""internal_steric_clash"":0.1,""molecular_formula"":0.0,""no_radicals"":0.0,""planar_aromatic_rings"":0.044444444444444446,""planar_double_bonds"":0.0,""reference_file_loads"":0.0,""sanitisation"":0.0,""tetrahedral_chirality"":0.0}",80,107.0366026197228,1.7407254958610232,2.4321888000304104,73.0,91.25,0.9915453891670286,0.0375,70.3994377255299,0.015000000000000005,0.9178082191780822,24.0,30.0,0.9241353640737558,0.1125,18.858277337425797,0.0625,0.3333333333333333,3.0,3.75,0.8005807572616994,0.5125,2.409761688079697,0.44718749999999996,0.0,2.0,2.5,0.09694460606247313,0.9875,1.0695060221814845,0.9753125,0.5,80,59.153923935851545,204.94922159013254,68.40358248380521,23.747641119021427,0.8314785089689298,1.6719171805566622,0.0,0.0,0.0,1.0,0.8911668718654141,1.7439675876118157,0.0,0.0,0.0,1.0,1000,0,0,0,0,0,90,0,0,0,0,80,90,90,core
2zb1_2zb1_conf0,generation,flowr_raw,chembl_count,,flowr_raw_chembl_count,FlowR,flowr_raw_chembl_count,5,26,185,0.7,185,185,0,1.0,200,185,15,0.925,"{""all_atoms_connected"":0,""bond_angles"":10,""bond_lengths"":10,""bonds"":0,""double_bond_stereochemistry"":0,""file_loads"":0,""inchi_convertible"":0,""internal_steric_clash"":10,""molecular_formula"":0,""no_radicals"":0,""planar_aromatic_rings"":11,""planar_double_bonds"":0,""reference_file_loads"":0,""sanitisation"":0,""tetrahedral_chirality"":0}","{""all_atoms_connected"":0.0,""bond_angles"":0.05,""bond_lengths"":0.05,""bonds"":0.0,""double_bond_stereochemistry"":0.0,""file_loads"":0.0,""inchi_convertible"":0.0,""internal_steric_clash"":0.05,""molecular_formula"":0.0,""no_radicals"":0.0,""planar_aromatic_rings"":0.055,""planar_double_bonds"":0.0,""reference_file_loads"":0.0,""sanitisation"":0.0,""tetrahedral_chirality"":0.0}",185,107.49909840576873,1.7227925919868843,2.4014310664218024,145.0,78.37837837837837,0.9820283319275915,0.02702702702702703,132.59422642537348,0.00850255661066472,0.7931034482758621,40.0,21.62162162162162,0.878566945171999,0.11891891891891893,25.557416617759742,0.053031409788166554,0.375,4.0,2.1621621621621623,0.7413734226331734,0.5513513513513514,2.7948034867509532,0.4200146092037984,0.0,1.0,0.5405405405405406,0.0,1.0,1.0,1.0,0.0,185,58.99121150044934,165.83595835262412,67.65446392548859,22.88236702409904,0.49493429227548535,1.6744886069390232,0.0,1.0,1.0,1.0,0.38820708568928114,1.6971131098273178,0.0,1.0,1.0,1.0,1000,0,0,0,0,0,200,0,0,0,0,185,200,200,core
2zcq_2zcq_conf0,generation,flowr_raw,fixed,,flowr_raw_fixed,FlowR,flowr_raw_fixed,8,25,963,0.7,963,963,0,1.0,1000,963,37,0.963,"{""all_atoms_connected"":0,""bond_angles"":36,""bond_lengths"":36,""bonds"":0,""double_bond_stereochemistry"":0,""energy_ratio"":14,""file_loads"":0,""inchi_convertible"":0,""internal_steric_clash"":35,""molecular_formula"":0,""no_radicals"":0,""planar_aromatic_rings"":8,""planar_double_bonds"":0,""reference_file_loads"":0,""sanitisation"":0,""tetrahedral_chirality"":0}","{""all_atoms_connected"":0.0,""bond_angles"":0.036,""bond_lengths"":0.036,""bonds"":0.0,""double_bond_stereochemistry"":0.0,""energy_ratio"":0.014,""file_loads"":0.0,""inchi_convertible"":0.0,""internal_steric_clash"":0.035,""molecular_formula"":0.0,""no_radicals"":0.0,""planar_aromatic_rings"":0.008,""planar_double_bonds"":0.0,""reference_file_loads"":0.0,""sanitisation"":0.0,""tetrahedral_chirality"":0.0}",963,108.60406568823046,2.1250285340706907,2.7606389119861943,647.0,67.1858774662513,0.9724038833973767,0.010384215991692628,541.1706543169207,0.0023539712886671863,0.732612055641422,141.0,14.641744548286605,0.9270343261687934,0.030114226375908618,98.26523382144556,0.012815826278428543,0.1702127659574468,6.0,0.6230529595015576,0.9486268396537348,0.245067497403946,5.472366321036732,0.19131866603261485,0.0,2.0,0.20768431983385255,0.9535688597080139,0.6261682242990654,1.9366575341054142,0.5318368416455586,0.0,963,208.71462328820738,376.3850440671421,213.90088003147957,9.607757751941197,0.5114213565702846,2.1360722442016584,0.0,0.0,1.0,1.0,0.7345867516251605,2.0377945167391087,0.0,0.0,1.0,1.0,1000,0,0,0,0,0,1000,0,0,0,0,963,1000,1000,core
2zcq_2zcq_conf0,generation,flowr_raw,dynamic,,flowr_raw_dynamic,FlowR,flowr_raw_dynamic,8,25,155,0.7,155,155,0,1.0,156,155,1,0.9935897435897436,"{""all_atoms_connected"":0,""bond_angles"":1,""bond_lengths"":1,""bonds"":0,""double_bond_stereochemistry"":0,""energy_ratio"":1,""file_loads"":0,""inchi_convertible"":0,""internal_steric_clash"":1,""molecular_formula"":0,""no_radicals"":0,""planar_aromatic_rings"":0,""planar_double_bonds"":0,""reference_file_loads"":0,""sanitisation"":0,""tetrahedral_chirality"":0}","{""all_atoms_connected"":0.0,""bond_angles"":0.00641025641025641,""bond_lengths"":0.00641025641025641,""bonds"":0.0,""double_bond_stereochemistry"":0.0,""energy_ratio"":0.00641025641025641,""file_loads"":0.0,""inchi_convertible"":0.0,""internal_steric_clash"":0.00641025641025641,""molecular_formula"":0.0,""no_radicals"":0.0,""planar_aromatic_rings"":0.0,""planar_double_bonds"":0.0,""reference_file_loads"":0.0,""sanitisation"":0.0,""tetrahedral_chirality"":0.0}",155,108.53904044247989,2.0766541135798438,2.6915432404990836,141.0,90.96774193548387,0.993827047913862,0.012903225806451613,136.7577937942559,0.007617065556711759,0.900709219858156,60.0,38.70967741935484,0.9518990716219241,0.07096774193548387,49.27430693429494,0.02493236212278876,0.3,6.0,3.870967741935484,0.9787112150377388,0.23225806451612904,5.775443714774961,0.17893860561914673,0.0,2.0,1.2903225806451613,0.9629004147713268,0.6129032258064516,1.9492247075755442,0.5254942767950052,0.0,155,209.100403854783,264.3870222757565,214.32976930148556,5.980586058403403,0.8855261911429642,2.1614007899597123,0.0,0.0,0.0,1.0,0.7345867516251605,2.0612979952215893,0.0,0.0,1.0,1.0,1000,0,0,0,0,0,156,0,0,0,0,155,156,156,core
2zcq_2zcq_conf0,generation,flowr_raw,chembl_count,,flowr_raw_chembl_count,FlowR,flowr_raw_chembl_count,8,25,60,0.7,60,60,0,1.0,67,60,7,0.8955223880597015,"{""all_atoms_connected"":0,""bond_angles"":7,""bond_lengths"":7,""bonds"":0,""double_bond_stereochemistry"":0,""energy_ratio"":4,""file_loads"":0,""inchi_convertible"":0,""internal_steric_clash"":7,""molecular_formula"":0,""no_radicals"":0,""planar_aromatic_rings"":2,""planar_double_bonds"":0,""reference_file_loads"":0,""sanitisation"":0,""tetrahedral_chirality"":0}","{""all_atoms_connected"":0.0,""bond_angles"":0.1044776119402985,""bond_lengths"":0.1044776119402985,""bonds"":0.0,""double_bond_stereochemistry"":0.0,""energy_ratio"":0.05970149253731343,""file_loads"":0.0,""inchi_convertible"":0.0,""internal_steric_clash"":0.1044776119402985,""molecular_formula"":0.0,""no_radicals"":0.0,""planar_aromatic_rings"":0.029850746268656716,""planar_double_bonds"":0.0,""reference_file_loads"":0.0,""sanitisation"":0.0,""tetrahedral_chirality"":0.0}",60,109.42158927268568,2.086391795588408,2.695598653644297,56.0,93.33333333333333,0.9941801973125409,0.03333333333333333,54.70334931349301,0.01888888888888889,0.9285714285714286,36.0,60.0,0.966031254969039,0.06666666666666667,31.87402125628786,0.03555555555555556,0.5277777777777778,4.0,6.666666666666667,0.9683203709705837,0.36666666666666664,3.8281324374759977,0.27277777777777773,0.0,2.0,3.3333333333333335,0.9927744539878083,0.55,1.9900083082219462,0.5050000000000001,0.0,60,209.4718949038912,221.48688912644573,213.57042954542115,2.7460585647687514,0.8516957254064316,2.050037468469599,0.0,0.0,0.0,1.0,0.9882431136488895,1.9817599273431403,0.0,0.0,0.0,1.0,1000,0,0,0,0,0,67,0,0,0,0,60,67,67,core
2zcr_2zcr_conf0,generation,flowr_raw,fixed,,flowr_raw_fixed,FlowR,flowr_raw_fixed,10,28,919,0.7,919,919,0,1.0,1000,919,81,0.919,"{""all_atoms_connected"":0,""bond_angles"":68,""bond_lengths"":71,""bonds"":0,""double_bond_stereochemistry"":0,""energy_ratio"":9,""file_loads"":0,""inchi_convertible"":0,""internal_steric_clash"":66,""molecular_formula"":0,""no_radicals"":0,""planar_aromatic_rings"":38,""planar_double_bonds"":0,""reference_file_loads"":0,""sanitisation"":0,""tetrahedral_chirality"":1}","{""all_atoms_connected"":0.0,""bond_angles"":0.068,""bond_lengths"":0.071,""bonds"":0.0,""double_bond_stereochemistry"":0.0,""energy_ratio"":0.009,""file_loads"":0.0,""inchi_convertible"":0.0,""internal_steric_clash"":0.066,""molecular_formula"":0.0,""no_radicals"":0.0,""planar_aromatic_rings"":0.038,""planar_double_bonds"":0.0,""reference_file_loads"":0.0,""sanitisation"":0.0,""tetrahedral_chirality"":0.001}",919,105.55062960856627,2.2507848606376104,3.085930698238314,872.0,94.88574537540805,0.9963320246237621,0.004352557127312296,850.6105068503423,0.0012278568392336373,0.9575688073394495,257.0,27.965179542981502,0.9345810503722499,0.022850924918389554,178.76308041021875,0.007444104096684549,0.36964980544747084,12.0,1.3057671381936888,0.7581518227092374,0.2992383025027203,6.5793536155897545,0.2003016952002283,0.0,2.0,0.2176278563656148,0.6496011539152665,0.8335146898803046,1.5687344450218133,0.7224640967319116,0.0,919,210.07173516575872,421.9913573612402,222.49773020941686,25.260474690126628,0.6988860832826116,2.3042498838564804,0.0,0.0,1.0,1.0,4.035857121139953,4.420278853466209,0.0,0.0,0.0,0.0,1000,0,0,0,0,0,1000,0,0,0,0,919,1000,1000,core
2zcr_2zcr_conf0,generation,flowr_raw,dynamic,,flowr_raw_dynamic,FlowR,flowr_raw_dynamic,10,28,178,0.7,178,178,0,1.0,200,178,22,0.89,"{""all_atoms_connected"":0,""bond_angles"":18,""bond_lengths"":18,""bonds"":0,""double_bond_stereochemistry"":0,""energy_ratio"":2,""file_loads"":0,""inchi_convertible"":0,""internal_steric_clash"":17,""molecular_formula"":0,""no_radicals"":0,""planar_aromatic_rings"":8,""planar_double_bonds"":0,""reference_file_loads"":0,""sanitisation"":0,""tetrahedral_chirality"":0}","{""all_atoms_connected"":0.0,""bond_angles"":0.09,""bond_lengths"":0.09,""bonds"":0.0,""double_bond_stereochemistry"":0.0,""energy_ratio"":0.01,""file_loads"":0.0,""inchi_convertible"":0.0,""internal_steric_clash"":0.085,""molecular_formula"":0.0,""no_radicals"":0.0,""planar_aromatic_rings"":0.04,""planar_double_bonds"":0.0,""reference_file_loads"":0.0,""sanitisation"":0.0,""tetrahedral_chirality"":0.0}",178,105.84314301443277,2.19786247766953,2.8613892057368773,176.0,98.87640449438203,0.9991728461230421,0.011235955056179775,175.24889299151795,0.005744224214114378,0.9886363636363636,102.0,57.30337078651685,0.9596519659597932,0.0449438202247191,84.63638465158797,0.014707738921853298,0.5784313725490197,10.0,5.617977528089888,0.8524300230890008,0.24719101123595505,7.119180809686817,0.1644994318899129,0.1,2.0,1.1235955056179776,0.9926108898749405,0.550561797752809,1.9897827058016628,0.505112990783992,0.0,178,212.10174508837352,421.9913573612402,223.1686319479735,26.53733738558192,0.9386624948939448,2.4378091790463836,0.0,0.0,0.0,1.0,4.126411524579521,4.449837884771073,0.0,0.0,0.0,0.0,1000,0,0,0,0,0,200,0,0,0,0,178,200,200,core
2zcr_2zcr_conf0,generation,flowr_raw,chembl_count,,flowr_raw_chembl_count,FlowR,flowr_raw_chembl_count,10,28,56,0.7,56,56,0,1.0,60,56,4,0.9333333333333332,"{""all_atoms_connected"":0,""bond_angles"":4,""bond_lengths"":4,""bonds"":0,""double_bond_stereochemistry"":0,""energy_ratio"":2,""file_loads"":0,""inchi_convertible"":0,""internal_steric_clash"":4,""molecular_formula"":0,""no_radicals"":0,""planar_aromatic_rings"":3,""planar_double_bonds"":0,""reference_file_loads"":0,""sanitisation"":0,""tetrahedral_chirality"":0}","{""all_atoms_connected"":0.0,""bond_angles"":0.06666666666666667,""bond_lengths"":0.06666666666666667,""bonds"":0.0,""double_bond_stereochemistry"":0.0,""energy_ratio"":0.03333333333333333,""file_loads"":0.0,""inchi_convertible"":0.0,""internal_steric_clash"":0.06666666666666667,""molecular_formula"":0.0,""no_radicals"":0.0,""planar_aromatic_rings"":0.05,""planar_double_bonds"":0.0,""reference_file_loads"":0.0,""sanitisation"":0.0,""tetrahedral_chirality"":0.0}",56,106.19362199998119,2.218569667432716,2.9938865704972155,55.0,98.21428571428571,0.9983188942285316,0.03571428571428571,54.6307239549441,0.018494897959183673,0.9818181818181818,45.0,80.35714285714286,0.9859145327137552,0.03571428571428571,42.65070781943875,0.024872448979591837,0.7555555555555555,6.0,10.714285714285714,0.8247522297442181,0.375,4.383106052239172,0.26530612244897955,0.16666666666666666,2.0,3.5714285714285716,0.8383729377099397,0.7321428571428571,1.7880324726636563,0.6077806122448979,0.0,56,211.93777017413325,335.49396114052917,222.92343679658245,24.15554664437414,1.2919662362150168,2.362928361052975,0.0,0.0,0.0,1.0,4.2168277634318505,4.43174502004184,0.0,0.0,0.0,0.0,1000,0,0,0,0,0,60,0,0,0,0,56,60,60,core
2zy1_2zy1_conf0,generation,flowr_raw,fixed,,flowr_raw_fixed,FlowR,flowr_raw_fixed,8,24,947,0.7,947,947,0,1.0,1000,947,53,0.947,"{""all_atoms_connected"":0,""bond_angles"":52,""bond_lengths"":52,""bonds"":0,""double_bond_stereochemistry"":0,""file_loads"":0,""inchi_convertible"":0,""internal_steric_clash"":51,""molecular_formula"":0,""no_radicals"":0,""planar_aromatic_rings"":9,""planar_double_bonds"":0,""reference_file_loads"":0,""sanitisation"":0,""tetrahedral_chirality"":0}","{""all_atoms_connected"":0.0,""bond_angles"":0.052,""bond_lengths"":0.052,""bonds"":0.0,""double_bond_stereochemistry"":0.0,""file_loads"":0.0,""inchi_convertible"":0.0,""internal_steric_clash"":0.051,""molecular_formula"":0.0,""no_radicals"":0.0,""planar_aromatic_rings"":0.009,""planar_double_bonds"":0.0,""reference_file_loads"":0.0,""sanitisation"":0.0,""tetrahedral_chirality"":0.0}",947,112.47920749130977,2.198005702822468,2.9445950780732706,839.0,88.59556494192186,0.9921553620089636,0.006335797254487857,795.8406286983706,0.0013681843068033435,0.899880810488677,243.0,25.65997888067582,0.9439382127738527,0.022175290390707498,178.59320137060325,0.007509960314849651,0.18518518518518517,7.0,0.7391763463569165,0.9132014134952385,0.26610348468849,5.912140204778781,0.1855054978261815,0.0,2.0,0.21119324181626187,0.8692254143906311,0.7096092925026399,1.826681888277846,0.5878721110069145,0.0,947,11.215694742215096,218.74571630197096,23.873429563282638,17.140790927053672,0.8519449127262635,2.5154529629075095,0.0,0.0,0.0,1.0,0.8405724944479812,2.5168518707192806,0.0,0.0,0.0,1.0,1000,0,0,0,0,0,1000,0,0,0,0,947,1000,1000,core
2zy1_2zy1_conf0,generation,flowr_raw,dynamic,,flowr_raw_dynamic,FlowR,flowr_raw_dynamic,8,24,152,0.7,152,152,0,1.0,156,152,4,0.9743589743589745,"{""all_atoms_connected"":0,""bond_angles"":4,""bond_lengths"":4,""bonds"":0,""double_bond_stereochemistry"":0,""file_loads"":0,""inchi_convertible"":0,""internal_steric_clash"":4,""molecular_formula"":0,""no_radicals"":0,""planar_aromatic_rings"":0,""planar_double_bonds"":0,""reference_file_loads"":0,""sanitisation"":0,""tetrahedral_chirality"":0}","{""all_atoms_connected"":0.0,""bond_angles"":0.02564102564102564,""bond_lengths"":0.02564102564102564,""bonds"":0.0,""double_bond_stereochemistry"":0.0,""file_loads"":0.0,""inchi_convertible"":0.0,""internal_steric_clash"":0.02564102564102564,""molecular_formula"":0.0,""no_radicals"":0.0,""planar_aromatic_rings"":0.0,""planar_double_bonds"":0.0,""reference_file_loads"":0.0,""sanitisation"":0.0,""tetrahedral_chirality"":0.0}",152,112.18126255565643,2.1485173018672903,2.841003168597051,148.0,97.36842105263158,0.9980362684360748,0.013157894736842105,146.55475168725923,0.006925207756232687,0.972972972972973,90.0,59.21052631578947,0.960614203273058,0.039473684210526314,75.38294692606362,0.01592797783933518,0.6444444444444445,6.0,3.9473684210526314,0.8820425477427972,0.34210526315789475,4.856937460779802,0.22931094182825484,0.0,1.0,0.6578947368421053,0.0,1.0,1.0,1.0,0.0,152,11.215694742215096,163.12957205308913,23.6764980260601,16.319912502093555,1.3312066248884227,2.4648696819503417,0.0,0.0,0.0,1.0,1.306036035861402,2.5125393633771047,0.0,0.0,0.0,1.0,1000,0,0,0,0,0,156,0,0,0,0,152,156,156,core
2zy1_2zy1_conf0,generation,flowr_raw,chembl_count,,flowr_raw_chembl_count,FlowR,flowr_raw_chembl_count,8,24,91,0.7,91,91,0,1.0,94,91,3,0.9680851063829788,"{""all_atoms_connected"":0,""bond_angles"":3,""bond_lengths"":3,""bonds"":0,""double_bond_stereochemistry"":0,""file_loads"":0,""inchi_convertible"":0,""internal_steric_clash"":3,""molecular_formula"":0,""no_radicals"":0,""planar_aromatic_rings"":0,""planar_double_bonds"":0,""reference_file_loads"":0,""sanitisation"":0,""tetrahedral_chirality"":0}","{""all_atoms_connected"":0.0,""bond_angles"":0.031914893617021274,""bond_lengths"":0.031914893617021274,""bonds"":0.0,""double_bond_stereochemistry"":0.0,""file_loads"":0.0,""inchi_convertible"":0.0,""internal_steric_clash"":0.031914893617021274,""molecular_formula"":0.0,""no_radicals"":0.0,""planar_aromatic_rings"":0.0,""planar_double_bonds"":0.0,""reference_file_loads"":0.0,""sanitisation"":0.0,""tetrahedral_chirality"":0.0}",91,114.70394947186186,2.1395433757510736,2.87159431137818,91.0,100.0,1.0000000000000002,0.01098901098901099,91.00000000000006,0.01098901098901099,1.0,65.0,71.42857142857143,0.9685964912420519,0.054945054945054944,57.01400062686627,0.02064967999033933,0.7538461538461538,6.0,6.593406593406593,0.8934263777075632,0.27472527472527475,4.957022074944284,0.2145876101920058,0.16666666666666666,2.0,2.197802197802198,0.9448506439764089,0.6373626373626373,1.9249895899799396,0.5377369882864388,0.0,91,13.134397112275224,69.42134507911646,33.92998763300324,11.723034025759855,1.0823431261756722,2.5734455949189674,0.0,0.0,0.0,1.0,1.0305941513437102,2.556979199252524,0.0,0.0,0.0,1.0,1000,0,0,0,0,0,94,0,0,0,0,91,94,94,core
3aru_3aru_conf0,generation,flowr_raw,fixed,,flowr_raw_fixed,FlowR,flowr_raw_fixed,5,20,972,0.7,972,972,0,1.0,1000,972,28,0.972,"{""all_atoms_connected"":0,""bond_angles"":25,""bond_lengths"":27,""bonds"":0,""double_bond_stereochemistry"":0,""energy_ratio"":0,""file_loads"":0,""inchi_convertible"":0,""internal_steric_clash"":24,""molecular_formula"":0,""no_radicals"":0,""planar_aromatic_rings"":1,""planar_double_bonds"":0,""reference_file_loads"":0,""sanitisation"":0,""tetrahedral_chirality"":0}","{""all_atoms_connected"":0.0,""bond_angles"":0.025,""bond_lengths"":0.027,""bonds"":0.0,""double_bond_stereochemistry"":0.0,""energy_ratio"":0.0,""file_loads"":0.0,""inchi_convertible"":0.0,""internal_steric_clash"":0.024,""molecular_formula"":0.0,""no_radicals"":0.0,""planar_aromatic_rings"":0.001,""planar_double_bonds"":0.0,""reference_file_loads"":0.0,""sanitisation"":0.0,""tetrahedral_chirality"":0.0}",972,110.3301408810083,1.5796302552540555,2.2999462485184043,284.0,29.218106995884774,0.941261921273703,0.01748971193415638,203.80514068518758,0.006219410997646023,0.38380281690140844,26.0,2.674897119341564,0.871251691620335,0.0823045267489712,17.09219830991467,0.06336686480719403,0.2692307692307692,3.0,0.30864197530864196,0.940348501756877,0.5092592592592593,2.809701976850417,0.37978416230588163,0.0,1.0,0.102880658436214,0.0,1.0,1.0,1.0,0.0,972,-121.48913243586884,68.99126957327641,-118.58251075992158,12.507135403788338,0.15039385754057819,1.4996909206662445,1.0,1.0,1.0,1.0,0.19031653789120756,1.4749117540452135,1.0,1.0,1.0,1.0,1000,0,0,0,0,0,1000,0,0,0,0,972,1000,1000,core
3aru_3aru_conf0,generation,flowr_raw,dynamic,,flowr_raw_dynamic,FlowR,flowr_raw_dynamic,5,20,88,0.7,88,88,0,1.0,90,88,2,0.9777777777777776,"{""all_atoms_connected"":0,""bond_angles"":2,""bond_lengths"":2,""bonds"":0,""double_bond_stereochemistry"":0,""energy_ratio"":0,""file_loads"":0,""inchi_convertible"":0,""internal_steric_clash"":2,""molecular_formula"":0,""no_radicals"":0,""planar_aromatic_rings"":0,""planar_double_bonds"":0,""reference_file_loads"":0,""sanitisation"":0,""tetrahedral_chirality"":0}","{""all_atoms_connected"":0.0,""bond_angles"":0.022222222222222223,""bond_lengths"":0.022222222222222223,""bonds"":0.0,""double_bond_stereochemistry"":0.0,""energy_ratio"":0.0,""file_loads"":0.0,""inchi_convertible"":0.0,""internal_steric_clash"":0.022222222222222223,""molecular_formula"":0.0,""no_radicals"":0.0,""planar_aromatic_rings"":0.0,""planar_double_bonds"":0.0,""reference_file_loads"":0.0,""sanitisation"":0.0,""tetrahedral_chirality"":0.0}",88,108.22155662551951,1.5687324062888037,2.240381373721861,64.0,72.72727272727273,0.9775858332075603,0.045454545454545456,58.303678315651304,0.019111570247933883,0.703125,17.0,19.318181818181817,0.9184159872492498,0.13636363636363635,13.491615662509542,0.08548553719008263,0.17647058823529413,2.0,2.272727272727273,0.976020648236615,0.5909090909090909,1.967032300542503,0.5165289256198348,0.0,1.0,1.1363636363636365,0.0,1.0,1.0,1.0,0.0,88,-121.4843441614023,-70.96314863388734,-118.13186464589467,8.12729402661346,0.8039174804008408,1.4745936616771087,0.0,0.0,0.0,1.0,0.7266554667299218,1.5111776542164925,0.0,0.0,1.0,1.0,1000,0,0,0,0,0,90,0,0,0,0,88,90,90,core
3aru_3aru_conf0,generation,flowr_raw,chembl_count,,flowr_raw_chembl_count,FlowR,flowr_raw_chembl_count,5,20,121,0.7,121,121,0,1.0,124,121,3,0.9758064516129032,"{""all_atoms_connected"":0,""bond_angles"":3,""bond_lengths"":3,""bonds"":0,""double_bond_stereochemistry"":0,""energy_ratio"":0,""file_loads"":0,""inchi_convertible"":0,""internal_steric_clash"":3,""molecular_formula"":0,""no_radicals"":0,""planar_aromatic_rings"":0,""planar_double_bonds"":0,""reference_file_loads"":0,""sanitisation"":0,""tetrahedral_chirality"":0}","{""all_atoms_connected"":0.0,""bond_angles"":0.024193548387096774,""bond_lengths"":0.024193548387096774,""bonds"":0.0,""double_bond_stereochemistry"":0.0,""energy_ratio"":0.0,""file_loads"":0.0,""inchi_convertible"":0.0,""internal_steric_clash"":0.024193548387096774,""molecular_formula"":0.0,""no_radicals"":0.0,""planar_aromatic_rings"":0.0,""planar_double_bonds"":0.0,""reference_file_loads"":0.0,""sanitisation"":0.0,""tetrahedral_chirality"":0.0}",121,111.29710581333936,1.5987570379659917,2.303078667776939,92.0,76.03305785123968,0.9782250291016842,0.03305785123966942,83.37318729210114,0.013591967761764912,0.7717391304347826,21.0,17.355371900826448,0.9218456653126599,0.10743801652892562,16.55320621664567,0.06700361997131346,0.2857142857142857,2.0,1.6528925619834711,0.9237072060321944,0.6611570247933884,1.8969835996925417,0.5519431732805137,0.0,1.0,0.8264462809917356,0.0,1.0,1.0,1.0,0.0,121,-121.4843441614023,68.99126957327641,-118.17523284520767,22.89164201456135,0.4927687154223872,1.4465991193563503,0.0,1.0,1.0,1.0,0.5375423105108567,1.4392859569395762,0.0,0.0,1.0,1.0,1000,0,0,0,0,0,124,0,0,0,0,121,124,124,core
3ary_3ary_conf0,generation,flowr_raw,fixed,,flowr_raw_fixed,FlowR,flowr_raw_fixed,2,17,982,0.7,982,982,0,1.0,1000,982,18,0.982,"{""all_atoms_connected"":0,""bond_angles"":17,""bond_lengths"":17,""bonds"":0,""double_bond_stereochemistry"":0,""energy_ratio"":4,""file_loads"":0,""inchi_convertible"":0,""internal_steric_clash"":17,""molecular_formula"":0,""no_radicals"":0,""planar_aromatic_rings"":12,""planar_double_bonds"":0,""reference_file_loads"":0,""sanitisation"":0,""tetrahedral_chirality"":0}","{""all_atoms_connected"":0.0,""bond_angles"":0.017,""bond_lengths"":0.017,""bonds"":0.0,""double_bond_stereochemistry"":0.0,""energy_ratio"":0.004,""file_loads"":0.0,""inchi_convertible"":0.0,""internal_steric_clash"":0.017,""molecular_formula"":0.0,""no_radicals"":0.0,""planar_aromatic_rings"":0.012,""planar_double_bonds"":0.0,""reference_file_loads"":0.0,""sanitisation"":0.0,""tetrahedral_chirality"":0.0}",982,112.03453979467068,0.8558650353176704,1.3405464273034038,15.0,1.5274949083503055,0.5450073963635591,0.2790224032586558,4.3750038041295625,0.24610815452067977,0.4666666666666667,4.0,0.4073319755600815,0.7882673360176993,0.4093686354378819,2.9825259120320005,0.3414308883736172,0.25,1.0,0.10183299389002037,0.0,1.0,1.0,1.0,0.0,1.0,0.10183299389002037,0.0,1.0,1.0,1.0,0.0,982,18.696885375296908,139.4042843307211,19.657487258935117,5.3440095470772,0.32511761681886836,1.0128509114265176,0.0,1.0,1.0,1.0,0.3731993446218095,1.0279385623883253,0.0,1.0,1.0,1.0,1000,0,0,0,0,0,1000,0,0,0,0,982,1000,1000,core
3ary_3ary_conf0,generation,flowr_raw,dynamic,,flowr_raw_dynamic,FlowR,flowr_raw_dynamic,2,17,24,0.7,24,24,0,1.0,24,24,0,1.0,"{""all_atoms_connected"":0,""bond_angles"":0,""bond_lengths"":0,""bonds"":0,""double_bond_stereochemistry"":0,""energy_ratio"":0,""file_loads"":0,""inchi_convertible"":0,""internal_steric_clash"":0,""molecular_formula"":0,""no_radicals"":0,""planar_aromatic_rings"":0,""planar_double_bonds"":0,""reference_file_loads"":0,""sanitisation"":0,""tetrahedral_chirality"":0}","{""all_atoms_connected"":0.0,""bond_angles"":0.0,""bond_lengths"":0.0,""bonds"":0.0,""double_bond_stereochemistry"":0.0,""energy_ratio"":0.0,""file_loads"":0.0,""inchi_convertible"":0.0,""internal_steric_clash"":0.0,""molecular_formula"":0.0,""no_radicals"":0.0,""planar_aromatic_rings"":0.0,""planar_double_bonds"":0.0,""reference_file_loads"":0.0,""sanitisation"":0.0,""tetrahedral_chirality"":0.0}",24,99.99650944033485,0.8418217342482689,1.3403158872620788,5.0,20.833333333333332,0.8713153210338602,0.4166666666666667,4.0646511093435755,0.28125000000000006,0.2,2.0,8.333333333333334,0.8708644692353646,0.7083333333333334,1.828758372307556,0.5868055555555556,0.0,1.0,4.166666666666667,0.0,1.0,1.0,1.0,0.0,1.0,4.166666666666667,0.0,1.0,1.0,1.0,0.0,24,19.59689113356674,25.39577224043272,25.256979495819493,2.7731116000944898,0.49655563345941234,0.97958368159904,0.0,1.0,1.0,1.0,0.5133031113433726,0.8038434906371793,0.0,0.0,1.0,1.0,1000,0,0,0,0,0,24,0,0,0,0,24,24,24,core
3ary_3ary_conf0,generation,flowr_raw,chembl_count,,flowr_raw_chembl_count,FlowR,flowr_raw_chembl_count,2,17,3,0.7,3,3,0,1.0,3,3,0,1.0,"{""all_atoms_connected"":0,""bond_angles"":0,""bond_lengths"":0,""bonds"":0,""double_bond_stereochemistry"":0,""energy_ratio"":0,""file_loads"":0,""inchi_convertible"":0,""internal_steric_clash"":0,""molecular_formula"":0,""no_radicals"":0,""planar_aromatic_rings"":0,""planar_double_bonds"":0,""reference_file_loads"":0,""sanitisation"":0,""tetrahedral_chirality"":0}","{""all_atoms_connected"":0.0,""bond_angles"":0.0,""bond_lengths"":0.0,""bonds"":0.0,""double_bond_stereochemistry"":0.0,""energy_ratio"":0.0,""file_loads"":0.0,""inchi_convertible"":0.0,""internal_steric_clash"":0.0,""molecular_formula"":0.0,""no_radicals"":0.0,""planar_aromatic_rings"":0.0,""planar_double_bonds"":0.0,""reference_file_loads"":0.0,""sanitisation"":0.0,""tetrahedral_chirality"":0.0}",3,72.0462287214896,0.6744671878535495,0.9390643713390991,2.0,66.66666666666667,0.9182958340544894,0.6666666666666666,1.8898815748423097,0.5555555555555556,0.5,1.0,33.333333333333336,0.0,1.0,1.0,1.0,0.0,1.0,33.333333333333336,0.0,1.0,1.0,1.0,0.0,1.0,33.333333333333336,0.0,1.0,1.0,1.0,0.0,3,19.59802460318001,25.319397025330932,19.60232306919068,2.6960682378797527,0.4944925653868762,1.0128507720062443,0.0,1.0,1.0,1.0,0.5119751092141622,1.0279407027950096,0.0,0.0,1.0,1.0,1000,0,0,0,0,0,3,0,0,0,0,3,3,3,core
3b27_3b27_conf0,generation,flowr_raw,fixed,,flowr_raw_fixed,FlowR,flowr_raw_fixed,3,16,969,0.7,969,969,0,1.0,1000,969,31,0.969,"{""all_atoms_connected"":0,""bond_angles"":31,""bond_lengths"":31,""bonds"":0,""double_bond_stereochemistry"":0,""energy_ratio"":19,""file_loads"":0,""inchi_convertible"":0,""internal_steric_clash"":31,""molecular_formula"":0,""no_radicals"":0,""planar_aromatic_rings"":12,""planar_double_bonds"":0,""reference_file_loads"":0,""sanitisation"":0,""tetrahedral_chirality"":0}","{""all_atoms_connected"":0.0,""bond_angles"":0.031,""bond_lengths"":0.031,""bonds"":0.0,""double_bond_stereochemistry"":0.0,""energy_ratio"":0.019,""file_loads"":0.0,""inchi_convertible"":0.0,""internal_steric_clash"":0.031,""molecular_formula"":0.0,""no_radicals"":0.0,""planar_aromatic_rings"":0.012,""planar_double_bonds"":0.0,""reference_file_loads"":0.0,""sanitisation"":0.0,""tetrahedral_chirality"":0.0}",969,114.89117997425754,1.1774322508299722,1.942396379364078,11.0,1.1351909184726523,0.8892306535779282,0.18472652218782248,8.434091301222411,0.12753351843154295,0.09090909090909091,4.0,0.41279669762641896,0.9973544076189372,0.28276573787409703,3.98535659007936,0.2518517808513879,0.0,1.0,0.10319917440660474,0.0,1.0,1.0,1.0,0.0,1.0,0.10319917440660474,0.0,1.0,1.0,1.0,0.0,969,-157.65355003238062,-145.6464826206245,-156.87804547828978,0.5510492988388747,0.11483605716391683,1.3548807981559663,1.0,1.0,1.0,1.0,0.11593715586428475,1.3641819601755318,1.0,1.0,1.0,1.0,1000,0,0,0,0,0,1000,0,0,0,0,969,1000,1000,core
3b27_3b27_conf0,generation,flowr_raw,dynamic,,flowr_raw_dynamic,FlowR,flowr_raw_dynamic,3,16,44,0.7,44,44,0,1.0,46,44,2,0.9565217391304348,"{""all_atoms_connected"":0,""bond_angles"":2,""bond_lengths"":2,""bonds"":0,""double_bond_stereochemistry"":0,""energy_ratio"":1,""file_loads"":0,""inchi_convertible"":0,""internal_steric_clash"":2,""molecular_formula"":0,""no_radicals"":0,""planar_aromatic_rings"":1,""planar_double_bonds"":0,""reference_file_loads"":0,""sanitisation"":0,""tetrahedral_chirality"":0}","{""all_atoms_connected"":0.0,""bond_angles"":0.043478260869565216,""bond_lengths"":0.043478260869565216,""bonds"":0.0,""double_bond_stereochemistry"":0.0,""energy_ratio"":0.021739130434782608,""file_loads"":0.0,""inchi_convertible"":0.0,""internal_steric_clash"":0.043478260869565216,""molecular_formula"":0.0,""no_radicals"":0.0,""planar_aromatic_rings"":0.021739130434782608,""planar_double_bonds"":0.0,""reference_file_loads"":0.0,""sanitisation"":0.0,""tetrahedral_chirality"":0.0}",44,118.63816490305393,1.2050033878341704,1.9450255523811593,8.0,18.181818181818183,0.9795842863595189,0.20454545454545456,7.667481917192589,0.13636363636363635,0.0,4.0,9.090909090909092,0.9956473316073791,0.29545454545454547,3.9759363553933333,0.253099173553719,0.0,1.0,2.272727272727273,0.0,1.0,1.0,1.0,0.0,1.0,2.272727272727273,0.0,1.0,1.0,1.0,0.0,44,-157.50493235231238,-156.348991635842,-156.87805078490177,0.3606827929609461,0.18571121869885623,1.1014282380012115,1.0,1.0,1.0,1.0,0.19882586600852098,1.0976045772148955,1.0,1.0,1.0,1.0,1000,0,0,0,0,0,46,0,0,0,0,44,46,46,core
3b27_3b27_conf0,generation,flowr_raw,chembl_count,,flowr_raw_chembl_count,FlowR,flowr_raw_chembl_count,3,16,9,0.7,9,9,0,1.0,9,9,0,1.0,"{""all_atoms_connected"":0,""bond_angles"":0,""bond_lengths"":0,""bonds"":0,""double_bond_stereochemistry"":0,""energy_ratio"":0,""file_loads"":0,""inchi_convertible"":0,""internal_steric_clash"":0,""molecular_formula"":0,""no_radicals"":0,""planar_aromatic_rings"":0,""planar_double_bonds"":0,""reference_file_loads"":0,""sanitisation"":0,""tetrahedral_chirality"":0}","{""all_atoms_connected"":0.0,""bond_angles"":0.0,""bond_lengths"":0.0,""bonds"":0.0,""double_bond_stereochemistry"":0.0,""energy_ratio"":0.0,""file_loads"":0.0,""inchi_convertible"":0.0,""internal_steric_clash"":0.0,""molecular_formula"":0.0,""no_radicals"":0.0,""planar_aromatic_rings"":0.0,""planar_double_bonds"":0.0,""reference_file_loads"":0.0,""sanitisation"":0.0,""tetrahedral_chirality"":0.0}",9,109.91390864724288,0.73005962737045,1.8093506066208582,2.0,22.22222222222222,0.7642045065086203,0.7777777777777778,1.6984332340231805,0.654320987654321,0.0,2.0,22.22222222222222,0.7642045065086203,0.7777777777777778,1.6984332340231805,0.654320987654321,0.0,1.0,11.11111111111111,0.0,1.0,1.0,1.0,0.0,1.0,11.11111111111111,0.0,1.0,1.0,1.0,0.0,9,-157.50783199161927,-156.75775889906885,-157.42085313901362,0.28600742208562857,1.0026095553417944,1.057868323581569,0.0,0.0,0.0,1.0,0.9891041242126399,1.0472552376792448,0.0,0.0,0.0,1.0,1000,0,0,0,0,0,9,0,0,0,0,9,9,9,core
3b5r_3b5r_conf0,generation,flowr_raw,fixed,,flowr_raw_fixed,FlowR,flowr_raw_fixed,6,28,951,0.7,951,951,0,1.0,1000,951,49,0.951,"{""all_atoms_connected"":0,""bond_angles"":41,""bond_lengths"":41,""bonds"":0,""double_bond_stereochemistry"":0,""file_loads"":0,""inchi_convertible"":0,""internal_steric_clash"":41,""molecular_formula"":0,""no_radicals"":0,""planar_aromatic_rings"":11,""planar_double_bonds"":0,""reference_file_loads"":0,""sanitisation"":0,""tetrahedral_chirality"":1}","{""all_atoms_connected"":0.0,""bond_angles"":0.041,""bond_lengths"":0.041,""bonds"":0.0,""double_bond_stereochemistry"":0.0,""file_loads"":0.0,""inchi_convertible"":0.0,""internal_steric_clash"":0.041,""molecular_formula"":0.0,""no_radicals"":0.0,""planar_aromatic_rings"":0.011,""planar_double_bonds"":0.0,""reference_file_loads"":0.0,""sanitisation"":0.0,""tetrahedral_chirality"":0.001}",951,115.05397392514391,2.2408680619000485,2.922053360929629,780.0,82.01892744479495,0.9866434602384552,0.00946372239747634,713.6187068380146,0.0016220680870543043,0.8435897435897436,269.0,28.286014721345953,0.9561138350128766,0.014721345951629864,210.43587038251923,0.005775093127937718,0.2527881040892193,10.0,1.0515247108307044,0.9744503281784107,0.14931650893796003,9.42866766230154,0.11147157068601206,0.0,2.0,0.2103049421661409,0.9304004576953382,0.6540483701366983,1.9058049286172036,0.5474618006835463,0.0,951,76.63385006228029,335.3869291268642,94.05373773141596,17.53622130377316,0.3950172006474816,2.0942167927151174,0.0,1.0,1.0,1.0,0.456011445831589,2.0957355333156498,0.0,1.0,1.0,1.0,1000,0,0,0,0,0,1000,0,0,0,0,951,1000,1000,core
3b5r_3b5r_conf0,generation,flowr_raw,dynamic,,flowr_raw_dynamic,FlowR,flowr_raw_dynamic,6,28,101,0.7,101,101,0,1.0,112,101,11,0.9017857142857144,"{""all_atoms_connected"":0,""bond_angles"":11,""bond_lengths"":11,""bonds"":0,""double_bond_stereochemistry"":0,""file_loads"":0,""inchi_convertible"":0,""internal_steric_clash"":11,""molecular_formula"":0,""no_radicals"":0,""planar_aromatic_rings"":2,""planar_double_bonds"":0,""reference_file_loads"":0,""sanitisation"":0,""tetrahedral_chirality"":0}","{""all_atoms_connected"":0.0,""bond_angles"":0.09821428571428571,""bond_lengths"":0.09821428571428571,""bonds"":0.0,""double_bond_stereochemistry"":0.0,""file_loads"":0.0,""inchi_convertible"":0.0,""internal_steric_clash"":0.09821428571428571,""molecular_formula"":0.0,""no_radicals"":0.0,""planar_aromatic_rings"":0.017857142857142856,""planar_double_bonds"":0.0,""reference_file_loads"":0.0,""sanitisation"":0.0,""tetrahedral_chirality"":0.0}",101,117.93627005571764,2.246727073085875,2.949572505303985,99.0,98.01980198019803,0.9983785609464279,0.019801980198019802,98.26512111186278,0.010293108518772671,0.9797979797979798,76.0,75.24752475247524,0.9753092476752429,0.0594059405940594,68.29279537340338,0.01715518086462111,0.75,8.0,7.920792079207921,0.956470937386644,0.2079207920792079,7.307676716544515,0.14831879227526712,0.0,2.0,1.9801980198019802,0.9743197211096905,0.594059405940594,1.9647145501135215,0.5176943436917949,0.0,101,78.14619947116401,139.01829962523627,92.50318621262035,12.419615391919468,0.7005138492601626,2.159635466175069,0.0,0.0,1.0,1.0,0.6105382921253574,2.168946445841509,0.0,0.0,1.0,1.0,1000,0,0,0,0,0,112,0,0,0,0,101,112,112,core
3b5r_3b5r_conf0,generation,flowr_raw,chembl_count,,flowr_raw_chembl_count,FlowR,flowr_raw_chembl_count,6,28,189,0.7,189,189,0,1.0,200,189,11,0.945,"{""all_atoms_connected"":0,""bond_angles"":8,""bond_lengths"":7,""bonds"":0,""double_bond_stereochemistry"":0,""file_loads"":0,""inchi_convertible"":0,""internal_steric_clash"":9,""molecular_formula"":0,""no_radicals"":0,""planar_aromatic_rings"":3,""planar_double_bonds"":0,""reference_file_loads"":0,""sanitisation"":0,""tetrahedral_chirality"":0}","{""all_atoms_connected"":0.0,""bond_angles"":0.04,""bond_lengths"":0.035,""bonds"":0.0,""double_bond_stereochemistry"":0.0,""file_loads"":0.0,""inchi_convertible"":0.0,""internal_steric_clash"":0.045,""molecular_formula"":0.0,""no_radicals"":0.0,""planar_aromatic_rings"":0.015,""planar_double_bonds"":0.0,""reference_file_loads"":0.0,""sanitisation"":0.0,""tetrahedral_chirality"":0.0}",189,114.62818263279208,2.235986059555701,2.890351555514575,180.0,95.23809523809524,0.996683228164355,0.010582010582010581,176.92625332373143,0.005794910556815317,0.95,117.0,61.904761904761905,0.97073292179346,0.026455026455026454,101.77851368231687,0.011393857954704517,0.6068376068376068,8.0,4.232804232804233,0.9173088429633962,0.25396825396825395,6.736160572447668,0.1673805324598975,0.0,2.0,1.0582010582010581,0.7240394551790453,0.798941798941799,1.6518005031004224,0.6787323983091178,0.0,189,77.65594983308549,335.3869291268642,93.65586045316462,22.013573417844892,0.46705001019634484,2.0545137207322965,0.0,1.0,1.0,1.0,0.456011445831589,2.0684043055126895,0.0,1.0,1.0,1.0,1000,0,0,0,0,0,200,0,0,0,0,189,200,200,core
3b65_3b65_conf0,generation,flowr_raw,fixed,,flowr_raw_fixed,FlowR,flowr_raw_fixed,6,25,959,0.7,959,959,0,1.0,1000,959,41,0.959,"{""all_atoms_connected"":0,""bond_angles"":37,""bond_lengths"":37,""bonds"":0,""double_bond_stereochemistry"":0,""energy_ratio"":7,""file_loads"":0,""inchi_convertible"":0,""internal_steric_clash"":38,""molecular_formula"":0,""no_radicals"":0,""planar_aromatic_rings"":4,""planar_double_bonds"":0,""reference_file_loads"":0,""sanitisation"":0,""tetrahedral_chirality"":0}","{""all_atoms_connected"":0.0,""bond_angles"":0.037,""bond_lengths"":0.037,""bonds"":0.0,""double_bond_stereochemistry"":0.0,""energy_ratio"":0.007,""file_loads"":0.0,""inchi_convertible"":0.0,""internal_steric_clash"":0.038,""molecular_formula"":0.0,""no_radicals"":0.0,""planar_aromatic_rings"":0.004,""planar_double_bonds"":0.0,""reference_file_loads"":0.0,""sanitisation"":0.0,""tetrahedral_chirality"":0.0}",959,115.2860819314831,1.9886555592746857,2.726793861283968,620.0,64.65067778936393,0.9711491432880545,0.010427528675703858,515.0255765735785,0.0024910811466149676,0.6951612903225807,155.0,16.16266944734098,0.9289895949843426,0.028154327424400417,108.34162798009075,0.011835625613663869,0.18064516129032257,6.0,0.6256517205422315,0.9103022354279091,0.3159541188738269,5.10919904969368,0.22393090647735464,0.0,2.0,0.20855057351407716,0.9325220718536478,0.6517205422314911,1.9086096497423475,0.5460382458700354,0.0,959,86.2189536543631,374.87608254599866,103.395167558946,16.19707664778461,0.41084743226396303,1.7574617645000359,0.0,1.0,1.0,1.0,0.3608366373214686,1.7759074427210544,0.0,1.0,1.0,1.0,1000,0,0,0,0,0,1000,0,0,0,0,959,1000,1000,core
3b65_3b65_conf0,generation,flowr_raw,dynamic,,flowr_raw_dynamic,FlowR,flowr_raw_dynamic,6,25,106,0.7,106,106,0,1.0,112,106,6,0.9464285714285714,"{""all_atoms_connected"":0,""bond_angles"":5,""bond_lengths"":5,""bonds"":0,""double_bond_stereochemistry"":0,""energy_ratio"":2,""file_loads"":0,""inchi_convertible"":0,""internal_steric_clash"":6,""molecular_formula"":0,""no_radicals"":0,""planar_aromatic_rings"":1,""planar_double_bonds"":0,""reference_file_loads"":0,""sanitisation"":0,""tetrahedral_chirality"":0}","{""all_atoms_connected"":0.0,""bond_angles"":0.044642857142857144,""bond_lengths"":0.044642857142857144,""bonds"":0.0,""double_bond_stereochemistry"":0.0,""energy_ratio"":0.017857142857142856,""file_loads"":0.0,""inchi_convertible"":0.0,""internal_steric_clash"":0.05357142857142857,""molecular_formula"":0.0,""no_radicals"":0.0,""planar_aromatic_rings"":0.008928571428571428,""planar_double_bonds"":0.0,""reference_file_loads"":0.0,""sanitisation"":0.0,""tetrahedral_chirality"":0.0}",106,114.51199072419246,1.9748703913097259,2.69277338450789,99.0,93.39622641509433,0.9938707147989989,0.02830188679245283,96.25058490074954,0.010857956568173729,0.9393939393939394,57.0,53.77358490566038,0.959177640581668,0.04716981132075472,48.32767489843573,0.024207903168387324,0.5263157894736842,6.0,5.660377358490566,0.837512943534466,0.3490566037735849,4.484476414296267,0.24884300462798145,0.16666666666666666,1.0,0.9433962264150944,0.0,1.0,1.0,1.0,0.0,106,86.2189536543631,147.76758311441722,102.83799161579795,12.63310095748508,0.702350753007554,1.74598026131158,0.0,0.0,1.0,1.0,0.7611345230923761,1.7456986714096236,0.0,0.0,0.0,1.0,1000,0,0,0,0,0,112,0,0,0,0,106,112,112,core
3b65_3b65_conf0,generation,flowr_raw,chembl_count,,flowr_raw_chembl_count,FlowR,flowr_raw_chembl_count,6,25,193,0.7,193,193,0,1.0,200,193,7,0.965,"{""all_atoms_connected"":0,""bond_angles"":6,""bond_lengths"":6,""bonds"":0,""double_bond_stereochemistry"":0,""energy_ratio"":1,""file_loads"":0,""inchi_convertible"":0,""internal_steric_clash"":7,""molecular_formula"":0,""no_radicals"":0,""planar_aromatic_rings"":0,""planar_double_bonds"":0,""reference_file_loads"":0,""sanitisation"":0,""tetrahedral_chirality"":0}","{""all_atoms_connected"":0.0,""bond_angles"":0.03,""bond_lengths"":0.03,""bonds"":0.0,""double_bond_stereochemistry"":0.0,""energy_ratio"":0.005,""file_loads"":0.0,""inchi_convertible"":0.0,""internal_steric_clash"":0.035,""molecular_formula"":0.0,""no_radicals"":0.0,""planar_aromatic_rings"":0.0,""planar_double_bonds"":0.0,""reference_file_loads"":0.0,""sanitisation"":0.0,""tetrahedral_chirality"":0.0}",193,113.85262834899196,2.006276383441858,2.7154104664399834,169.0,87.56476683937824,0.9906955564614042,0.015544041450777202,161.12296995251043,0.006631050497999948,0.8757396449704142,80.0,41.45077720207254,0.9501255766629825,0.046632124352331605,64.29459593932079,0.01898037531208891,0.4,5.0,2.5906735751295336,0.9162106941908923,0.35751295336787564,4.369218792061962,0.25211415071545545,0.0,2.0,1.0362694300518134,0.9943960953249454,0.5440414507772021,1.9922464070572339,0.5038792987731215,0.0,193,86.91869544197468,217.8864835969016,103.34747642134883,15.32588580762587,0.49466604292439864,1.8197576592285594,0.0,1.0,1.0,1.0,0.5585507488244215,1.8197547917008439,0.0,0.0,1.0,1.0,1000,0,0,0,0,0,200,0,0,0,0,193,200,200,core
3bgz_3bgz_conf0,generation,flowr_raw,fixed,,flowr_raw_fixed,FlowR,flowr_raw_fixed,3,24,908,0.7,908,908,0,1.0,1000,908,92,0.908,"{""all_atoms_connected"":0,""bond_angles"":74,""bond_lengths"":75,""bonds"":0,""double_bond_stereochemistry"":0,""file_loads"":0,""inchi_convertible"":0,""internal_steric_clash"":76,""molecular_formula"":0,""no_radicals"":0,""planar_aromatic_rings"":43,""planar_double_bonds"":0,""reference_file_loads"":0,""sanitisation"":0,""tetrahedral_chirality"":0}","{""all_atoms_connected"":0.0,""bond_angles"":0.074,""bond_lengths"":0.075,""bonds"":0.0,""double_bond_stereochemistry"":0.0,""file_loads"":0.0,""inchi_convertible"":0.0,""internal_steric_clash"":0.076,""molecular_formula"":0.0,""no_radicals"":0.0,""planar_aromatic_rings"":0.043,""planar_double_bonds"":0.0,""reference_file_loads"":0.0,""sanitisation"":0.0,""tetrahedral_chirality"":0.0}",908,106.44481374387705,0.55576433059121,0.8527053739377827,54.0,5.947136563876652,0.4921347648767557,0.3898678414096916,7.121495360063212,0.244309029866677,0.5740740740740741,14.0,1.5418502202643172,0.30498576166748165,0.7775330396475771,2.2364167274098206,0.6294149896174971,0.14285714285714285,1.0,0.11013215859030837,0.0,1.0,1.0,1.0,0.0,1.0,0.11013215859030837,0.0,1.0,1.0,1.0,0.0,908,68.40267322104839,287.0046439862567,68.99950317239406,17.178713486800888,0.15271410349077683,0.6445012119292479,1.0,1.0,1.0,1.0,0.22505707154219892,0.677406522184625,1.0,1.0,1.0,1.0,1000,0,0,0,0,0,1000,0,0,0,0,908,1000,1000,core
3bgz_3bgz_conf0,generation,flowr_raw,dynamic,,flowr_raw_dynamic,FlowR,flowr_raw_dynamic,3,24,40,0.7,40,40,0,1.0,46,40,6,0.8695652173913043,"{""all_atoms_connected"":0,""bond_angles"":4,""bond_lengths"":4,""bonds"":0,""double_bond_stereochemistry"":0,""file_loads"":0,""inchi_convertible"":0,""internal_steric_clash"":5,""molecular_formula"":0,""no_radicals"":0,""planar_aromatic_rings"":3,""planar_double_bonds"":0,""reference_file_loads"":0,""sanitisation"":0,""tetrahedral_chirality"":0}","{""all_atoms_connected"":0.0,""bond_angles"":0.08695652173913043,""bond_lengths"":0.08695652173913043,""bonds"":0.0,""double_bond_stereochemistry"":0.0,""file_loads"":0.0,""inchi_convertible"":0.0,""internal_steric_clash"":0.10869565217391304,""molecular_formula"":0.0,""no_radicals"":0.0,""planar_aromatic_rings"":0.06521739130434782,""planar_double_bonds"":0.0,""reference_file_loads"":0.0,""sanitisation"":0.0,""tetrahedral_chirality"":0.0}",40,105.58687397972636,0.5371718210559224,0.8361808737535927,6.0,15.0,0.6038633237457802,0.5,2.950509385336918,0.4125,0.6666666666666666,1.0,2.5,0.0,1.0,1.0,1.0,0.0,1.0,2.5,0.0,1.0,1.0,1.0,0.0,1.0,2.5,0.0,1.0,1.0,1.0,0.0,40,68.40268018810096,88.87207485578952,68.86422820818021,4.920411793134591,0.15271410349077683,0.7074187262584269,1.0,1.0,1.0,1.0,0.24191263589765183,0.7671911982150057,1.0,1.0,1.0,1.0,1000,0,0,0,0,0,46,0,0,0,0,40,46,46,core
3bgz_3bgz_conf0,generation,flowr_raw,chembl_count,,flowr_raw_chembl_count,FlowR,flowr_raw_chembl_count,3,24,9,0.7,9,9,0,1.0,10,9,1,0.9,"{""all_atoms_connected"":0,""bond_angles"":1,""bond_lengths"":1,""bonds"":0,""double_bond_stereochemistry"":0,""file_loads"":0,""inchi_convertible"":0,""internal_steric_clash"":1,""molecular_formula"":0,""no_radicals"":0,""planar_aromatic_rings"":0,""planar_double_bonds"":0,""reference_file_loads"":0,""sanitisation"":0,""tetrahedral_chirality"":0}","{""all_atoms_connected"":0.0,""bond_angles"":0.1,""bond_lengths"":0.1,""bonds"":0.0,""double_bond_stereochemistry"":0.0,""file_loads"":0.0,""inchi_convertible"":0.0,""internal_steric_clash"":0.1,""molecular_formula"":0.0,""no_radicals"":0.0,""planar_aromatic_rings"":0.0,""planar_double_bonds"":0.0,""reference_file_loads"":0.0,""sanitisation"":0.0,""tetrahedral_chirality"":0.0}",9,80.4644999938103,0.5460345814314345,0.8399520274223076,3.0,33.333333333333336,0.8527924884900404,0.5555555555555556,2.552027924280892,0.4320987654320988,0.3333333333333333,1.0,11.11111111111111,0.0,1.0,1.0,1.0,0.0,1.0,11.11111111111111,0.0,1.0,1.0,1.0,0.0,1.0,11.11111111111111,0.0,1.0,1.0,1.0,0.0,9,68.40267760405094,91.60815004261016,68.40734418517533,7.144531704188443,0.18101741701770221,0.48022832120815995,1.0,1.0,1.0,1.0,0.2575544210534977,0.5418996090979106,0.0,1.0,1.0,1.0,1000,0,0,0,0,0,10,0,0,0,0,9,10,10,core
3cj4_3cj4_conf0,generation,flowr_raw,fixed,,flowr_raw_fixed,FlowR,flowr_raw_fixed,5,25,941,0.7,941,941,0,1.0,1000,941,59,0.941,"{""all_atoms_connected"":0,""bond_angles"":49,""bond_lengths"":50,""bonds"":0,""double_bond_stereochemistry"":0,""energy_ratio"":7,""file_loads"":0,""inchi_convertible"":0,""internal_steric_clash"":51,""molecular_formula"":0,""no_radicals"":0,""planar_aromatic_rings"":13,""planar_double_bonds"":0,""reference_file_loads"":0,""sanitisation"":0,""tetrahedral_chirality"":1}","{""all_atoms_connected"":0.0,""bond_angles"":0.049,""bond_lengths"":0.05,""bonds"":0.0,""double_bond_stereochemistry"":0.0,""energy_ratio"":0.007,""file_loads"":0.0,""inchi_convertible"":0.0,""internal_steric_clash"":0.051,""molecular_formula"":0.0,""no_radicals"":0.0,""planar_aromatic_rings"":0.013,""planar_double_bonds"":0.0,""reference_file_loads"":0.0,""sanitisation"":0.0,""tetrahedral_chirality"":0.001}",941,108.26019360319181,1.963196725599631,2.5695375612987617,793.0,84.2720510095643,0.9882766971297302,0.006376195536663124,733.3041277569422,0.0015437937121180467,0.8688524590163934,206.0,21.891604675876728,0.8974890068569356,0.03825717321997875,119.30822748367297,0.012547982396008498,0.3737864077669903,7.0,0.7438894792773645,0.8090877543026898,0.36238044633368754,4.827902327355193,0.24596010529870202,0.0,2.0,0.21253985122210414,0.8074663206316085,0.7523910733262487,1.7501351325302097,0.6274025077895518,0.0,941,-13.761685108035486,381.0545594574453,15.952110620138846,28.65244122950598,0.8476943826149074,1.8231503369027369,0.0,0.0,0.0,1.0,0.7059707538834904,1.8603262696959837,0.0,0.0,1.0,1.0,1000,0,0,0,0,0,1000,0,0,0,0,941,1000,1000,core
3cj4_3cj4_conf0,generation,flowr_raw,dynamic,,flowr_raw_dynamic,FlowR,flowr_raw_dynamic,5,25,87,0.7,87,87,0,1.0,90,87,3,0.9666666666666668,"{""all_atoms_connected"":0,""bond_angles"":3,""bond_lengths"":3,""bonds"":0,""double_bond_stereochemistry"":0,""energy_ratio"":1,""file_loads"":0,""inchi_convertible"":0,""internal_steric_clash"":3,""molecular_formula"":0,""no_radicals"":0,""planar_aromatic_rings"":0,""planar_double_bonds"":0,""reference_file_loads"":0,""sanitisation"":0,""tetrahedral_chirality"":0}","{""all_atoms_connected"":0.0,""bond_angles"":0.03333333333333333,""bond_lengths"":0.03333333333333333,""bonds"":0.0,""double_bond_stereochemistry"":0.0,""energy_ratio"":0.011111111111111112,""file_loads"":0.0,""inchi_convertible"":0.0,""internal_steric_clash"":0.03333333333333333,""molecular_formula"":0.0,""no_radicals"":0.0,""planar_aromatic_rings"":0.0,""planar_double_bonds"":0.0,""reference_file_loads"":0.0,""sanitisation"":0.0,""tetrahedral_chirality"":0.0}",87,106.13553997654101,1.9766261463349644,2.532218647229895,85.0,97.70114942528735,0.9980615238004635,0.022988505747126436,84.2711252633487,0.012022724270048888,0.9764705882352941,55.0,63.2183908045977,0.9588828343135917,0.05747126436781609,46.64487229930474,0.02576298057867618,0.6727272727272727,5.0,5.747126436781609,0.9373480619966554,0.3103448275862069,4.520413663472948,0.23873695336239925,0.0,1.0,1.1494252873563218,0.0,1.0,1.0,1.0,0.0,87,-13.761685108035486,149.08496816278,18.387627653145913,23.84518645272996,0.8476943826149074,1.8091870334607454,0.0,0.0,0.0,1.0,0.918155154776961,1.8783179659838116,0.0,0.0,0.0,1.0,1000,0,0,0,0,0,90,0,0,0,0,87,90,90,core
3cj4_3cj4_conf0,generation,flowr_raw,chembl_count,,flowr_raw_chembl_count,FlowR,flowr_raw_chembl_count,5,25,187,0.7,187,187,0,1.0,199,187,12,0.9396984924623116,"{""all_atoms_connected"":0,""bond_angles"":8,""bond_lengths"":8,""bonds"":0,""double_bond_stereochemistry"":0,""energy_ratio"":1,""file_loads"":0,""inchi_convertible"":0,""internal_steric_clash"":9,""molecular_formula"":0,""no_radicals"":0,""planar_aromatic_rings"":6,""planar_double_bonds"":0,""reference_file_loads"":0,""sanitisation"":0,""tetrahedral_chirality"":1}","{""all_atoms_connected"":0.0,""bond_angles"":0.04020100502512563,""bond_lengths"":0.04020100502512563,""bonds"":0.0,""double_bond_stereochemistry"":0.0,""energy_ratio"":0.005025125628140704,""file_loads"":0.0,""inchi_convertible"":0.0,""internal_steric_clash"":0.04522613065326633,""molecular_formula"":0.0,""no_radicals"":0.0,""planar_aromatic_rings"":0.03015075376884422,""planar_double_bonds"":0.0,""reference_file_loads"":0.0,""sanitisation"":0.0,""tetrahedral_chirality"":0.005025125628140704}",187,109.004221267438,1.9540922647099552,2.5125428429909475,178.0,95.18716577540107,0.9961030596660337,0.016042780748663103,174.44167567842715,0.005919528725442536,0.9550561797752809,82.0,43.850267379679146,0.9277107011044904,0.06417112299465241,59.63010729325941,0.023020389487832082,0.5365853658536586,4.0,2.1390374331550803,0.8755045724444684,0.39572192513368987,3.365939264934823,0.3300351740112671,0.0,1.0,0.5347593582887701,0.0,1.0,1.0,1.0,0.0,187,-10.84792109452902,174.84841849448375,15.774705038060272,26.000219138028452,0.9819481624129256,1.830151802568002,0.0,0.0,0.0,1.0,0.7603958190777086,1.84962310612264,0.0,0.0,0.0,1.0,1000,0,0,0,0,0,199,0,0,0,0,187,199,199,core
3dd0_3dd0_conf0,generation,flowr_raw,fixed,,flowr_raw_fixed,FlowR,flowr_raw_fixed,4,16,989,0.7,989,989,0,1.0,1000,989,11,0.989,"{""all_atoms_connected"":0,""bond_angles"":11,""bond_lengths"":11,""bonds"":0,""double_bond_stereochemistry"":0,""energy_ratio"":1,""file_loads"":0,""inchi_convertible"":0,""internal_steric_clash"":11,""molecular_formula"":0,""no_radicals"":0,""planar_aromatic_rings"":7,""planar_double_bonds"":0,""reference_file_loads"":0,""sanitisation"":0,""tetrahedral_chirality"":0}","{""all_atoms_connected"":0.0,""bond_angles"":0.011,""bond_lengths"":0.011,""bonds"":0.0,""double_bond_stereochemistry"":0.0,""energy_ratio"":0.001,""file_loads"":0.0,""inchi_convertible"":0.0,""internal_steric_clash"":0.011,""molecular_formula"":0.0,""no_radicals"":0.0,""planar_aromatic_rings"":0.007,""planar_double_bonds"":0.0,""reference_file_loads"":0.0,""sanitisation"":0.0,""tetrahedral_chirality"":0.0}",989,108.06039024736106,0.7358948248069359,1.114711067871033,30.0,3.033367037411527,0.739946184313537,0.23356926188068755,12.387687362379177,0.12817739318550567,0.16666666666666666,5.0,0.5055611729019212,0.5445114506501685,0.6673407482305359,2.402133672072245,0.5008654348490627,0.4,1.0,0.10111223458038422,0.0,1.0,1.0,1.0,0.0,1.0,0.10111223458038422,0.0,1.0,1.0,1.0,0.0,989,-1.3345351362227937,320.3559465157992,1.244655129436655,11.83770648458416,0.2571611288205374,0.8227283709436107,0.0,1.0,1.0,1.0,0.25258039674536853,0.8902662337686329,0.0,1.0,1.0,1.0,1000,0,0,0,0,0,1000,0,0,0,0,989,1000,1000,core
3dd0_3dd0_conf0,generation,flowr_raw,dynamic,,flowr_raw_dynamic,FlowR,flowr_raw_dynamic,4,16,68,0.7,68,68,0,1.0,68,68,0,1.0,"{""all_atoms_connected"":0,""bond_angles"":0,""bond_lengths"":0,""bonds"":0,""double_bond_stereochemistry"":0,""energy_ratio"":0,""file_loads"":0,""inchi_convertible"":0,""internal_steric_clash"":0,""molecular_formula"":0,""no_radicals"":0,""planar_aromatic_rings"":0,""planar_double_bonds"":0,""reference_file_loads"":0,""sanitisation"":0,""tetrahedral_chirality"":0}","{""all_atoms_connected"":0.0,""bond_angles"":0.0,""bond_lengths"":0.0,""bonds"":0.0,""double_bond_stereochemistry"":0.0,""energy_ratio"":0.0,""file_loads"":0.0,""inchi_convertible"":0.0,""internal_steric_clash"":0.0,""molecular_formula"":0.0,""no_radicals"":0.0,""planar_aromatic_rings"":0.0,""planar_double_bonds"":0.0,""reference_file_loads"":0.0,""sanitisation"":0.0,""tetrahedral_chirality"":0.0}",68,107.49157164379281,0.74531930656101,1.1078252646104982,12.0,17.647058823529413,0.8776688333114198,0.2647058823529412,8.854493942111835,0.13970588235294118,0.16666666666666666,3.0,4.411764705882353,0.9688813879654357,0.4264705882352941,2.899171478431468,0.35510380622837373,0.0,1.0,1.4705882352941178,0.0,1.0,1.0,1.0,0.0,1.0,1.4705882352941178,0.0,1.0,1.0,1.0,0.0,68,-1.334529283766777,9.947858380393187,0.9406611307251902,2.146083416170128,0.42671961041308065,0.7888485124367868,0.0,1.0,1.0,1.0,0.5224818680771113,0.853241605577284,0.0,0.0,1.0,1.0,1000,0,0,0,0,0,68,0,0,0,0,68,68,68,core
3dd0_3dd0_conf0,generation,flowr_raw,chembl_count,,flowr_raw_chembl_count,FlowR,flowr_raw_chembl_count,4,16,50,0.7,50,50,0,1.0,51,50,1,0.9803921568627452,"{""all_atoms_connected"":0,""bond_angles"":1,""bond_lengths"":1,""bonds"":0,""double_bond_stereochemistry"":0,""energy_ratio"":0,""file_loads"":0,""inchi_convertible"":0,""internal_steric_clash"":1,""molecular_formula"":0,""no_radicals"":0,""planar_aromatic_rings"":0,""planar_double_bonds"":0,""reference_file_loads"":0,""sanitisation"":0,""tetrahedral_chirality"":0}","{""all_atoms_connected"":0.0,""bond_angles"":0.0196078431372549,""bond_lengths"":0.0196078431372549,""bonds"":0.0,""double_bond_stereochemistry"":0.0,""energy_ratio"":0.0,""file_loads"":0.0,""inchi_convertible"":0.0,""internal_steric_clash"":0.0196078431372549,""molecular_formula"":0.0,""no_radicals"":0.0,""planar_aromatic_rings"":0.0,""planar_double_bonds"":0.0,""reference_file_loads"":0.0,""sanitisation"":0.0,""tetrahedral_chirality"":0.0}",50,105.7954739217985,0.7770435498454161,1.1206268416546454,13.0,26.0,0.807816178184459,0.32,7.940748871975634,0.17520000000000005,0.46153846153846156,3.0,6.0,0.7277137107369743,0.66,2.2243733271940886,0.5176000000000001,0.0,1.0,2.0,0.0,1.0,1.0,1.0,0.0,1.0,2.0,0.0,1.0,1.0,1.0,0.0,50,-1.3345195849733376,8.036973336073576,1.317123753907957,2.1766687006464394,0.2571611288205374,0.8158660253511292,0.0,1.0,1.0,1.0,0.3285751215708005,0.8915610355251575,0.0,1.0,1.0,1.0,1000,0,0,0,0,0,51,0,0,0,0,50,51,51,core
3e92_3e92_conf0,generation,flowr_raw,fixed,,flowr_raw_fixed,FlowR,flowr_raw_fixed,4,26,913,0.7,913,913,0,1.0,1000,913,87,0.913,"{""all_atoms_connected"":0,""bond_angles"":67,""bond_lengths"":69,""bonds"":0,""double_bond_stereochemistry"":0,""file_loads"":0,""inchi_convertible"":0,""internal_steric_clash"":69,""molecular_formula"":0,""no_radicals"":0,""planar_aromatic_rings"":48,""planar_double_bonds"":0,""reference_file_loads"":0,""sanitisation"":0,""tetrahedral_chirality"":0}","{""all_atoms_connected"":0.0,""bond_angles"":0.067,""bond_lengths"":0.069,""bonds"":0.0,""double_bond_stereochemistry"":0.0,""file_loads"":0.0,""inchi_convertible"":0.0,""internal_steric_clash"":0.069,""molecular_formula"":0.0,""no_radicals"":0.0,""planar_aromatic_rings"":0.048,""planar_double_bonds"":0.0,""reference_file_loads"":0.0,""sanitisation"":0.0,""tetrahedral_chirality"":0.0}",913,109.67718132577161,1.8060697593023372,2.41723604498346,449.0,49.17853231106243,0.9430299838682397,0.014238773274917854,317.0646496858502,0.004543115207019455,0.6481069042316259,102.0,11.171960569550931,0.8348587723557864,0.05914567360350493,47.522302400868405,0.029872751985738438,0.3627450980392157,8.0,0.8762322015334063,0.7485242432245344,0.39978094194961666,4.742253318110156,0.2538302168146848,0.0,1.0,0.10952902519167579,0.0,1.0,1.0,1.0,0.0,913,67.39188822726378,258.6581454852386,74.52958672143549,21.393621089999257,0.4299117123594977,1.70168141457088,0.0,1.0,1.0,1.0,0.4000413975981741,1.6985136557780016,0.0,1.0,1.0,1.0,1000,0,0,0,0,0,1000,0,0,0,0,913,1000,1000,core
3e92_3e92_conf0,generation,flowr_raw,dynamic,,flowr_raw_dynamic,FlowR,flowr_raw_dynamic,4,26,65,0.7,65,65,0,1.0,68,65,3,0.9558823529411764,"{""all_atoms_connected"":0,""bond_angles"":3,""bond_lengths"":3,""bonds"":0,""double_bond_stereochemistry"":0,""file_loads"":0,""inchi_convertible"":0,""internal_steric_clash"":3,""molecular_formula"":0,""no_radicals"":0,""planar_aromatic_rings"":2,""planar_double_bonds"":0,""reference_file_loads"":0,""sanitisation"":0,""tetrahedral_chirality"":0}","{""all_atoms_connected"":0.0,""bond_angles"":0.04411764705882353,""bond_lengths"":0.04411764705882353,""bonds"":0.0,""double_bond_stereochemistry"":0.0,""file_loads"":0.0,""inchi_convertible"":0.0,""internal_steric_clash"":0.04411764705882353,""molecular_formula"":0.0,""no_radicals"":0.0,""planar_aromatic_rings"":0.029411764705882353,""planar_double_bonds"":0.0,""reference_file_loads"":0.0,""sanitisation"":0.0,""tetrahedral_chirality"":0.0}",65,113.09621423026444,1.6417250751360537,2.1444947837883506,55.0,84.61538461538461,0.9788601393754215,0.07692307692307693,50.532602408327996,0.022958579881656803,0.8727272727272727,24.0,36.92307692307692,0.9042894556893137,0.13846153846153847,17.705592823479645,0.07076923076923078,0.5,4.0,6.153846153846154,0.7795179726482497,0.5076923076923077,2.946568785602097,0.39266272189349105,0.0,1.0,1.5384615384615385,0.0,1.0,1.0,1.0,0.0,65,68.18332588150894,121.44747639826542,73.39834549678518,10.546132835210305,0.4750557333437235,1.644427756003145,0.0,1.0,1.0,1.0,0.40724136746499334,1.671196863728456,0.0,1.0,1.0,1.0,1000,0,0,0,0,0,68,0,0,0,0,65,68,68,core
3e92_3e92_conf0,generation,flowr_raw,chembl_count,,flowr_raw_chembl_count,FlowR,flowr_raw_chembl_count,4,26,119,0.7,119,119,0,1.0,134,119,15,0.8880597014925373,"{""all_atoms_connected"":0,""bond_angles"":11,""bond_lengths"":12,""bonds"":0,""double_bond_stereochemistry"":0,""file_loads"":0,""inchi_convertible"":0,""internal_steric_clash"":12,""molecular_formula"":0,""no_radicals"":0,""planar_aromatic_rings"":9,""planar_double_bonds"":0,""reference_file_loads"":0,""sanitisation"":0,""tetrahedral_chirality"":0}","{""all_atoms_connected"":0.0,""bond_angles"":0.08208955223880597,""bond_lengths"":0.08955223880597014,""bonds"":0.0,""double_bond_stereochemistry"":0.0,""file_loads"":0.0,""inchi_convertible"":0.0,""internal_steric_clash"":0.08955223880597014,""molecular_formula"":0.0,""no_radicals"":0.0,""planar_aromatic_rings"":0.06716417910447761,""planar_double_bonds"":0.0,""reference_file_loads"":0.0,""sanitisation"":0.0,""tetrahedral_chirality"":0.0}",119,108.64793749724299,1.727531108109583,2.2695480996543256,92.0,77.3109243697479,0.9783073232834876,0.03361344537815126,83.40421763646826,0.013628981004166374,0.7934782608695652,41.0,34.45378151260504,0.9200253786015253,0.11764705882352941,30.465062847325438,0.04300543746910529,0.3902439024390244,4.0,3.361344537815126,0.7253953910331162,0.5714285714285714,2.7335784548136335,0.42885389449897604,0.0,1.0,0.8403361344537815,0.0,1.0,1.0,1.0,0.0,119,67.59807988847353,174.13876628138928,74.70758959334023,20.124246302216456,0.5867719231250922,1.7321747325371835,0.0,0.0,1.0,1.0,0.6187695581236308,1.7067948484755802,0.0,0.0,1.0,1.0,1000,0,0,0,0,0,134,0,0,0,0,119,134,134,core
3e93_3e93_conf0,generation,flowr_raw,fixed,,flowr_raw_fixed,FlowR,flowr_raw_fixed,5,37,718,0.7,718,718,0,1.0,1000,718,282,0.718,"{""all_atoms_connected"":0,""bond_angles"":166,""bond_lengths"":177,""bonds"":0,""double_bond_stereochemistry"":0,""file_loads"":0,""inchi_convertible"":0,""internal_steric_clash"":185,""molecular_formula"":0,""no_radicals"":0,""planar_aromatic_rings"":213,""planar_double_bonds"":0,""reference_file_loads"":0,""sanitisation"":0,""tetrahedral_chirality"":0}","{""all_atoms_connected"":0.0,""bond_angles"":0.166,""bond_lengths"":0.177,""bonds"":0.0,""double_bond_stereochemistry"":0.0,""file_loads"":0.0,""inchi_convertible"":0.0,""internal_steric_clash"":0.185,""molecular_formula"":0.0,""no_radicals"":0.0,""planar_aromatic_rings"":0.213,""planar_double_bonds"":0.0,""reference_file_loads"":0.0,""sanitisation"":0.0,""tetrahedral_chirality"":0.0}",718,104.80774694520218,2.813244529010566,3.6502334519528365,718.0,100.0,1.0,0.001392757660167131,717.9999999999999,0.0013927576601671311,1.0,645.0,89.83286908077994,0.9934010963431564,0.005571030640668524,618.0444356525422,0.0017263987709592572,0.9038759689922481,49.0,6.8245125348189415,0.9224936153851706,0.06267409470752089,36.240576077745445,0.033655077164205745,0.04081632653061224,6.0,0.8356545961002786,0.8476342937597068,0.3607242339832869,4.566544410053112,0.24839192743693797,0.0,718,121.6159592209874,579.4054383009264,183.52668182533083,67.26817701817707,1.1751112167503401,3.2655727155006034,0.0,0.0,0.0,1.0,1.2092453972235484,3.2544153035255285,0.0,0.0,0.0,1.0,1000,0,0,0,0,0,1000,0,0,0,0,718,1000,1000,core
3e93_3e93_conf0,generation,flowr_raw,dynamic,,flowr_raw_dynamic,FlowR,flowr_raw_dynamic,5,37,64,0.7,64,64,0,1.0,90,64,26,0.7111111111111111,"{""all_atoms_connected"":0,""bond_angles"":15,""bond_lengths"":17,""bonds"":0,""double_bond_stereochemistry"":0,""file_loads"":0,""inchi_convertible"":0,""internal_steric_clash"":17,""molecular_formula"":0,""no_radicals"":0,""planar_aromatic_rings"":22,""planar_double_bonds"":0,""reference_file_loads"":0,""sanitisation"":0,""tetrahedral_chirality"":0}","{""all_atoms_connected"":0.0,""bond_angles"":0.16666666666666666,""bond_lengths"":0.18888888888888888,""bonds"":0.0,""double_bond_stereochemistry"":0.0,""file_loads"":0.0,""inchi_convertible"":0.0,""internal_steric_clash"":0.18888888888888888,""molecular_formula"":0.0,""no_radicals"":0.0,""planar_aromatic_rings"":0.24444444444444444,""planar_double_bonds"":0.0,""reference_file_loads"":0.0,""sanitisation"":0.0,""tetrahedral_chirality"":0.0}",64,105.19427207681649,2.905822713685713,3.7578079000825286,64.0,100.0,1.0,0.015625,63.99999999999998,0.015625,1.0,62.0,96.875,0.9971958750574368,0.03125,61.286609964708795,0.0166015625,0.967741935483871,23.0,35.9375,0.9295293372532736,0.125,18.440214686472263,0.064453125,0.34782608695652173,4.0,6.25,0.8262118774649587,0.421875,3.14361328742821,0.35888671875,0.0,64,131.2572541150612,525.2674689514979,187.4155095243012,76.26445504226018,1.7617137917155599,3.322277856946416,0.0,0.0,0.0,1.0,1.7906438883567002,3.3115028174803727,0.0,0.0,0.0,1.0,1000,0,0,0,0,0,90,0,0,0,0,64,90,90,core
3e93_3e93_conf0,generation,flowr_raw,chembl_count,,flowr_raw_chembl_count,FlowR,flowr_raw_chembl_count,5,37,142,0.7,142,142,0,1.0,200,142,58,0.71,"{""all_atoms_connected"":0,""bond_angles"":32,""bond_lengths"":37,""bonds"":0,""double_bond_stereochemistry"":0,""file_loads"":0,""inchi_convertible"":0,""internal_steric_clash"":41,""molecular_formula"":0,""no_radicals"":0,""planar_aromatic_rings"":43,""planar_double_bonds"":0,""reference_file_loads"":0,""sanitisation"":0,""tetrahedral_chirality"":0}","{""all_atoms_connected"":0.0,""bond_angles"":0.16,""bond_lengths"":0.185,""bonds"":0.0,""double_bond_stereochemistry"":0.0,""file_loads"":0.0,""inchi_convertible"":0.0,""internal_steric_clash"":0.205,""molecular_formula"":0.0,""no_radicals"":0.0,""planar_aromatic_rings"":0.215,""planar_double_bonds"":0.0,""reference_file_loads"":0.0,""sanitisation"":0.0,""tetrahedral_chirality"":0.0}",142,104.526518866491,2.9239713250301578,3.7654019147416475,142.0,100.0,1.0,0.007042253521126761,142.00000000000003,0.007042253521126762,1.0,138.0,97.1830985915493,0.9978736282706198,0.014084507042253521,136.56169796091828,0.007439000198373338,0.9710144927536232,34.0,23.943661971830984,0.9151724985254788,0.07746478873239436,25.209683132831543,0.04691529458440786,0.35294117647058826,4.0,2.816901408450704,0.9556193717573656,0.3380281690140845,3.761319198165896,0.27762348740329296,0.0,142,124.26346507422713,422.86133154095364,181.8843211071081,54.4778284235515,1.4413481271417636,3.2405264215328082,0.0,0.0,0.0,1.0,1.4619255961567423,3.2162417320180103,0.0,0.0,0.0,1.0,1000,0,0,0,0,0,200,0,0,0,0,142,200,200,core
3ehy_3ehy_conf0,generation,flowr_raw,fixed,,flowr_raw_fixed,FlowR,flowr_raw_fixed,5,17,990,0.7,990,990,0,1.0,1000,990,10,0.99,"{""all_atoms_connected"":0,""bond_angles"":10,""bond_lengths"":10,""bonds"":0,""double_bond_stereochemistry"":0,""energy_ratio"":7,""file_loads"":0,""inchi_convertible"":0,""internal_steric_clash"":10,""molecular_formula"":0,""no_radicals"":0,""planar_aromatic_rings"":0,""planar_double_bonds"":0,""reference_file_loads"":0,""sanitisation"":0,""tetrahedral_chirality"":0}","{""all_atoms_connected"":0.0,""bond_angles"":0.01,""bond_lengths"":0.01,""bonds"":0.0,""double_bond_stereochemistry"":0.0,""energy_ratio"":0.007,""file_loads"":0.0,""inchi_convertible"":0.0,""internal_steric_clash"":0.01,""molecular_formula"":0.0,""no_radicals"":0.0,""planar_aromatic_rings"":0.0,""planar_double_bonds"":0.0,""reference_file_loads"":0.0,""sanitisation"":0.0,""tetrahedral_chirality"":0.0}",990,106.74815463011585,1.2038171114467486,1.6841542116672095,66.0,6.666666666666667,0.7308723458254547,0.1686868686868687,21.37245171071477,0.08259769411284563,0.30303030303030304,10.0,1.0101010101010102,0.8020071783903011,0.35555555555555557,6.338801884837439,0.20162432404856648,0.0,2.0,0.20202020202020202,0.979126445887235,0.5848484848484848,1.9712714395958055,0.5143985307621671,0.0,1.0,0.10101010101010101,0.0,1.0,1.0,1.0,0.0,990,18.18847663592558,119.0355218603384,23.803974500644067,7.204780521213901,0.36662476905081626,1.002675582239846,0.0,1.0,1.0,1.0,0.34378510399211615,1.033934661241497,0.0,1.0,1.0,1.0,1000,0,0,0,0,0,1000,0,0,0,0,990,1000,1000,core
3ehy_3ehy_conf0,generation,flowr_raw,dynamic,,flowr_raw_dynamic,FlowR,flowr_raw_dynamic,5,17,89,0.7,89,89,0,1.0,90,89,1,0.9888888888888888,"{""all_atoms_connected"":0,""bond_angles"":1,""bond_lengths"":1,""bonds"":0,""double_bond_stereochemistry"":0,""energy_ratio"":0,""file_loads"":0,""inchi_convertible"":0,""internal_steric_clash"":1,""molecular_formula"":0,""no_radicals"":0,""planar_aromatic_rings"":0,""planar_double_bonds"":0,""reference_file_loads"":0,""sanitisation"":0,""tetrahedral_chirality"":0}","{""all_atoms_connected"":0.0,""bond_angles"":0.011111111111111112,""bond_lengths"":0.011111111111111112,""bonds"":0.0,""double_bond_stereochemistry"":0.0,""energy_ratio"":0.0,""file_loads"":0.0,""inchi_convertible"":0.0,""internal_steric_clash"":0.011111111111111112,""molecular_formula"":0.0,""no_radicals"":0.0,""planar_aromatic_rings"":0.0,""planar_double_bonds"":0.0,""reference_file_loads"":0.0,""sanitisation"":0.0,""tetrahedral_chirality"":0.0}",89,103.42592055471582,1.1596760090101534,1.6782079568010952,20.0,22.471910112359552,0.8829135977902248,0.1797752808988764,14.083061450514945,0.09026638050751169,0.3,7.0,7.865168539325842,0.7821431707404009,0.4943820224719101,4.581288699380511,0.30135083954046205,0.0,1.0,1.1235955056179776,0.0,1.0,1.0,1.0,0.0,1.0,1.1235955056179776,0.0,1.0,1.0,1.0,0.0,89,18.190183545556984,34.00370842265119,22.717468083070443,3.9168819351670345,0.48240159089750473,1.0377182751079495,0.0,1.0,1.0,1.0,0.4993691939379358,1.06432974215648,0.0,1.0,1.0,1.0,1000,0,0,0,0,0,90,0,0,0,0,89,90,90,core
3ehy_3ehy_conf0,generation,flowr_raw,chembl_count,,flowr_raw_chembl_count,FlowR,flowr_raw_chembl_count,5,17,25,0.7,25,25,0,1.0,25,25,0,1.0,"{""all_atoms_connected"":0,""bond_angles"":0,""bond_lengths"":0,""bonds"":0,""double_bond_stereochemistry"":0,""energy_ratio"":0,""file_loads"":0,""inchi_convertible"":0,""internal_steric_clash"":0,""molecular_formula"":0,""no_radicals"":0,""planar_aromatic_rings"":0,""planar_double_bonds"":0,""reference_file_loads"":0,""sanitisation"":0,""tetrahedral_chirality"":0}","{""all_atoms_connected"":0.0,""bond_angles"":0.0,""bond_lengths"":0.0,""bonds"":0.0,""double_bond_stereochemistry"":0.0,""energy_ratio"":0.0,""file_loads"":0.0,""inchi_convertible"":0.0,""internal_steric_clash"":0.0,""molecular_formula"":0.0,""no_radicals"":0.0,""planar_aromatic_rings"":0.0,""planar_double_bonds"":0.0,""reference_file_loads"":0.0,""sanitisation"":0.0,""tetrahedral_chirality"":0.0}",25,103.46494585295113,1.1554561548732003,1.6941304875283967,10.0,40.0,0.9023090584166156,0.28,7.985627689719802,0.152,0.4,4.0,16.0,0.7358687167112333,0.56,2.7735571124671914,0.42400000000000004,0.25,1.0,4.0,0.0,1.0,1.0,1.0,0.0,1.0,4.0,0.0,1.0,1.0,1.0,0.0,25,18.285157444983,31.7271801077052,22.89140023354812,3.582572101056292,0.6041257274566724,1.043749236089051,0.0,0.0,1.0,1.0,0.6293463176773659,1.0701975520236362,0.0,0.0,1.0,1.0,1000,0,0,0,0,0,25,0,0,0,0,25,25,25,core
3fcq_3fcq_conf0,generation,flowr_raw,fixed,,flowr_raw_fixed,FlowR,flowr_raw_fixed,2,14,998,0.7,998,998,0,1.0,1000,998,2,0.998,"{""all_atoms_connected"":0,""bond_angles"":2,""bond_lengths"":2,""bonds"":0,""double_bond_stereochemistry"":0,""energy_ratio"":1,""file_loads"":0,""inchi_convertible"":0,""internal_steric_clash"":2,""molecular_formula"":0,""no_radicals"":0,""planar_aromatic_rings"":0,""planar_double_bonds"":0,""reference_file_loads"":0,""sanitisation"":0,""tetrahedral_chirality"":0}","{""all_atoms_connected"":0.0,""bond_angles"":0.002,""bond_lengths"":0.002,""bonds"":0.0,""double_bond_stereochemistry"":0.0,""energy_ratio"":0.001,""file_loads"":0.0,""inchi_convertible"":0.0,""internal_steric_clash"":0.002,""molecular_formula"":0.0,""no_radicals"":0.0,""planar_aromatic_rings"":0.0,""planar_double_bonds"":0.0,""reference_file_loads"":0.0,""sanitisation"":0.0,""tetrahedral_chirality"":0.0}",998,107.85709726980622,0.7474959293242144,1.0900297683700426,8.0,0.8016032064128257,0.6814656025398721,0.2545090180360721,4.125007686369824,0.24774800101204408,0.375,3.0,0.30060120240480964,0.9138706934974598,0.5070140280561122,2.7291482771579396,0.39343215489094413,0.0,1.0,0.10020040080160321,0.0,1.0,1.0,1.0,0.0,1.0,0.10020040080160321,0.0,1.0,1.0,1.0,0.0,998,43.912453009772314,63.00144196440526,45.91795018757463,1.9054994649806214,0.24589528943175898,1.08121444508263,1.0,1.0,1.0,1.0,0.24432919173476395,0.9720572695184537,1.0,1.0,1.0,1.0,1000,0,0,0,0,0,1000,0,0,0,0,998,1000,1000,core
3fcq_3fcq_conf0,generation,flowr_raw,dynamic,,flowr_raw_dynamic,FlowR,flowr_raw_dynamic,2,14,24,0.7,24,24,0,1.0,24,24,0,1.0,"{""all_atoms_connected"":0,""bond_angles"":0,""bond_lengths"":0,""bonds"":0,""double_bond_stereochemistry"":0,""energy_ratio"":0,""file_loads"":0,""inchi_convertible"":0,""internal_steric_clash"":0,""molecular_formula"":0,""no_radicals"":0,""planar_aromatic_rings"":0,""planar_double_bonds"":0,""reference_file_loads"":0,""sanitisation"":0,""tetrahedral_chirality"":0}","{""all_atoms_connected"":0.0,""bond_angles"":0.0,""bond_lengths"":0.0,""bonds"":0.0,""double_bond_stereochemistry"":0.0,""energy_ratio"":0.0,""file_loads"":0.0,""inchi_convertible"":0.0,""internal_steric_clash"":0.0,""molecular_formula"":0.0,""no_radicals"":0.0,""planar_aromatic_rings"":0.0,""planar_double_bonds"":0.0,""reference_file_loads"":0.0,""sanitisation"":0.0,""tetrahedral_chirality"":0.0}",24,110.72937508979714,0.736504142792239,1.09000568336688,5.0,20.833333333333332,0.8972428293195689,0.375,4.23785237743718,0.2604166666666667,0.2,2.0,8.333333333333334,0.9798687566511527,0.5833333333333334,1.9722859800819112,0.513888888888889,0.0,1.0,4.166666666666667,0.0,1.0,1.0,1.0,0.0,1.0,4.166666666666667,0.0,1.0,1.0,1.0,0.0,24,43.91246047647853,60.405153876169265,44.09094468806976,3.3782195072113588,0.4977060431225675,1.0935569298971966,0.0,1.0,1.0,1.0,0.3952951899077465,0.9775221805457648,0.0,1.0,1.0,1.0,1000,0,0,0,0,0,24,0,0,0,0,24,24,24,core
3fcq_3fcq_conf0,generation,flowr_raw,chembl_count,,flowr_raw_chembl_count,FlowR,flowr_raw_chembl_count,2,14,2,0.7,2,2,0,1.0,2,2,0,1.0,"{""all_atoms_connected"":0,""bond_angles"":0,""bond_lengths"":0,""bonds"":0,""double_bond_stereochemistry"":0,""energy_ratio"":0,""file_loads"":0,""inchi_convertible"":0,""internal_steric_clash"":0,""molecular_formula"":0,""no_radicals"":0,""planar_aromatic_rings"":0,""planar_double_bonds"":0,""reference_file_loads"":0,""sanitisation"":0,""tetrahedral_chirality"":0}","{""all_atoms_connected"":0.0,""bond_angles"":0.0,""bond_lengths"":0.0,""bonds"":0.0,""double_bond_stereochemistry"":0.0,""energy_ratio"":0.0,""file_loads"":0.0,""inchi_convertible"":0.0,""internal_steric_clash"":0.0,""molecular_formula"":0.0,""no_radicals"":0.0,""planar_aromatic_rings"":0.0,""planar_double_bonds"":0.0,""reference_file_loads"":0.0,""sanitisation"":0.0,""tetrahedral_chirality"":0.0}",2,65.3900331492911,0.8875508291071169,0.8875508291071169,2.0,100.0,1.0,0.5,2.0,0.5,1.0,1.0,50.0,0.0,1.0,1.0,1.0,0.0,1.0,50.0,0.0,1.0,1.0,1.0,0.0,1.0,50.0,0.0,1.0,1.0,1.0,0.0,2,44.778978962259536,47.059883891238584,45.91943142674906,1.140452464489524,1.0934776583676782,1.1069336387987625,0.0,0.0,0.0,1.0,0.9774475689668958,1.0153871525515623,0.0,0.0,0.0,1.0,1000,0,0,0,0,0,2,0,0,0,0,2,2,2,core
3fur_3fur_conf0,generation,flowr_raw,fixed,,flowr_raw_fixed,FlowR,flowr_raw_fixed,5,31,894,0.7,894,894,0,1.0,1000,894,106,0.894,"{""all_atoms_connected"":0,""bond_angles"":96,""bond_lengths"":99,""bonds"":0,""double_bond_stereochemistry"":0,""energy_ratio"":17,""file_loads"":0,""inchi_convertible"":0,""internal_steric_clash"":100,""molecular_formula"":0,""no_radicals"":0,""planar_aromatic_rings"":49,""planar_double_bonds"":0,""reference_file_loads"":0,""sanitisation"":0,""tetrahedral_chirality"":0}","{""all_atoms_connected"":0.0,""bond_angles"":0.096,""bond_lengths"":0.099,""bonds"":0.0,""double_bond_stereochemistry"":0.0,""energy_ratio"":0.017,""file_loads"":0.0,""inchi_convertible"":0.0,""internal_steric_clash"":0.1,""molecular_formula"":0.0,""no_radicals"":0.0,""planar_aromatic_rings"":0.049,""planar_double_bonds"":0.0,""reference_file_loads"":0.0,""sanitisation"":0.0,""tetrahedral_chirality"":0.0}",894,103.13867756435893,2.259689533259758,2.9561571578637693,629.0,70.3579418344519,0.9756946011351065,0.010067114093959731,537.8093214099225,0.00230470098944492,0.7599364069952306,236.0,26.39821029082774,0.926577164999269,0.02796420581655481,158.01054699523414,0.0086782877648154,0.3771186440677966,14.0,1.5659955257270695,0.8504818000131339,0.17002237136465326,9.435415613436096,0.12243442487575633,0.0,3.0,0.33557046979865773,0.6084841623583521,0.7472035794183445,1.9512850942869544,0.6066843835863249,0.0,894,21.704272907824727,326.2943037937808,29.37244653416824,24.89002384254915,0.48363014682622385,1.9920314804050205,0.0,1.0,1.0,1.0,0.4896747611859075,1.989168797438976,0.0,1.0,1.0,1.0,1000,0,0,0,0,0,1000,0,0,0,0,894,1000,1000,core
3fur_3fur_conf0,generation,flowr_raw,dynamic,,flowr_raw_dynamic,FlowR,flowr_raw_dynamic,5,31,77,0.7,77,77,0,1.0,90,77,13,0.8555555555555555,"{""all_atoms_connected"":0,""bond_angles"":13,""bond_lengths"":13,""bonds"":0,""double_bond_stereochemistry"":0,""energy_ratio"":3,""file_loads"":0,""inchi_convertible"":0,""internal_steric_clash"":13,""molecular_formula"":0,""no_radicals"":0,""planar_aromatic_rings"":4,""planar_double_bonds"":0,""reference_file_loads"":0,""sanitisation"":0,""tetrahedral_chirality"":0}","{""all_atoms_connected"":0.0,""bond_angles"":0.14444444444444443,""bond_lengths"":0.14444444444444443,""bonds"":0.0,""double_bond_stereochemistry"":0.0,""energy_ratio"":0.03333333333333333,""file_loads"":0.0,""inchi_convertible"":0.0,""internal_steric_clash"":0.14444444444444443,""molecular_formula"":0.0,""no_radicals"":0.0,""planar_aromatic_rings"":0.044444444444444446,""planar_double_bonds"":0.0,""reference_file_loads"":0.0,""sanitisation"":0.0,""tetrahedral_chirality"":0.0}",77,105.43491201789634,2.2508251249535545,3.0100223475885324,73.0,94.8051948051948,0.9956486453170023,0.025974025974025976,71.64978333737362,0.01433631303761174,0.9452054794520548,52.0,67.53246753246754,0.9722834501275908,0.05194805194805195,46.60598074190027,0.02411873840445269,0.6538461538461539,8.0,10.38961038961039,0.8351657164313466,0.3246753246753247,5.678449868064331,0.2109967954123798,0.125,2.0,2.5974025974025974,0.8951127210954559,0.6883116883116883,1.8597551865177233,0.5709225839095969,0.0,77,22.140336870950815,151.10871501594565,27.786161202577645,23.352869941490333,0.5618846793918998,1.9701190628106804,0.0,0.0,1.0,1.0,0.5603551954640696,1.9715627341448956,0.0,0.0,1.0,1.0,1000,0,0,0,0,0,90,0,0,0,0,77,90,90,core
3fur_3fur_conf0,generation,flowr_raw,chembl_count,,flowr_raw_chembl_count,FlowR,flowr_raw_chembl_count,5,31,76,0.7,76,76,0,1.0,86,76,10,0.8837209302325582,"{""all_atoms_connected"":0,""bond_angles"":7,""bond_lengths"":8,""bonds"":0,""double_bond_stereochemistry"":0,""energy_ratio"":1,""file_loads"":0,""inchi_convertible"":0,""internal_steric_clash"":9,""molecular_formula"":0,""no_radicals"":0,""planar_aromatic_rings"":8,""planar_double_bonds"":0,""reference_file_loads"":0,""sanitisation"":0,""tetrahedral_chirality"":0}","{""all_atoms_connected"":0.0,""bond_angles"":0.08139534883720931,""bond_lengths"":0.09302325581395349,""bonds"":0.0,""double_bond_stereochemistry"":0.0,""energy_ratio"":0.011627906976744186,""file_loads"":0.0,""inchi_convertible"":0.0,""internal_steric_clash"":0.10465116279069768,""molecular_formula"":0.0,""no_radicals"":0.0,""planar_aromatic_rings"":0.09302325581395349,""planar_double_bonds"":0.0,""reference_file_loads"":0.0,""sanitisation"":0.0,""tetrahedral_chirality"":0.0}",76,103.89687022360174,2.1975931908248243,2.8438783479588983,75.0,98.6842105263158,0.998842964150333,0.02631578947368421,74.62627261304058,0.013504155124653739,0.9866666666666667,55.0,72.36842105263158,0.9717441488856589,0.06578947368421052,49.1119592989276,0.023545706371191123,0.7272727272727273,6.0,7.894736842105263,0.8874851545524197,0.34210526315789475,4.9045332450029875,0.23234072022160665,0.0,2.0,2.6315789473684212,0.8680403986166402,0.7105263157894737,1.8251820854617997,0.5886426592797784,0.0,76,23.039881757595094,170.0114962295478,31.438022660276303,20.84906119472671,0.5618846793918998,1.9518758272684837,0.0,0.0,1.0,1.0,0.5603551954640696,1.9619372567317408,0.0,0.0,1.0,1.0,1000,0,0,0,0,0,86,0,0,0,0,76,86,86,core
3g2z_3g2z_conf0,generation,flowr_raw,fixed,,flowr_raw_fixed,FlowR,flowr_raw_fixed,2,13,961,0.7,961,961,0,1.0,1000,961,39,0.961,"{""all_atoms_connected"":0,""bond_angles"":3,""bond_lengths"":3,""bonds"":0,""double_bond_stereochemistry"":0,""energy_ratio"":2,""file_loads"":0,""inchi_convertible"":0,""internal_steric_clash"":3,""molecular_formula"":0,""no_radicals"":0,""planar_aromatic_rings"":0,""planar_double_bonds"":39,""reference_file_loads"":0,""sanitisation"":0,""tetrahedral_chirality"":0}","{""all_atoms_connected"":0.0,""bond_angles"":0.003,""bond_lengths"":0.003,""bonds"":0.0,""double_bond_stereochemistry"":0.0,""energy_ratio"":0.002,""file_loads"":0.0,""inchi_convertible"":0.0,""internal_steric_clash"":0.003,""molecular_formula"":0.0,""no_radicals"":0.0,""planar_aromatic_rings"":0.0,""planar_double_bonds"":0.039,""reference_file_loads"":0.0,""sanitisation"":0.0,""tetrahedral_chirality"":0.0}",961,123.6677357836484,0.7149002058863362,1.1563026197887223,6.0,0.6243496357960457,0.7805861751906407,0.26222684703433924,4.0496184667754,0.2495395340225073,0.3333333333333333,2.0,0.2081165452653486,0.9984177262674232,0.5234131113423517,1.9978077052645973,0.5010963475654586,0.0,1.0,0.1040582726326743,0.0,1.0,1.0,1.0,0.0,1.0,0.1040582726326743,0.0,1.0,1.0,1.0,0.0,961,7.298368526421801,33.09823943343184,7.78233375229282,1.4477301550414179,0.22711920753021878,0.5742607868689005,1.0,1.0,1.0,1.0,0.22089916444588004,0.7240673882139422,1.0,1.0,1.0,1.0,1000,0,0,0,0,0,1000,0,0,0,0,961,1000,1000,core
3g2z_3g2z_conf0,generation,flowr_raw,dynamic,,flowr_raw_dynamic,FlowR,flowr_raw_dynamic,2,13,21,0.7,21,21,0,1.0,24,21,3,0.875,"{""all_atoms_connected"":0,""bond_angles"":0,""bond_lengths"":0,""bonds"":0,""double_bond_stereochemistry"":0,""energy_ratio"":0,""file_loads"":0,""inchi_convertible"":0,""internal_steric_clash"":0,""molecular_formula"":0,""no_radicals"":0,""planar_aromatic_rings"":0,""planar_double_bonds"":3,""reference_file_loads"":0,""sanitisation"":0,""tetrahedral_chirality"":0}","{""all_atoms_connected"":0.0,""bond_angles"":0.0,""bond_lengths"":0.0,""bonds"":0.0,""double_bond_stereochemistry"":0.0,""energy_ratio"":0.0,""file_loads"":0.0,""inchi_convertible"":0.0,""internal_steric_clash"":0.0,""molecular_formula"":0.0,""no_radicals"":0.0,""planar_aromatic_rings"":0.0,""planar_double_bonds"":0.125,""reference_file_loads"":0.0,""sanitisation"":0.0,""tetrahedral_chirality"":0.0}",21,123.86288164780669,0.6368725297880401,1.1563137866890814,2.0,9.523809523809524,0.8631205685666311,0.7142857142857143,1.8189685116531733,0.5918367346938775,0.0,2.0,9.523809523809524,0.8631205685666311,0.7142857142857143,1.8189685116531733,0.5918367346938775,0.0,1.0,4.761904761904762,0.0,1.0,1.0,1.0,0.0,1.0,4.761904761904762,0.0,1.0,1.0,1.0,0.0,21,7.298368526421801,9.076174181768462,7.769143072584565,0.5277103463804103,0.24656350224444565,1.1488698627321567,1.0,1.0,1.0,1.0,0.35020466571325887,1.2037124323196549,0.0,1.0,1.0,1.0,1000,0,0,0,0,0,24,0,0,0,0,21,24,24,core
3g2z_3g2z_conf0,generation,flowr_raw,chembl_count,,flowr_raw_chembl_count,FlowR,flowr_raw_chembl_count,2,13,5,0.7,5,5,0,1.0,6,5,1,0.8333333333333334,"{""all_atoms_connected"":0,""bond_angles"":0,""bond_lengths"":0,""bonds"":0,""double_bond_stereochemistry"":0,""energy_ratio"":0,""file_loads"":0,""inchi_convertible"":0,""internal_steric_clash"":0,""molecular_formula"":0,""no_radicals"":0,""planar_aromatic_rings"":0,""planar_double_bonds"":1,""reference_file_loads"":0,""sanitisation"":0,""tetrahedral_chirality"":0}","{""all_atoms_connected"":0.0,""bond_angles"":0.0,""bond_lengths"":0.0,""bonds"":0.0,""double_bond_stereochemistry"":0.0,""energy_ratio"":0.0,""file_loads"":0.0,""inchi_convertible"":0.0,""internal_steric_clash"":0.0,""molecular_formula"":0.0,""no_radicals"":0.0,""planar_aromatic_rings"":0.0,""planar_double_bonds"":0.16666666666666666,""reference_file_loads"":0.0,""sanitisation"":0.0,""tetrahedral_chirality"":0.0}",5,123.03669222799519,0.8191825524236058,1.176824864705785,3.0,60.0,0.9602297178607612,0.4,2.8717458874925876,0.3600000000000001,0.3333333333333333,2.0,40.0,0.9709505944546688,0.6,1.9601317042077895,0.52,0.0,1.0,20.0,0.0,1.0,1.0,1.0,0.0,1.0,20.0,0.0,1.0,1.0,1.0,0.0,5,7.769373082255457,8.001450700838886,7.782325170305068,0.10956912472511116,0.22842831822453594,0.45112583942550616,1.0,1.0,1.0,1.0,0.22298585330936663,0.603278423429353,1.0,1.0,1.0,1.0,1000,0,0,0,0,0,6,0,0,0,0,5,6,6,core
3g31_3g31_conf0,generation,flowr_raw,fixed,,flowr_raw_fixed,FlowR,flowr_raw_fixed,2,17,0,0.7,0,0,0,,1000,0,1000,0.0,"{""all_atoms_connected"":0,""bond_angles"":21,""bond_lengths"":20,""bonds"":0,""double_bond_stereochemistry"":0,""energy_ratio"":1,""file_loads"":0,""inchi_convertible"":0,""internal_steric_clash"":20,""molecular_formula"":0,""no_radicals"":0,""planar_aromatic_rings"":0,""planar_double_bonds"":0,""reference_file_loads"":0,""sanitisation"":0,""tetrahedral_chirality"":1000}","{""all_atoms_connected"":0.0,""bond_angles"":0.021,""bond_lengths"":0.02,""bonds"":0.0,""double_bond_stereochemistry"":0.0,""energy_ratio"":0.001,""file_loads"":0.0,""inchi_convertible"":0.0,""internal_steric_clash"":0.02,""molecular_formula"":0.0,""no_radicals"":0.0,""planar_aromatic_rings"":0.0,""planar_double_bonds"":0.0,""reference_file_loads"":0.0,""sanitisation"":0.0,""tetrahedral_chirality"":1.0}",0,,,,,,,,,,,,,,,,,,,,,,,,,,,,,,,,0,,,,,,,,,,,,,,,,,1000,0,0,0,0,0,1000,0,0,0,0,0,1000,1000,core
3g31_3g31_conf0,generation,flowr_raw,dynamic,,flowr_raw_dynamic,FlowR,flowr_raw_dynamic,2,17,0,0.7,0,0,0,,24,0,24,0.0,"{""all_atoms_connected"":0,""bond_angles"":2,""bond_lengths"":2,""bonds"":0,""double_bond_stereochemistry"":0,""energy_ratio"":0,""file_loads"":0,""inchi_convertible"":0,""internal_steric_clash"":2,""molecular_formula"":0,""no_radicals"":0,""planar_aromatic_rings"":0,""planar_double_bonds"":0,""reference_file_loads"":0,""sanitisation"":0,""tetrahedral_chirality"":24}","{""all_atoms_connected"":0.0,""bond_angles"":0.08333333333333333,""bond_lengths"":0.08333333333333333,""bonds"":0.0,""double_bond_stereochemistry"":0.0,""energy_ratio"":0.0,""file_loads"":0.0,""inchi_convertible"":0.0,""internal_steric_clash"":0.08333333333333333,""molecular_formula"":0.0,""no_radicals"":0.0,""planar_aromatic_rings"":0.0,""planar_double_bonds"":0.0,""reference_file_loads"":0.0,""sanitisation"":0.0,""tetrahedral_chirality"":1.0}",0,,,,,,,,,,,,,,,,,,,,,,,,,,,,,,,,0,,,,,,,,,,,,,,,,,1000,0,0,0,0,0,24,0,0,0,0,0,24,24,core
3g31_3g31_conf0,generation,flowr_raw,chembl_count,,flowr_raw_chembl_count,FlowR,flowr_raw_chembl_count,2,17,0,0.7,0,0,0,,8,0,8,0.0,"{""all_atoms_connected"":0,""bond_angles"":0,""bond_lengths"":0,""bonds"":0,""double_bond_stereochemistry"":0,""energy_ratio"":0,""file_loads"":0,""inchi_convertible"":0,""internal_steric_clash"":0,""molecular_formula"":0,""no_radicals"":0,""planar_aromatic_rings"":0,""planar_double_bonds"":0,""reference_file_loads"":0,""sanitisation"":0,""tetrahedral_chirality"":8}","{""all_atoms_connected"":0.0,""bond_angles"":0.0,""bond_lengths"":0.0,""bonds"":0.0,""double_bond_stereochemistry"":0.0,""energy_ratio"":0.0,""file_loads"":0.0,""inchi_convertible"":0.0,""internal_steric_clash"":0.0,""molecular_formula"":0.0,""no_radicals"":0.0,""planar_aromatic_rings"":0.0,""planar_double_bonds"":0.0,""reference_file_loads"":0.0,""sanitisation"":0.0,""tetrahedral_chirality"":1.0}",0,,,,,,,,,,,,,,,,,,,,,,,,,,,,,,,,0,,,,,,,,,,,,,,,,,1000,0,0,0,0,0,8,0,0,0,0,0,8,8,core
3gy4_3gy4_conf0,generation,flowr_raw,fixed,,flowr_raw_fixed,FlowR,flowr_raw_fixed,2,10,981,0.7,981,981,0,1.0,1000,981,19,0.981,"{""all_atoms_connected"":0,""bond_angles"":19,""bond_lengths"":19,""bonds"":0,""double_bond_stereochemistry"":0,""energy_ratio"":0,""file_loads"":0,""inchi_convertible"":0,""internal_steric_clash"":19,""molecular_formula"":0,""no_radicals"":0,""planar_aromatic_rings"":0,""planar_double_bonds"":0,""reference_file_loads"":0,""sanitisation"":0,""tetrahedral_chirality"":0}","{""all_atoms_connected"":0.0,""bond_angles"":0.019,""bond_lengths"":0.019,""bonds"":0.0,""double_bond_stereochemistry"":0.0,""energy_ratio"":0.0,""file_loads"":0.0,""inchi_convertible"":0.0,""internal_steric_clash"":0.019,""molecular_formula"":0.0,""no_radicals"":0.0,""planar_aromatic_rings"":0.0,""planar_double_bonds"":0.0,""reference_file_loads"":0.0,""sanitisation"":0.0,""tetrahedral_chirality"":0.0}",981,124.37126861680561,0.26310209306558074,0.5243428245073251,3.0,0.3058103975535168,0.6367703529399988,0.5208970438328236,2.0128743688498356,0.49989868666747717,0.3333333333333333,1.0,0.1019367991845056,0.0,1.0,1.0,1.0,0.0,1.0,0.1019367991845056,0.0,1.0,1.0,1.0,0.0,1.0,0.1019367991845056,0.0,1.0,1.0,1.0,0.0,981,-12.608075027299982,103.02524961448853,-12.475748791937036,5.09271627789486,0.23604461368153534,0.5184839500225918,1.0,1.0,1.0,1.0,0.2871293004359944,0.47930133699173466,0.0,1.0,1.0,1.0,1000,0,0,0,0,0,1000,0,0,0,0,981,1000,1000,core
3gy4_3gy4_conf0,generation,flowr_raw,dynamic,,flowr_raw_dynamic,FlowR,flowr_raw_dynamic,2,10,23,0.7,23,23,0,1.0,24,23,1,0.9583333333333334,"{""all_atoms_connected"":0,""bond_angles"":1,""bond_lengths"":1,""bonds"":0,""double_bond_stereochemistry"":0,""energy_ratio"":0,""file_loads"":0,""inchi_convertible"":0,""internal_steric_clash"":1,""molecular_formula"":0,""no_radicals"":0,""planar_aromatic_rings"":0,""planar_double_bonds"":0,""reference_file_loads"":0,""sanitisation"":0,""tetrahedral_chirality"":0}","{""all_atoms_connected"":0.0,""bond_angles"":0.041666666666666664,""bond_lengths"":0.041666666666666664,""bonds"":0.0,""double_bond_stereochemistry"":0.0,""energy_ratio"":0.0,""file_loads"":0.0,""inchi_convertible"":0.0,""internal_steric_clash"":0.041666666666666664,""molecular_formula"":0.0,""no_radicals"":0.0,""planar_aromatic_rings"":0.0,""planar_double_bonds"":0.0,""reference_file_loads"":0.0,""sanitisation"":0.0,""tetrahedral_chirality"":0.0}",23,117.74210506406769,0.2693517022153638,0.5242361007940446,2.0,8.695652173913043,0.9876925088958033,0.5652173913043478,1.9830107642760253,0.5085066162570888,0.0,1.0,4.3478260869565215,0.0,1.0,1.0,1.0,0.0,1.0,4.3478260869565215,0.0,1.0,1.0,1.0,0.0,1.0,4.3478260869565215,0.0,1.0,1.0,1.0,0.0,23,-12.476676607737698,-12.373566680571408,-12.47572900330406,0.020831052405801086,0.2701583081882537,0.2702988359432435,0.0,1.0,1.0,1.0,0.3214633035535319,0.32154314887269586,0.0,1.0,1.0,1.0,1000,0,0,0,0,0,24,0,0,0,0,23,24,24,core
3gy4_3gy4_conf0,generation,flowr_raw,chembl_count,,flowr_raw_chembl_count,FlowR,flowr_raw_chembl_count,2,10,1,0.7,1,1,0,1.0,1,1,0,1.0,"{""all_atoms_connected"":0,""bond_angles"":0,""bond_lengths"":0,""bonds"":0,""double_bond_stereochemistry"":0,""energy_ratio"":0,""file_loads"":0,""inchi_convertible"":0,""internal_steric_clash"":0,""molecular_formula"":0,""no_radicals"":0,""planar_aromatic_rings"":0,""planar_double_bonds"":0,""reference_file_loads"":0,""sanitisation"":0,""tetrahedral_chirality"":0}","{""all_atoms_connected"":0.0,""bond_angles"":0.0,""bond_lengths"":0.0,""bonds"":0.0,""double_bond_stereochemistry"":0.0,""energy_ratio"":0.0,""file_loads"":0.0,""inchi_convertible"":0.0,""internal_steric_clash"":0.0,""molecular_formula"":0.0,""no_radicals"":0.0,""planar_aromatic_rings"":0.0,""planar_double_bonds"":0.0,""reference_file_loads"":0.0,""sanitisation"":0.0,""tetrahedral_chirality"":0.0}",1,0.0,,,1.0,100.0,0.0,1.0,1.0,1.0,1.0,1.0,100.0,0.0,1.0,1.0,1.0,1.0,1.0,100.0,0.0,1.0,1.0,1.0,1.0,1.0,100.0,0.0,1.0,1.0,1.0,1.0,1,-12.475967752961736,-12.475967752961736,-12.475967752961736,0.0,0.27015307740405065,0.27015307740405065,0.0,1.0,1.0,1.0,0.32145911229522883,0.32145911229522883,0.0,1.0,1.0,1.0,1000,0,0,0,0,0,1,0,0,0,0,1,1,1,core
3jvs_3jvs_conf0,generation,flowr_raw,fixed,,flowr_raw_fixed,FlowR,flowr_raw_fixed,3,30,690,0.7,690,690,0,1.0,1000,690,310,0.69,"{""all_atoms_connected"":0,""bond_angles"":100,""bond_lengths"":96,""bonds"":0,""double_bond_stereochemistry"":0,""file_loads"":0,""inchi_convertible"":0,""internal_steric_clash"":291,""molecular_formula"":0,""no_radicals"":0,""planar_aromatic_rings"":68,""planar_double_bonds"":0,""reference_file_loads"":0,""sanitisation"":0,""tetrahedral_chirality"":0}","{""all_atoms_connected"":0.0,""bond_angles"":0.1,""bond_lengths"":0.096,""bonds"":0.0,""double_bond_stereochemistry"":0.0,""file_loads"":0.0,""inchi_convertible"":0.0,""internal_steric_clash"":0.291,""molecular_formula"":0.0,""no_radicals"":0.0,""planar_aromatic_rings"":0.068,""planar_double_bonds"":0.0,""reference_file_loads"":0.0,""sanitisation"":0.0,""tetrahedral_chirality"":0.0}",690,106.93041742707256,2.429965462970456,3.073198377014089,665.0,96.3768115942029,0.9977168235173994,0.004347826086956522,655.2041587011652,0.0015626969124133581,0.9654135338345865,288.0,41.73913043478261,0.9610381063618593,0.014492753623188406,230.97761850337056,0.005276202478470909,0.4131944444444444,14.0,2.028985507246377,0.953700239363372,0.13478260869565217,12.389751103589802,0.08563747111951271,0.0,2.0,0.2898550724637681,0.9665535865540423,0.6072463768115942,1.9541667610055293,0.523003570678429,0.0,690,103.04169198033487,406.4902129815865,122.39689527202691,31.33541662091346,0.8202005295043915,2.4412436512263707,0.0,0.0,0.0,1.0,0.8537392590251397,2.4228885818490546,0.0,0.0,0.0,1.0,1000,0,0,0,0,0,1000,0,0,0,0,690,1000,1000,core
3jvs_3jvs_conf0,generation,flowr_raw,dynamic,,flowr_raw_dynamic,FlowR,flowr_raw_dynamic,3,30,30,0.7,30,30,0,1.0,46,30,16,0.6521739130434783,"{""all_atoms_connected"":0,""bond_angles"":7,""bond_lengths"":8,""bonds"":0,""double_bond_stereochemistry"":0,""file_loads"":0,""inchi_convertible"":0,""internal_steric_clash"":14,""molecular_formula"":0,""no_radicals"":0,""planar_aromatic_rings"":8,""planar_double_bonds"":0,""reference_file_loads"":0,""sanitisation"":0,""tetrahedral_chirality"":0}","{""all_atoms_connected"":0.0,""bond_angles"":0.15217391304347827,""bond_lengths"":0.17391304347826086,""bonds"":0.0,""double_bond_stereochemistry"":0.0,""file_loads"":0.0,""inchi_convertible"":0.0,""internal_steric_clash"":0.30434782608695654,""molecular_formula"":0.0,""no_radicals"":0.0,""planar_aromatic_rings"":0.17391304347826086,""planar_double_bonds"":0.0,""reference_file_loads"":0.0,""sanitisation"":0.0,""tetrahedral_chirality"":0.0}",30,102.82399321577292,2.4470275707132867,3.095825947935117,30.0,100.0,0.9999999999999999,0.03333333333333333,29.99999999999999,0.03333333333333333,1.0,30.0,100.0,0.9999999999999999,0.03333333333333333,29.99999999999999,0.03333333333333333,1.0,7.0,23.333333333333332,0.9507322988074646,0.23333333333333334,6.360071562690784,0.16888888888888892,0.0,2.0,6.666666666666667,1.0,0.5,2.0,0.5,0.0,30,103.92531627428792,234.14362365561382,120.41260742108456,27.707362785257896,1.1826993138375028,2.468926745653016,0.0,0.0,0.0,1.0,1.1919975576992508,2.4087471835734933,0.0,0.0,0.0,1.0,1000,0,0,0,0,0,46,0,0,0,0,30,46,46,core
3jvs_3jvs_conf0,generation,flowr_raw,chembl_count,,flowr_raw_chembl_count,FlowR,flowr_raw_chembl_count,3,30,25,0.7,25,25,0,1.0,40,25,15,0.625,"{""all_atoms_connected"":0,""bond_angles"":5,""bond_lengths"":4,""bonds"":0,""double_bond_stereochemistry"":0,""file_loads"":0,""inchi_convertible"":0,""internal_steric_clash"":12,""molecular_formula"":0,""no_radicals"":0,""planar_aromatic_rings"":4,""planar_double_bonds"":0,""reference_file_loads"":0,""sanitisation"":0,""tetrahedral_chirality"":0}","{""all_atoms_connected"":0.0,""bond_angles"":0.125,""bond_lengths"":0.1,""bonds"":0.0,""double_bond_stereochemistry"":0.0,""file_loads"":0.0,""inchi_convertible"":0.0,""internal_steric_clash"":0.3,""molecular_formula"":0.0,""no_radicals"":0.0,""planar_aromatic_rings"":0.1,""planar_double_bonds"":0.0,""reference_file_loads"":0.0,""sanitisation"":0.0,""tetrahedral_chirality"":0.0}",25,101.54228513221898,2.2886953019667673,2.9108102631884716,25.0,100.0,0.9999999999999999,0.04,24.999999999999986,0.04,1.0,23.0,92.0,0.9912224555189026,0.08,22.37562677319928,0.04639999999999998,0.9130434782608695,7.0,28.0,0.9776100734525683,0.2,6.7015668934580255,0.15519999999999998,0.0,2.0,8.0,0.8554508105601307,0.72,1.8093240408798608,0.5968,0.0,25,106.2471937828325,206.7713156905054,120.21428087450656,20.66615200800937,1.549186461583204,2.419733732285282,0.0,0.0,0.0,1.0,1.5526797697359356,2.3478723610026635,0.0,0.0,0.0,1.0,1000,0,0,0,0,0,40,0,0,0,0,25,40,40,core
3k5v_3k5v_conf0,generation,flowr_raw,fixed,,flowr_raw_fixed,FlowR,flowr_raw_fixed,5,27,943,0.7,943,943,0,1.0,1000,943,57,0.943,"{""all_atoms_connected"":0,""bond_angles"":54,""bond_lengths"":54,""bonds"":0,""double_bond_stereochemistry"":0,""energy_ratio"":5,""file_loads"":0,""inchi_convertible"":0,""internal_steric_clash"":54,""molecular_formula"":0,""no_radicals"":0,""planar_aromatic_rings"":24,""planar_double_bonds"":0,""reference_file_loads"":0,""sanitisation"":0,""tetrahedral_chirality"":0}","{""all_atoms_connected"":0.0,""bond_angles"":0.054,""bond_lengths"":0.054,""bonds"":0.0,""double_bond_stereochemistry"":0.0,""energy_ratio"":0.005,""file_loads"":0.0,""inchi_convertible"":0.0,""internal_steric_clash"":0.054,""molecular_formula"":0.0,""no_radicals"":0.0,""planar_aromatic_rings"":0.024,""planar_double_bonds"":0.0,""reference_file_loads"":0.0,""sanitisation"":0.0,""tetrahedral_chirality"":0.0}",943,109.30420824340104,1.8267270320118056,2.5118552358767516,525.0,55.67338282078473,0.9621209346383309,0.010604453870625663,414.11619157073346,0.0031745888946740452,0.6266666666666667,74.0,7.847295864262991,0.8904050315906007,0.061505832449628844,46.171430311668246,0.027197106772118944,0.1891891891891892,5.0,0.5302226935312832,0.8428239375761556,0.4252386002120891,3.8824748515811947,0.29601495194259425,0.0,2.0,0.21208907741251326,0.9932720928394356,0.5482502651113468,1.9906948540526859,0.5046561761666305,0.0,943,-23.566496571011506,222.6743832965123,-15.260001193883703,14.524045790669087,0.6068131184721127,2.577113273962281,0.0,0.0,1.0,1.0,0.5862229530004833,2.575330226900005,0.0,0.0,1.0,1.0,1000,0,0,0,0,0,1000,0,0,0,0,943,1000,1000,core
3k5v_3k5v_conf0,generation,flowr_raw,dynamic,,flowr_raw_dynamic,FlowR,flowr_raw_dynamic,5,27,83,0.7,83,83,0,1.0,90,83,7,0.9222222222222224,"{""all_atoms_connected"":0,""bond_angles"":7,""bond_lengths"":7,""bonds"":0,""double_bond_stereochemistry"":0,""energy_ratio"":1,""file_loads"":0,""inchi_convertible"":0,""internal_steric_clash"":7,""molecular_formula"":0,""no_radicals"":0,""planar_aromatic_rings"":3,""planar_double_bonds"":0,""reference_file_loads"":0,""sanitisation"":0,""tetrahedral_chirality"":0}","{""all_atoms_connected"":0.0,""bond_angles"":0.07777777777777778,""bond_lengths"":0.07777777777777778,""bonds"":0.0,""double_bond_stereochemistry"":0.0,""energy_ratio"":0.011111111111111112,""file_loads"":0.0,""inchi_convertible"":0.0,""internal_steric_clash"":0.07777777777777778,""molecular_formula"":0.0,""no_radicals"":0.0,""planar_aromatic_rings"":0.03333333333333333,""planar_double_bonds"":0.0,""reference_file_loads"":0.0,""sanitisation"":0.0,""tetrahedral_chirality"":0.0}",83,110.9394306826605,1.8712795813989558,2.5988884667817875,76.0,91.56626506024097,0.9933477491852446,0.024096385542168676,73.84174454232001,0.01408041805777326,0.9078947368421053,33.0,39.75903614457831,0.9308392957809655,0.0963855421686747,25.911493537788264,0.04717665844099288,0.42424242424242425,4.0,4.819277108433735,0.6631711850007964,0.6506024096385542,2.50766107034788,0.4849760487734069,0.25,1.0,1.2048192771084338,0.0,1.0,1.0,1.0,0.0,83,-22.874136278027898,88.31707979281748,-14.330328132170678,13.706892293623067,0.7775038579361496,2.524123568822035,0.0,0.0,0.0,1.0,0.780741183378305,2.581725160627757,0.0,0.0,0.0,1.0,1000,0,0,0,0,0,90,0,0,0,0,83,90,90,core
3k5v_3k5v_conf0,generation,flowr_raw,chembl_count,,flowr_raw_chembl_count,FlowR,flowr_raw_chembl_count,5,27,191,0.7,191,191,0,1.0,200,191,9,0.955,"{""all_atoms_connected"":0,""bond_angles"":9,""bond_lengths"":9,""bonds"":0,""double_bond_stereochemistry"":0,""energy_ratio"":1,""file_loads"":0,""inchi_convertible"":0,""internal_steric_clash"":9,""molecular_formula"":0,""no_radicals"":0,""planar_aromatic_rings"":3,""planar_double_bonds"":0,""reference_file_loads"":0,""sanitisation"":0,""tetrahedral_chirality"":0}","{""all_atoms_connected"":0.0,""bond_angles"":0.045,""bond_lengths"":0.045,""bonds"":0.0,""double_bond_stereochemistry"":0.0,""energy_ratio"":0.005,""file_loads"":0.0,""inchi_convertible"":0.0,""internal_steric_clash"":0.045,""molecular_formula"":0.0,""no_radicals"":0.0,""planar_aromatic_rings"":0.015,""planar_double_bonds"":0.0,""reference_file_loads"":0.0,""sanitisation"":0.0,""tetrahedral_chirality"":0.0}",191,109.25259780144563,1.8141720270105395,2.4675070365878677,157.0,82.19895287958116,0.9877962091961048,0.015706806282722512,147.60509629094946,0.007318878320221486,0.8089171974522293,44.0,23.036649214659686,0.926673205548872,0.07329842931937172,33.338308409495994,0.035607576546695545,0.29545454545454547,4.0,2.094240837696335,0.7762581914162574,0.518324607329843,2.9332832345322917,0.3814314300594831,0.0,2.0,1.0471204188481675,0.9833062169291144,0.5759162303664922,1.976990881509863,0.5115265480661166,0.0,191,-22.70532663474488,73.32969159637977,-15.719253147946802,11.688304853725201,0.704842977593726,2.4391212513246145,0.0,0.0,1.0,1.0,0.6504284867687274,2.4793242248543472,0.0,0.0,1.0,1.0,1000,0,0,0,0,0,200,0,0,0,0,191,200,200,core
3kgp_3kgp_conf0,generation,flowr_raw,fixed,,flowr_raw_fixed,FlowR,flowr_raw_fixed,3,11,979,0.7,979,979,0,1.0,1000,979,21,0.979,"{""all_atoms_connected"":0,""bond_angles"":20,""bond_lengths"":20,""bonds"":0,""double_bond_stereochemistry"":0,""energy_ratio"":20,""file_loads"":0,""inchi_convertible"":0,""internal_steric_clash"":20,""molecular_formula"":0,""no_radicals"":0,""planar_aromatic_rings"":1,""planar_double_bonds"":0,""reference_file_loads"":0,""sanitisation"":0,""tetrahedral_chirality"":0}","{""all_atoms_connected"":0.0,""bond_angles"":0.02,""bond_lengths"":0.02,""bonds"":0.0,""double_bond_stereochemistry"":0.0,""energy_ratio"":0.02,""file_loads"":0.0,""inchi_convertible"":0.0,""internal_steric_clash"":0.02,""molecular_formula"":0.0,""no_radicals"":0.0,""planar_aromatic_rings"":0.001,""planar_double_bonds"":0.0,""reference_file_loads"":0.0,""sanitisation"":0.0,""tetrahedral_chirality"":0.0}",979,104.3103126156268,0.6376014311126534,1.3048200883525807,2.0,0.20429009193054137,0.9029539763400183,0.6813074565883555,1.8698907428486615,0.5657447876290768,0.0,2.0,0.20429009193054137,0.9029539763400183,0.6813074565883555,1.8698907428486615,0.5657447876290768,0.0,1.0,0.10214504596527069,0.0,1.0,1.0,1.0,0.0,1.0,0.10214504596527069,0.0,1.0,1.0,1.0,0.0,979,-14.840889426028484,-0.6117329133427205,-14.840877438279161,6.591867626387314,0.33267529677994573,0.33405188940110747,0.0,1.0,1.0,1.0,0.25174743435408065,0.2535932107975334,0.0,1.0,1.0,1.0,1000,0,0,0,0,0,1000,0,0,0,0,979,1000,1000,core
3kgp_3kgp_conf0,generation,flowr_raw,dynamic,,flowr_raw_dynamic,FlowR,flowr_raw_dynamic,3,11,44,0.7,44,44,0,1.0,46,44,2,0.9565217391304348,"{""all_atoms_connected"":0,""bond_angles"":2,""bond_lengths"":2,""bonds"":0,""double_bond_stereochemistry"":0,""energy_ratio"":2,""file_loads"":0,""inchi_convertible"":0,""internal_steric_clash"":2,""molecular_formula"":0,""no_radicals"":0,""planar_aromatic_rings"":0,""planar_double_bonds"":0,""reference_file_loads"":0,""sanitisation"":0,""tetrahedral_chirality"":0}","{""all_atoms_connected"":0.0,""bond_angles"":0.043478260869565216,""bond_lengths"":0.043478260869565216,""bonds"":0.0,""double_bond_stereochemistry"":0.0,""energy_ratio"":0.043478260869565216,""file_loads"":0.0,""inchi_convertible"":0.0,""internal_steric_clash"":0.043478260869565216,""molecular_formula"":0.0,""no_radicals"":0.0,""planar_aromatic_rings"":0.0,""planar_double_bonds"":0.0,""reference_file_loads"":0.0,""sanitisation"":0.0,""tetrahedral_chirality"":0.0}",44,98.23019406058704,0.6547588229034585,1.304817930703531,2.0,4.545454545454546,0.976020648236615,0.5909090909090909,1.967032300542503,0.5165289256198348,0.0,2.0,4.545454545454546,0.976020648236615,0.5909090909090909,1.967032300542503,0.5165289256198348,0.0,1.0,2.272727272727273,0.0,1.0,1.0,1.0,0.0,1.0,2.272727272727273,0.0,1.0,1.0,1.0,0.0,44,-14.840887212052897,-0.6930800216741915,-14.840873114146898,6.955988511645104,0.3340348982682806,0.33405839988566083,0.0,1.0,1.0,1.0,0.2535722779835787,0.2535961617828601,0.0,1.0,1.0,1.0,1000,0,0,0,0,0,46,0,0,0,0,44,46,46,core
3kgp_3kgp_conf0,generation,flowr_raw,chembl_count,,flowr_raw_chembl_count,FlowR,flowr_raw_chembl_count,3,11,1,0.7,1,1,0,1.0,1,1,0,1.0,"{""all_atoms_connected"":0,""bond_angles"":0,""bond_lengths"":0,""bonds"":0,""double_bond_stereochemistry"":0,""energy_ratio"":0,""file_loads"":0,""inchi_convertible"":0,""internal_steric_clash"":0,""molecular_formula"":0,""no_radicals"":0,""planar_aromatic_rings"":0,""planar_double_bonds"":0,""reference_file_loads"":0,""sanitisation"":0,""tetrahedral_chirality"":0}","{""all_atoms_connected"":0.0,""bond_angles"":0.0,""bond_lengths"":0.0,""bonds"":0.0,""double_bond_stereochemistry"":0.0,""energy_ratio"":0.0,""file_loads"":0.0,""inchi_convertible"":0.0,""internal_steric_clash"":0.0,""molecular_formula"":0.0,""no_radicals"":0.0,""planar_aromatic_rings"":0.0,""planar_double_bonds"":0.0,""reference_file_loads"":0.0,""sanitisation"":0.0,""tetrahedral_chirality"":0.0}",1,0.0,,,1.0,100.0,0.0,1.0,1.0,1.0,1.0,1.0,100.0,0.0,1.0,1.0,1.0,1.0,1.0,100.0,0.0,1.0,1.0,1.0,1.0,1.0,100.0,0.0,1.0,1.0,1.0,1.0,1,-14.8408849368687,-14.8408849368687,-14.8408849368687,0.0,0.33405365283921784,0.33405365283921784,0.0,1.0,1.0,1.0,0.25359901764971454,0.25359901764971454,0.0,1.0,1.0,1.0,1000,0,0,0,0,0,1,0,0,0,0,1,1,1,core
3lka_3lka_conf0,generation,flowr_raw,fixed,,flowr_raw_fixed,FlowR,flowr_raw_fixed,3,12,994,0.7,994,994,0,1.0,1000,994,6,0.994,"{""all_atoms_connected"":0,""bond_angles"":6,""bond_lengths"":6,""bonds"":0,""double_bond_stereochemistry"":0,""file_loads"":0,""inchi_convertible"":0,""internal_steric_clash"":6,""molecular_formula"":0,""no_radicals"":0,""planar_aromatic_rings"":1,""planar_double_bonds"":0,""reference_file_loads"":0,""sanitisation"":0,""tetrahedral_chirality"":0}","{""all_atoms_connected"":0.0,""bond_angles"":0.006,""bond_lengths"":0.006,""bonds"":0.0,""double_bond_stereochemistry"":0.0,""file_loads"":0.0,""inchi_convertible"":0.0,""internal_steric_clash"":0.006,""molecular_formula"":0.0,""no_radicals"":0.0,""planar_aromatic_rings"":0.001,""planar_double_bonds"":0.0,""reference_file_loads"":0.0,""sanitisation"":0.0,""tetrahedral_chirality"":0.0}",994,106.89761550117682,0.300673736961885,0.5425301670013517,5.0,0.5030181086519114,0.44770261841443687,0.5080482897384306,2.0555625708171728,0.4961924464290776,0.4,1.0,0.1006036217303823,0.0,1.0,1.0,1.0,0.0,1.0,0.1006036217303823,0.0,1.0,1.0,1.0,0.0,1.0,0.1006036217303823,0.0,1.0,1.0,1.0,0.0,994,-54.64507192089239,-40.10299659232821,-53.098331193215785,1.7826487629328236,0.11373609365891575,0.5655677106858862,1.0,1.0,1.0,1.0,0.39211169540449803,0.6900237251596889,0.0,1.0,1.0,1.0,1000,0,0,0,0,0,1000,0,0,0,0,994,1000,1000,core
3lka_3lka_conf0,generation,flowr_raw,dynamic,,flowr_raw_dynamic,FlowR,flowr_raw_dynamic,3,12,46,0.7,46,46,0,1.0,46,46,0,1.0,"{""all_atoms_connected"":0,""bond_angles"":0,""bond_lengths"":0,""bonds"":0,""double_bond_stereochemistry"":0,""file_loads"":0,""inchi_convertible"":0,""internal_steric_clash"":0,""molecular_formula"":0,""no_radicals"":0,""planar_aromatic_rings"":0,""planar_double_bonds"":0,""reference_file_loads"":0,""sanitisation"":0,""tetrahedral_chirality"":0}","{""all_atoms_connected"":0.0,""bond_angles"":0.0,""bond_lengths"":0.0,""bonds"":0.0,""double_bond_stereochemistry"":0.0,""file_loads"":0.0,""inchi_convertible"":0.0,""internal_steric_clash"":0.0,""molecular_formula"":0.0,""no_radicals"":0.0,""planar_aromatic_rings"":0.0,""planar_double_bonds"":0.0,""reference_file_loads"":0.0,""sanitisation"":0.0,""tetrahedral_chirality"":0.0}",46,102.82379818057335,0.29817040642628784,0.5425270176790942,2.0,4.3478260869565215,0.978070970973496,0.5869565217391305,1.969829785894719,0.5151228733459358,0.0,1.0,2.1739130434782608,0.0,1.0,1.0,1.0,0.0,1.0,2.1739130434782608,0.0,1.0,1.0,1.0,0.0,1.0,2.1739130434782608,0.0,1.0,1.0,1.0,0.0,46,-54.64506925051499,-50.75946205112041,-54.444568390411746,1.7316822822346851,0.18755790281724333,0.570569086660422,1.0,1.0,1.0,1.0,0.5356928157046245,0.6928396687505132,0.0,0.0,1.0,1.0,1000,0,0,0,0,0,46,0,0,0,0,46,46,46,core
3lka_3lka_conf0,generation,flowr_raw,chembl_count,,flowr_raw_chembl_count,FlowR,flowr_raw_chembl_count,3,12,4,0.7,4,4,0,1.0,4,4,0,1.0,"{""all_atoms_connected"":0,""bond_angles"":0,""bond_lengths"":0,""bonds"":0,""double_bond_stereochemistry"":0,""file_loads"":0,""inchi_convertible"":0,""internal_steric_clash"":0,""molecular_formula"":0,""no_radicals"":0,""planar_aromatic_rings"":0,""planar_double_bonds"":0,""reference_file_loads"":0,""sanitisation"":0,""tetrahedral_chirality"":0}","{""all_atoms_connected"":0.0,""bond_angles"":0.0,""bond_lengths"":0.0,""bonds"":0.0,""double_bond_stereochemistry"":0.0,""file_loads"":0.0,""inchi_convertible"":0.0,""internal_steric_clash"":0.0,""molecular_formula"":0.0,""no_radicals"":0.0,""planar_aromatic_rings"":0.0,""planar_double_bonds"":0.0,""reference_file_loads"":0.0,""sanitisation"":0.0,""tetrahedral_chirality"":0.0}",4,65.28099467596901,0.3662913363624261,0.5387495411844845,2.0,50.0,1.0,0.5,2.0,0.5,0.0,1.0,25.0,0.0,1.0,1.0,1.0,0.0,1.0,25.0,0.0,1.0,1.0,1.0,0.0,1.0,25.0,0.0,1.0,1.0,1.0,0.0,4,-54.64506425831143,-51.22053275763575,-54.64493284871398,1.4828277069771545,0.18756061226670198,0.40510998542990506,1.0,1.0,1.0,1.0,0.5357099926028137,0.6255087331612252,0.0,0.0,1.0,1.0,1000,0,0,0,0,0,4,0,0,0,0,4,4,4,core
3nx7_3nx7_conf0,generation,flowr_raw,fixed,,flowr_raw_fixed,FlowR,flowr_raw_fixed,9,20,973,0.7,973,973,0,1.0,1000,973,27,0.973,"{""all_atoms_connected"":0,""bond_angles"":19,""bond_lengths"":19,""bonds"":0,""double_bond_stereochemistry"":0,""file_loads"":0,""inchi_convertible"":0,""internal_steric_clash"":27,""molecular_formula"":0,""no_radicals"":0,""planar_aromatic_rings"":1,""planar_double_bonds"":0,""reference_file_loads"":0,""sanitisation"":0,""tetrahedral_chirality"":0}","{""all_atoms_connected"":0.0,""bond_angles"":0.019,""bond_lengths"":0.019,""bonds"":0.0,""double_bond_stereochemistry"":0.0,""file_loads"":0.0,""inchi_convertible"":0.0,""internal_steric_clash"":0.027,""molecular_formula"":0.0,""no_radicals"":0.0,""planar_aromatic_rings"":0.001,""planar_double_bonds"":0.0,""reference_file_loads"":0.0,""sanitisation"":0.0,""tetrahedral_chirality"":0.0}",973,106.72014701266347,1.8291365729352718,2.4558479640475332,604.0,62.07605344295992,0.9718148383587323,0.007194244604316547,504.2581927422914,0.002447374063750028,0.6688741721854304,78.0,8.016443987667008,0.9254029424295391,0.040082219938335044,56.35726550713906,0.020955310336960208,0.1282051282051282,3.0,0.30832476875642345,0.9935593386944863,0.3669064748201439,2.9788475544085764,0.33791613017030214,0.0,1.0,0.10277492291880781,0.0,1.0,1.0,1.0,0.0,973,36.61246478913177,234.47147370651757,46.035519659882254,10.241062845093767,0.46133060663250025,1.8080275120080762,0.0,1.0,1.0,1.0,0.45494460702906897,1.799980220889252,0.0,1.0,1.0,1.0,1000,0,0,0,0,0,1000,0,0,0,0,973,1000,1000,core
3nx7_3nx7_conf0,generation,flowr_raw,dynamic,,flowr_raw_dynamic,FlowR,flowr_raw_dynamic,9,20,173,0.7,173,173,0,1.0,178,173,5,0.9719101123595506,"{""all_atoms_connected"":0,""bond_angles"":4,""bond_lengths"":4,""bonds"":0,""double_bond_stereochemistry"":0,""file_loads"":0,""inchi_convertible"":0,""internal_steric_clash"":5,""molecular_formula"":0,""no_radicals"":0,""planar_aromatic_rings"":0,""planar_double_bonds"":0,""reference_file_loads"":0,""sanitisation"":0,""tetrahedral_chirality"":0}","{""all_atoms_connected"":0.0,""bond_angles"":0.02247191011235955,""bond_lengths"":0.02247191011235955,""bonds"":0.0,""double_bond_stereochemistry"":0.0,""file_loads"":0.0,""inchi_convertible"":0.0,""internal_steric_clash"":0.028089887640449437,""molecular_formula"":0.0,""no_radicals"":0.0,""planar_aromatic_rings"":0.0,""planar_double_bonds"":0.0,""reference_file_loads"":0.0,""sanitisation"":0.0,""tetrahedral_chirality"":0.0}",173,106.5318772098566,1.819322325448017,2.470837108312586,149.0,86.1271676300578,0.9876049660252302,0.023121387283236993,140.0391773218747,0.007851916201677304,0.87248322147651,37.0,21.387283236994218,0.9459373672788945,0.06936416184971098,30.438315215559516,0.038324033546059,0.08108108108108109,3.0,1.7341040462427746,0.9972773790888068,0.3699421965317919,2.9910400923202656,0.33536035283504295,0.0,1.0,0.5780346820809249,0.0,1.0,1.0,1.0,0.0,173,37.36896467379943,104.92944171553464,46.44634719911309,7.1635571399355165,0.5545161048418962,1.912668091549977,0.0,0.0,1.0,1.0,0.5436940307411795,1.9397740830898758,0.0,0.0,1.0,1.0,1000,0,0,0,0,0,178,0,0,0,0,173,178,178,core
3nx7_3nx7_conf0,generation,flowr_raw,chembl_count,,flowr_raw_chembl_count,FlowR,flowr_raw_chembl_count,9,20,109,0.7,109,109,0,1.0,111,109,2,0.981981981981982,"{""all_atoms_connected"":0,""bond_angles"":2,""bond_lengths"":2,""bonds"":0,""double_bond_stereochemistry"":0,""file_loads"":0,""inchi_convertible"":0,""internal_steric_clash"":2,""molecular_formula"":0,""no_radicals"":0,""planar_aromatic_rings"":1,""planar_double_bonds"":0,""reference_file_loads"":0,""sanitisation"":0,""tetrahedral_chirality"":0}","{""all_atoms_connected"":0.0,""bond_angles"":0.018018018018018018,""bond_lengths"":0.018018018018018018,""bonds"":0.0,""double_bond_stereochemistry"":0.0,""file_loads"":0.0,""inchi_convertible"":0.0,""internal_steric_clash"":0.018018018018018018,""molecular_formula"":0.0,""no_radicals"":0.0,""planar_aromatic_rings"":0.009009009009009009,""planar_double_bonds"":0.0,""reference_file_loads"":0.0,""sanitisation"":0.0,""tetrahedral_chirality"":0.0}",109,106.11055338972679,1.8275346148576759,2.4601057427130386,100.0,91.74311926605505,0.9928151585874918,0.027522935779816515,96.745398351866,0.010857671913138623,0.92,36.0,33.027522935779814,0.9378510616443738,0.09174311926605505,28.812434310367237,0.041999831664001355,0.2777777777777778,3.0,2.7522935779816513,0.9809334903927271,0.41284403669724773,2.9378134698332263,0.3470246612238027,0.0,1.0,0.9174311926605505,0.0,1.0,1.0,1.0,0.0,109,37.50156453750803,81.83579941182842,45.851338299716495,6.808116634338376,0.6723192109162959,1.8773134242821956,0.0,0.0,1.0,1.0,0.6468361015370155,1.9220573973935475,0.0,0.0,1.0,1.0,1000,0,0,0,0,0,111,0,0,0,0,109,111,111,core
3pxf_3pxf_conf0,generation,flowr_raw,fixed,,flowr_raw_fixed,FlowR,flowr_raw_fixed,3,21,929,0.7,929,929,0,1.0,1000,929,71,0.929,"{""all_atoms_connected"":0,""bond_angles"":67,""bond_lengths"":64,""bonds"":0,""double_bond_stereochemistry"":0,""energy_ratio"":1,""file_loads"":0,""inchi_convertible"":0,""internal_steric_clash"":65,""molecular_formula"":0,""no_radicals"":0,""planar_aromatic_rings"":55,""planar_double_bonds"":0,""reference_file_loads"":0,""sanitisation"":0,""tetrahedral_chirality"":0}","{""all_atoms_connected"":0.0,""bond_angles"":0.067,""bond_lengths"":0.064,""bonds"":0.0,""double_bond_stereochemistry"":0.0,""energy_ratio"":0.001,""file_loads"":0.0,""inchi_convertible"":0.0,""internal_steric_clash"":0.065,""molecular_formula"":0.0,""no_radicals"":0.0,""planar_aromatic_rings"":0.055,""planar_double_bonds"":0.0,""reference_file_loads"":0.0,""sanitisation"":0.0,""tetrahedral_chirality"":0.0}",929,86.01467710344878,0.7301770257516671,1.2448167669002306,39.0,4.198062432723359,0.4869295864592648,0.38858988159311086,5.95300751951693,0.28747301692503585,0.41025641025641024,8.0,0.8611410118406889,0.4672102931843543,0.48439181916038754,2.6420007562668704,0.4402652944645736,0.25,3.0,0.32292787944025836,0.021664656462775597,0.9967707212055974,1.0240865636099328,0.9935576641202446,0.3333333333333333,1.0,0.10764262648008611,0.0,1.0,1.0,1.0,0.0,929,73.16215627328617,193.0526454999457,75.01285469135664,11.184938399027963,0.19454723226889004,0.7630970485525163,1.0,1.0,1.0,1.0,0.1362971944970688,0.7795304409893289,1.0,1.0,1.0,1.0,1000,0,0,0,0,0,1000,0,0,0,0,929,1000,1000,core
3pxf_3pxf_conf0,generation,flowr_raw,dynamic,,flowr_raw_dynamic,FlowR,flowr_raw_dynamic,3,21,41,0.7,41,41,0,1.0,46,41,5,0.8913043478260869,"{""all_atoms_connected"":0,""bond_angles"":3,""bond_lengths"":4,""bonds"":0,""double_bond_stereochemistry"":0,""energy_ratio"":1,""file_loads"":0,""inchi_convertible"":0,""internal_steric_clash"":3,""molecular_formula"":0,""no_radicals"":0,""planar_aromatic_rings"":4,""planar_double_bonds"":0,""reference_file_loads"":0,""sanitisation"":0,""tetrahedral_chirality"":0}","{""all_atoms_connected"":0.0,""bond_angles"":0.06521739130434782,""bond_lengths"":0.08695652173913043,""bonds"":0.0,""double_bond_stereochemistry"":0.0,""energy_ratio"":0.021739130434782608,""file_loads"":0.0,""inchi_convertible"":0.0,""internal_steric_clash"":0.06521739130434782,""molecular_formula"":0.0,""no_radicals"":0.0,""planar_aromatic_rings"":0.08695652173913043,""planar_double_bonds"":0.0,""reference_file_loads"":0.0,""sanitisation"":0.0,""tetrahedral_chirality"":0.0}",41,84.13347816303197,0.6178045658654828,1.0552124281585857,6.0,14.634146341463415,0.5712558921107987,0.6097560975609756,2.783065878558904,0.45984533016061874,0.6666666666666666,2.0,4.878048780487805,0.16542703399626682,0.975609756097561,1.1214979894043937,0.9524092801903628,0.5,1.0,2.4390243902439024,0.0,1.0,1.0,1.0,0.0,1.0,2.4390243902439024,0.0,1.0,1.0,1.0,0.0,41,73.16596581380357,102.10061548570967,74.2979794248721,4.849837611720964,0.2009979257827878,0.3706546672694816,1.0,1.0,1.0,1.0,0.1621858495548866,0.3635207406362009,1.0,1.0,1.0,1.0,1000,0,0,0,0,0,46,0,0,0,0,41,46,46,core
3pxf_3pxf_conf0,generation,flowr_raw,chembl_count,,flowr_raw_chembl_count,FlowR,flowr_raw_chembl_count,3,21,6,0.7,6,6,0,1.0,7,6,1,0.8571428571428571,"{""all_atoms_connected"":0,""bond_angles"":1,""bond_lengths"":1,""bonds"":0,""double_bond_stereochemistry"":0,""energy_ratio"":0,""file_loads"":0,""inchi_convertible"":0,""internal_steric_clash"":1,""molecular_formula"":0,""no_radicals"":0,""planar_aromatic_rings"":1,""planar_double_bonds"":0,""reference_file_loads"":0,""sanitisation"":0,""tetrahedral_chirality"":0}","{""all_atoms_connected"":0.0,""bond_angles"":0.14285714285714285,""bond_lengths"":0.14285714285714285,""bonds"":0.0,""double_bond_stereochemistry"":0.0,""energy_ratio"":0.0,""file_loads"":0.0,""inchi_convertible"":0.0,""internal_steric_clash"":0.14285714285714285,""molecular_formula"":0.0,""no_radicals"":0.0,""planar_aromatic_rings"":0.14285714285714285,""planar_double_bonds"":0.0,""reference_file_loads"":0.0,""sanitisation"":0.0,""tetrahedral_chirality"":0.0}",6,54.24378613280442,0.44330117662778984,0.9037896826327262,2.0,33.333333333333336,0.6500224216483541,0.8333333333333334,1.5691925832141966,0.7222222222222223,0.5,1.0,16.666666666666668,0.0,1.0,1.0,1.0,0.0,1.0,16.666666666666668,0.0,1.0,1.0,1.0,0.0,1.0,16.666666666666668,0.0,1.0,1.0,1.0,0.0,6,73.17811872818925,78.69108697706008,73.27611552928003,2.0028305121027494,0.19532210193271315,0.3587107866276096,1.0,1.0,1.0,1.0,0.1362971944970688,0.3064087255401078,1.0,1.0,1.0,1.0,1000,0,0,0,0,0,7,0,0,0,0,6,7,7,core
3qqs_3qqs_conf0,generation,flowr_raw,fixed,,flowr_raw_fixed,FlowR,flowr_raw_fixed,4,19,962,0.7,962,962,0,1.0,1000,962,38,0.962,"{""all_atoms_connected"":0,""bond_angles"":38,""bond_lengths"":38,""bonds"":0,""double_bond_stereochemistry"":0,""energy_ratio"":10,""file_loads"":0,""inchi_convertible"":0,""internal_steric_clash"":38,""molecular_formula"":0,""no_radicals"":0,""planar_aromatic_rings"":1,""planar_double_bonds"":0,""reference_file_loads"":0,""sanitisation"":0,""tetrahedral_chirality"":0}","{""all_atoms_connected"":0.0,""bond_angles"":0.038,""bond_lengths"":0.038,""bonds"":0.0,""double_bond_stereochemistry"":0.0,""energy_ratio"":0.01,""file_loads"":0.0,""inchi_convertible"":0.0,""internal_steric_clash"":0.038,""molecular_formula"":0.0,""no_radicals"":0.0,""planar_aromatic_rings"":0.001,""planar_double_bonds"":0.0,""reference_file_loads"":0.0,""sanitisation"":0.0,""tetrahedral_chirality"":0.0}",962,98.14540735833106,1.01655762151675,1.8490842297281622,19.0,1.975051975051975,0.37255730056280173,0.4875259875259875,2.9950838796918395,0.4272781497313722,0.2631578947368421,5.0,0.5197505197505198,0.5161309580679563,0.49064449064449067,2.2948804064961186,0.4717432929491142,0.0,2.0,0.2079002079002079,0.9999875285878081,0.502079002079002,1.9999827110263309,0.500008644499289,0.0,1.0,0.10395010395010396,0.0,1.0,1.0,1.0,0.0,962,129.5100106535548,287.9765502115942,131.22167599708445,7.057967069193172,0.492887611657669,1.824695818528802,0.0,1.0,1.0,1.0,0.5028435667239377,1.8222781008793205,0.0,0.0,1.0,1.0,1000,0,0,0,0,0,1000,0,0,0,0,962,1000,1000,core
3qqs_3qqs_conf0,generation,flowr_raw,dynamic,,flowr_raw_dynamic,FlowR,flowr_raw_dynamic,4,19,65,0.7,65,65,0,1.0,68,65,3,0.9558823529411764,"{""all_atoms_connected"":0,""bond_angles"":3,""bond_lengths"":3,""bonds"":0,""double_bond_stereochemistry"":0,""energy_ratio"":0,""file_loads"":0,""inchi_convertible"":0,""internal_steric_clash"":3,""molecular_formula"":0,""no_radicals"":0,""planar_aromatic_rings"":0,""planar_double_bonds"":0,""reference_file_loads"":0,""sanitisation"":0,""tetrahedral_chirality"":0}","{""all_atoms_connected"":0.0,""bond_angles"":0.04411764705882353,""bond_lengths"":0.04411764705882353,""bonds"":0.0,""double_bond_stereochemistry"":0.0,""energy_ratio"":0.0,""file_loads"":0.0,""inchi_convertible"":0.0,""internal_steric_clash"":0.04411764705882353,""molecular_formula"":0.0,""no_radicals"":0.0,""planar_aromatic_rings"":0.0,""planar_double_bonds"":0.0,""reference_file_loads"":0.0,""sanitisation"":0.0,""tetrahedral_chirality"":0.0}",65,98.4655514300596,1.0355434107006947,1.9348895990906698,6.0,9.23076923076923,0.5863081446433525,0.47692307692307695,2.859146546689849,0.41585798816568054,0.5,2.0,3.076923076923077,0.9998292601233935,0.5076923076923077,1.9997633182775065,0.5001183431952663,0.0,2.0,3.076923076923077,0.9998292601233935,0.5076923076923077,1.9997633182775065,0.5001183431952663,0.0,1.0,1.5384615384615385,0.0,1.0,1.0,1.0,0.0,65,130.53320659245188,140.3659514337644,131.22177050296074,1.5696933401479773,1.0206820007861013,1.5268144910252655,0.0,0.0,0.0,1.0,0.9270343276917072,1.4654022741310897,0.0,0.0,0.0,1.0,1000,0,0,0,0,0,68,0,0,0,0,65,68,68,core
3qqs_3qqs_conf0,generation,flowr_raw,chembl_count,,flowr_raw_chembl_count,FlowR,flowr_raw_chembl_count,4,19,7,0.7,7,7,0,1.0,7,7,0,1.0,"{""all_atoms_connected"":0,""bond_angles"":0,""bond_lengths"":0,""bonds"":0,""double_bond_stereochemistry"":0,""energy_ratio"":0,""file_loads"":0,""inchi_convertible"":0,""internal_steric_clash"":0,""molecular_formula"":0,""no_radicals"":0,""planar_aromatic_rings"":0,""planar_double_bonds"":0,""reference_file_loads"":0,""sanitisation"":0,""tetrahedral_chirality"":0}","{""all_atoms_connected"":0.0,""bond_angles"":0.0,""bond_lengths"":0.0,""bonds"":0.0,""double_bond_stereochemistry"":0.0,""energy_ratio"":0.0,""file_loads"":0.0,""inchi_convertible"":0.0,""internal_steric_clash"":0.0,""molecular_formula"":0.0,""no_radicals"":0.0,""planar_aromatic_rings"":0.0,""planar_double_bonds"":0.0,""reference_file_loads"":0.0,""sanitisation"":0.0,""tetrahedral_chirality"":0.0}",7,95.50347950398495,1.0184225229842094,1.8669484896534383,3.0,42.857142857142854,0.8699155297736259,0.5714285714285714,2.6004900059896596,0.42857142857142855,0.3333333333333333,2.0,28.571428571428573,0.8631205685666311,0.7142857142857143,1.8189685116531733,0.5918367346938775,0.0,1.0,14.285714285714286,0.0,1.0,1.0,1.0,0.0,1.0,14.285714285714286,0.0,1.0,1.0,1.0,0.0,7,131.15804593816375,132.2442397642807,131.22828885719093,0.3858720952325828,1.38726752423392,2.250041903121736,0.0,0.0,0.0,1.0,1.3230821155758596,2.297835126322903,0.0,0.0,0.0,1.0,1000,0,0,0,0,0,7,0,0,0,0,7,7,7,core
3rlr_3rlr_conf0,generation,flowr_raw,fixed,,flowr_raw_fixed,FlowR,flowr_raw_fixed,2,23,929,0.7,929,929,0,1.0,1000,929,71,0.929,"{""all_atoms_connected"":0,""bond_angles"":66,""bond_lengths"":65,""bonds"":0,""double_bond_stereochemistry"":0,""energy_ratio"":8,""file_loads"":0,""inchi_convertible"":0,""internal_steric_clash"":67,""molecular_formula"":0,""no_radicals"":0,""planar_aromatic_rings"":36,""planar_double_bonds"":0,""reference_file_loads"":0,""sanitisation"":0,""tetrahedral_chirality"":0}","{""all_atoms_connected"":0.0,""bond_angles"":0.066,""bond_lengths"":0.065,""bonds"":0.0,""double_bond_stereochemistry"":0.0,""energy_ratio"":0.008,""file_loads"":0.0,""inchi_convertible"":0.0,""internal_steric_clash"":0.067,""molecular_formula"":0.0,""no_radicals"":0.0,""planar_aromatic_rings"":0.036,""planar_double_bonds"":0.0,""reference_file_loads"":0.0,""sanitisation"":0.0,""tetrahedral_chirality"":0.0}",929,95.2060465280136,1.2918637628897167,2.181129413560363,46.0,4.951560818083961,0.5494737206642537,0.22820236813778255,8.196750811275763,0.17156427099060184,0.5652173913043478,14.0,1.5069967707212055,0.44190311379047675,0.4477933261571582,3.2097968592881307,0.3720947208765283,0.42857142857142855,2.0,0.21528525296017223,0.996016990917894,0.5371367061356297,1.9944859920398739,0.5027582698852082,0.0,1.0,0.10764262648008611,0.0,1.0,1.0,1.0,0.0,929,47.323764970956034,242.31239040015492,48.0172001229513,12.34587170150456,0.08216531482941454,0.9279422897577917,1.0,1.0,1.0,1.0,0.10815491516616972,0.8839916168641186,1.0,1.0,1.0,1.0,1000,0,0,0,0,0,1000,0,0,0,0,929,1000,1000,core
3rlr_3rlr_conf0,generation,flowr_raw,dynamic,,flowr_raw_dynamic,FlowR,flowr_raw_dynamic,2,23,24,0.7,24,24,0,1.0,24,24,0,1.0,"{""all_atoms_connected"":0,""bond_angles"":0,""bond_lengths"":0,""bonds"":0,""double_bond_stereochemistry"":0,""energy_ratio"":0,""file_loads"":0,""inchi_convertible"":0,""internal_steric_clash"":0,""molecular_formula"":0,""no_radicals"":0,""planar_aromatic_rings"":0,""planar_double_bonds"":0,""reference_file_loads"":0,""sanitisation"":0,""tetrahedral_chirality"":0}","{""all_atoms_connected"":0.0,""bond_angles"":0.0,""bond_lengths"":0.0,""bonds"":0.0,""double_bond_stereochemistry"":0.0,""energy_ratio"":0.0,""file_loads"":0.0,""inchi_convertible"":0.0,""internal_steric_clash"":0.0,""molecular_formula"":0.0,""no_radicals"":0.0,""planar_aromatic_rings"":0.0,""planar_double_bonds"":0.0,""reference_file_loads"":0.0,""sanitisation"":0.0,""tetrahedral_chirality"":0.0}",24,95.12133297371189,1.177186669613526,2.171957414412034,6.0,25.0,0.7604639036695916,0.5416666666666666,3.906213148234565,0.34722222222222215,0.3333333333333333,4.0,16.666666666666668,0.6756137404764779,0.6666666666666666,2.551291033552592,0.49652777777777773,0.25,2.0,8.333333333333334,0.7382848661434506,0.7916666666666666,1.6681914464799614,0.6701388888888888,0.0,1.0,4.166666666666667,0.0,1.0,1.0,1.0,0.0,24,47.329793171120684,242.31239040015492,48.05137519275594,38.74403415477893,0.23185329217513648,0.5582290671641581,1.0,1.0,1.0,1.0,0.26428686938281254,0.508370968899273,0.0,1.0,1.0,1.0,1000,0,0,0,0,0,24,0,0,0,0,24,24,24,core
3rlr_3rlr_conf0,generation,flowr_raw,chembl_count,,flowr_raw_chembl_count,FlowR,flowr_raw_chembl_count,2,23,9,0.7,9,9,0,1.0,9,9,0,1.0,"{""all_atoms_connected"":0,""bond_angles"":0,""bond_lengths"":0,""bonds"":0,""double_bond_stereochemistry"":0,""energy_ratio"":0,""file_loads"":0,""inchi_convertible"":0,""internal_steric_clash"":0,""molecular_formula"":0,""no_radicals"":0,""planar_aromatic_rings"":0,""planar_double_bonds"":0,""reference_file_loads"":0,""sanitisation"":0,""tetrahedral_chirality"":0}","{""all_atoms_connected"":0.0,""bond_angles"":0.0,""bond_lengths"":0.0,""bonds"":0.0,""double_bond_stereochemistry"":0.0,""energy_ratio"":0.0,""file_loads"":0.0,""inchi_convertible"":0.0,""internal_steric_clash"":0.0,""molecular_formula"":0.0,""no_radicals"":0.0,""planar_aromatic_rings"":0.0,""planar_double_bonds"":0.0,""reference_file_loads"":0.0,""sanitisation"":0.0,""tetrahedral_chirality"":0.0}",9,88.15402665819992,0.815384437337766,2.0917875241514694,4.0,44.44444444444444,0.8763576394898523,0.4444444444444444,3.3699221861993243,0.3333333333333333,0.5,2.0,22.22222222222222,0.5032583347756457,0.8888888888888888,1.4174111811317323,0.8024691358024691,0.5,1.0,11.11111111111111,0.0,1.0,1.0,1.0,0.0,1.0,11.11111111111111,0.0,1.0,1.0,1.0,0.0,9,47.38902860819704,49.98002698108097,47.94761857671332,0.7408710895471108,0.19591913723193544,0.4718789380562417,1.0,1.0,1.0,1.0,0.16910615922363972,0.42194711432989923,1.0,1.0,1.0,1.0,1000,0,0,0,0,0,9,0,0,0,0,9,9,9,core
3rsx_3rsx_conf0,generation,flowr_raw,fixed,,flowr_raw_fixed,FlowR,flowr_raw_fixed,2,16,964,0.7,964,964,0,1.0,1000,964,36,0.964,"{""all_atoms_connected"":0,""bond_angles"":36,""bond_lengths"":35,""bonds"":0,""double_bond_stereochemistry"":0,""energy_ratio"":7,""file_loads"":0,""inchi_convertible"":0,""internal_steric_clash"":35,""molecular_formula"":0,""no_radicals"":0,""planar_aromatic_rings"":29,""planar_double_bonds"":0,""reference_file_loads"":0,""sanitisation"":0,""tetrahedral_chirality"":0}","{""all_atoms_connected"":0.0,""bond_angles"":0.036,""bond_lengths"":0.035,""bonds"":0.0,""double_bond_stereochemistry"":0.0,""energy_ratio"":0.007,""file_loads"":0.0,""inchi_convertible"":0.0,""internal_steric_clash"":0.035,""molecular_formula"":0.0,""no_radicals"":0.0,""planar_aromatic_rings"":0.029,""planar_double_bonds"":0.0,""reference_file_loads"":0.0,""sanitisation"":0.0,""tetrahedral_chirality"":0.0}",964,119.91706103879235,0.5903867133565863,1.0143718730759075,9.0,0.9336099585062241,0.6493880999591395,0.266597510373444,4.165563220385983,0.24789518086809803,0.4444444444444444,3.0,0.3112033195020747,0.6366235009008786,0.5238589211618258,2.0125496510684693,0.5001528038429089,0.3333333333333333,1.0,0.1037344398340249,0.0,1.0,1.0,1.0,0.0,1.0,0.1037344398340249,0.0,1.0,1.0,1.0,0.0,964,-7.497651936557297,76.83055894003199,-7.393686928024753,5.438890896487618,0.10619647670465293,0.6310284291441629,1.0,1.0,1.0,1.0,0.1310689056538891,0.5225339235647598,1.0,1.0,1.0,1.0,1000,0,0,0,0,0,1000,0,0,0,0,964,1000,1000,core
3rsx_3rsx_conf0,generation,flowr_raw,dynamic,,flowr_raw_dynamic,FlowR,flowr_raw_dynamic,2,16,23,0.7,23,23,0,1.0,24,23,1,0.9583333333333334,"{""all_atoms_connected"":0,""bond_angles"":1,""bond_lengths"":1,""bonds"":0,""double_bond_stereochemistry"":0,""energy_ratio"":0,""file_loads"":0,""inchi_convertible"":0,""internal_steric_clash"":1,""molecular_formula"":0,""no_radicals"":0,""planar_aromatic_rings"":1,""planar_double_bonds"":0,""reference_file_loads"":0,""sanitisation"":0,""tetrahedral_chirality"":0}","{""all_atoms_connected"":0.0,""bond_angles"":0.041666666666666664,""bond_lengths"":0.041666666666666664,""bonds"":0.0,""double_bond_stereochemistry"":0.0,""energy_ratio"":0.0,""file_loads"":0.0,""inchi_convertible"":0.0,""internal_steric_clash"":0.041666666666666664,""molecular_formula"":0.0,""no_radicals"":0.0,""planar_aromatic_rings"":0.041666666666666664,""planar_double_bonds"":0.0,""reference_file_loads"":0.0,""sanitisation"":0.0,""tetrahedral_chirality"":0.0}",23,133.68677283281332,0.5394262602835868,1.0143700015402275,4.0,17.391304347826086,0.8799652647820453,0.4782608695652174,3.386818159266716,0.334593572778828,0.0,2.0,8.695652173913043,0.828055725379504,0.7391304347826086,1.7752912454184924,0.6143667296786388,0.0,1.0,4.3478260869565215,0.0,1.0,1.0,1.0,0.0,1.0,4.3478260869565215,0.0,1.0,1.0,1.0,0.0,23,-7.406006543121013,4.07639705823653,-7.397561809919338,4.3438269773409885,0.11633185101520366,0.6300905659583041,1.0,1.0,1.0,1.0,0.202751403157015,0.5210166968778018,1.0,1.0,1.0,1.0,1000,0,0,0,0,0,24,0,0,0,0,23,24,24,core
3rsx_3rsx_conf0,generation,flowr_raw,chembl_count,,flowr_raw_chembl_count,FlowR,flowr_raw_chembl_count,2,16,4,0.7,4,4,0,1.0,4,4,0,1.0,"{""all_atoms_connected"":0,""bond_angles"":0,""bond_lengths"":0,""bonds"":0,""double_bond_stereochemistry"":0,""energy_ratio"":0,""file_loads"":0,""inchi_convertible"":0,""internal_steric_clash"":0,""molecular_formula"":0,""no_radicals"":0,""planar_aromatic_rings"":0,""planar_double_bonds"":0,""reference_file_loads"":0,""sanitisation"":0,""tetrahedral_chirality"":0}","{""all_atoms_connected"":0.0,""bond_angles"":0.0,""bond_lengths"":0.0,""bonds"":0.0,""double_bond_stereochemistry"":0.0,""energy_ratio"":0.0,""file_loads"":0.0,""inchi_convertible"":0.0,""internal_steric_clash"":0.0,""molecular_formula"":0.0,""no_radicals"":0.0,""planar_aromatic_rings"":0.0,""planar_double_bonds"":0.0,""reference_file_loads"":0.0,""sanitisation"":0.0,""tetrahedral_chirality"":0.0}",4,108.61195064929622,0.5569319906466643,0.7855577474663423,3.0,75.0,0.946394630357186,0.5,2.82842712474619,0.375,0.6666666666666666,1.0,25.0,0.0,1.0,1.0,1.0,0.0,1.0,25.0,0.0,1.0,1.0,1.0,0.0,1.0,25.0,0.0,1.0,1.0,1.0,0.0,4,-7.402166461334716,4.188844191116019,-7.399972771999794,5.018421710579566,0.1163486665014603,0.36692339726469564,1.0,1.0,1.0,1.0,0.20278487013088833,0.3627134957920068,1.0,1.0,1.0,1.0,1000,0,0,0,0,0,4,0,0,0,0,4,4,4,core
3ryj_3ryj_conf0,generation,flowr_raw,fixed,,flowr_raw_fixed,FlowR,flowr_raw_fixed,4,18,978,0.7,978,978,0,1.0,1000,978,22,0.978,"{""all_atoms_connected"":0,""bond_angles"":21,""bond_lengths"":22,""bonds"":0,""double_bond_stereochemistry"":0,""energy_ratio"":9,""file_loads"":0,""inchi_convertible"":0,""internal_steric_clash"":21,""molecular_formula"":0,""no_radicals"":0,""planar_aromatic_rings"":0,""planar_double_bonds"":0,""reference_file_loads"":0,""sanitisation"":0,""tetrahedral_chirality"":0}","{""all_atoms_connected"":0.0,""bond_angles"":0.021,""bond_lengths"":0.022,""bonds"":0.0,""double_bond_stereochemistry"":0.0,""energy_ratio"":0.009,""file_loads"":0.0,""inchi_convertible"":0.0,""internal_steric_clash"":0.021,""molecular_formula"":0.0,""no_radicals"":0.0,""planar_aromatic_rings"":0.0,""planar_double_bonds"":0.0,""reference_file_loads"":0.0,""sanitisation"":0.0,""tetrahedral_chirality"":0.0}",978,107.10275807510692,1.1215658106706559,1.5021448513041555,50.0,5.112474437627812,0.8510065992954701,0.06748466257668712,27.914810610005336,0.041945291296038405,0.32,8.0,0.8179959100204499,0.9220262701922002,0.21574642126789367,6.802564876313161,0.15311495017167043,0.125,1.0,0.10224948875255624,0.0,1.0,1.0,1.0,0.0,1.0,0.10224948875255624,0.0,1.0,1.0,1.0,0.0,978,-19.549230020524348,48.04130965254841,-12.554095436015507,5.225447000029233,0.11499025801048673,1.1876968619208914,1.0,1.0,1.0,1.0,0.26321650216909276,1.2032064010884707,0.0,1.0,1.0,1.0,1000,0,0,0,0,0,1000,0,0,0,0,978,1000,1000,core
3ryj_3ryj_conf0,generation,flowr_raw,dynamic,,flowr_raw_dynamic,FlowR,flowr_raw_dynamic,4,18,67,0.7,67,67,0,1.0,68,67,1,0.9852941176470588,"{""all_atoms_connected"":0,""bond_angles"":1,""bond_lengths"":1,""bonds"":0,""double_bond_stereochemistry"":0,""energy_ratio"":1,""file_loads"":0,""inchi_convertible"":0,""internal_steric_clash"":1,""molecular_formula"":0,""no_radicals"":0,""planar_aromatic_rings"":0,""planar_double_bonds"":0,""reference_file_loads"":0,""sanitisation"":0,""tetrahedral_chirality"":0}","{""all_atoms_connected"":0.0,""bond_angles"":0.014705882352941176,""bond_lengths"":0.014705882352941176,""bonds"":0.0,""double_bond_stereochemistry"":0.0,""energy_ratio"":0.014705882352941176,""file_loads"":0.0,""inchi_convertible"":0.0,""internal_steric_clash"":0.014705882352941176,""molecular_formula"":0.0,""no_radicals"":0.0,""planar_aromatic_rings"":0.0,""planar_double_bonds"":0.0,""reference_file_loads"":0.0,""sanitisation"":0.0,""tetrahedral_chirality"":0.0}",67,107.6072603640623,1.1239835932919753,1.5033552775677534,25.0,37.3134328358209,0.9438980874170431,0.1044776119402985,20.869541149647226,0.05502339051013588,0.32,6.0,8.955223880597014,0.9448727764471189,0.29850746268656714,5.435680634194867,0.19893071953664515,0.0,1.0,1.492537313432836,0.0,1.0,1.0,1.0,0.0,1.0,1.492537313432836,0.0,1.0,1.0,1.0,0.0,67,-19.544009319834778,1.8642379214225464,-13.67916706271844,4.669730971577147,0.4782222667754362,1.1177647217573394,0.0,1.0,1.0,1.0,0.5399189280562381,1.1826104409863178,0.0,0.0,1.0,1.0,1000,0,0,0,0,0,68,0,0,0,0,67,68,68,core
3ryj_3ryj_conf0,generation,flowr_raw,chembl_count,,flowr_raw_chembl_count,FlowR,flowr_raw_chembl_count,4,18,77,0.7,77,77,0,1.0,81,77,4,0.9506172839506172,"{""all_atoms_connected"":0,""bond_angles"":4,""bond_lengths"":4,""bonds"":0,""double_bond_stereochemistry"":0,""energy_ratio"":2,""file_loads"":0,""inchi_convertible"":0,""internal_steric_clash"":4,""molecular_formula"":0,""no_radicals"":0,""planar_aromatic_rings"":0,""planar_double_bonds"":0,""reference_file_loads"":0,""sanitisation"":0,""tetrahedral_chirality"":0}","{""all_atoms_connected"":0.0,""bond_angles"":0.04938271604938271,""bond_lengths"":0.04938271604938271,""bonds"":0.0,""double_bond_stereochemistry"":0.0,""energy_ratio"":0.024691358024691357,""file_loads"":0.0,""inchi_convertible"":0.0,""internal_steric_clash"":0.04938271604938271,""molecular_formula"":0.0,""no_radicals"":0.0,""planar_aromatic_rings"":0.0,""planar_double_bonds"":0.0,""reference_file_loads"":0.0,""sanitisation"":0.0,""tetrahedral_chirality"":0.0}",77,106.19562640819204,1.1162251655792923,1.4851575260422019,24.0,31.16883116883117,0.9458905689242817,0.1038961038961039,20.208254219283305,0.05683926463147242,0.20833333333333334,6.0,7.792207792207792,0.9475302336062481,0.2987012987012987,5.461624475242707,0.19817844493169168,0.0,1.0,1.2987012987012987,0.0,1.0,1.0,1.0,0.0,1.0,1.2987012987012987,0.0,1.0,1.0,1.0,0.0,77,-19.527232560528944,3.8068841645317306,-12.369295737703382,4.728637653326306,0.5827545355273183,1.1547864039682398,0.0,0.0,1.0,1.0,0.5527696967418544,1.2116970637042406,0.0,0.0,1.0,1.0,1000,0,0,0,0,0,81,0,0,0,0,77,81,81,core
3syr_3syr_conf0,generation,flowr_raw,fixed,,flowr_raw_fixed,FlowR,flowr_raw_fixed,6,20,0,0.7,0,0,0,,725,0,725,0.0,"{""all_atoms_connected"":0,""bond_angles"":22,""bond_lengths"":22,""bonds"":0,""double_bond_stereochemistry"":0,""energy_ratio"":1,""file_loads"":0,""inchi_convertible"":0,""internal_steric_clash"":20,""molecular_formula"":0,""no_radicals"":0,""planar_aromatic_rings"":18,""planar_double_bonds"":0,""reference_file_loads"":0,""sanitisation"":0,""tetrahedral_chirality"":725}","{""all_atoms_connected"":0.0,""bond_angles"":0.030344827586206897,""bond_lengths"":0.030344827586206897,""bonds"":0.0,""double_bond_stereochemistry"":0.0,""energy_ratio"":0.001379310344827586,""file_loads"":0.0,""inchi_convertible"":0.0,""internal_steric_clash"":0.027586206896551724,""molecular_formula"":0.0,""no_radicals"":0.0,""planar_aromatic_rings"":0.02482758620689655,""planar_double_bonds"":0.0,""reference_file_loads"":0.0,""sanitisation"":0.0,""tetrahedral_chirality"":1.0}",0,,,,,,,,,,,,,,,,,,,,,,,,,,,,,,,,0,,,,,,,,,,,,,,,,,725,0,0,0,0,0,725,0,0,0,0,0,1000,1000,core
3syr_3syr_conf0,generation,flowr_raw,dynamic,,flowr_raw_dynamic,FlowR,flowr_raw_dynamic,6,20,0,0.7,0,0,0,,112,0,112,0.0,"{""all_atoms_connected"":0,""bond_angles"":2,""bond_lengths"":2,""bonds"":0,""double_bond_stereochemistry"":0,""energy_ratio"":0,""file_loads"":0,""inchi_convertible"":0,""internal_steric_clash"":2,""molecular_formula"":0,""no_radicals"":0,""planar_aromatic_rings"":2,""planar_double_bonds"":0,""reference_file_loads"":0,""sanitisation"":0,""tetrahedral_chirality"":112}","{""all_atoms_connected"":0.0,""bond_angles"":0.017857142857142856,""bond_lengths"":0.017857142857142856,""bonds"":0.0,""double_bond_stereochemistry"":0.0,""energy_ratio"":0.0,""file_loads"":0.0,""inchi_convertible"":0.0,""internal_steric_clash"":0.017857142857142856,""molecular_formula"":0.0,""no_radicals"":0.0,""planar_aromatic_rings"":0.017857142857142856,""planar_double_bonds"":0.0,""reference_file_loads"":0.0,""sanitisation"":0.0,""tetrahedral_chirality"":1.0}",0,,,,,,,,,,,,,,,,,,,,,,,,,,,,,,,,0,,,,,,,,,,,,,,,,,725,0,0,0,0,0,112,0,0,0,0,0,112,112,core
3syr_3syr_conf0,generation,flowr_raw,chembl_count,,flowr_raw_chembl_count,FlowR,flowr_raw_chembl_count,6,20,0,0.7,0,0,0,,725,0,725,0.0,"{""all_atoms_connected"":0,""bond_angles"":22,""bond_lengths"":22,""bonds"":0,""double_bond_stereochemistry"":0,""energy_ratio"":1,""file_loads"":0,""inchi_convertible"":0,""internal_steric_clash"":20,""molecular_formula"":0,""no_radicals"":0,""planar_aromatic_rings"":18,""planar_double_bonds"":0,""reference_file_loads"":0,""sanitisation"":0,""tetrahedral_chirality"":725}","{""all_atoms_connected"":0.0,""bond_angles"":0.030344827586206897,""bond_lengths"":0.030344827586206897,""bonds"":0.0,""double_bond_stereochemistry"":0.0,""energy_ratio"":0.001379310344827586,""file_loads"":0.0,""inchi_convertible"":0.0,""internal_steric_clash"":0.027586206896551724,""molecular_formula"":0.0,""no_radicals"":0.0,""planar_aromatic_rings"":0.02482758620689655,""planar_double_bonds"":0.0,""reference_file_loads"":0.0,""sanitisation"":0.0,""tetrahedral_chirality"":1.0}",0,,,,,,,,,,,,,,,,,,,,,,,,,,,,,,,,0,,,,,,,,,,,,,,,,,725,0,0,0,0,0,725,0,0,0,0,0,1344,1344,core
3twp_3twp_conf0,generation,flowr_raw,fixed,,flowr_raw_fixed,FlowR,flowr_raw_fixed,2,10,990,0.7,990,990,0,1.0,1000,990,10,0.99,"{""all_atoms_connected"":0,""bond_angles"":10,""bond_lengths"":10,""bonds"":0,""double_bond_stereochemistry"":0,""energy_ratio"":0,""file_loads"":0,""inchi_convertible"":0,""internal_steric_clash"":10,""molecular_formula"":0,""no_radicals"":0,""planar_aromatic_rings"":0,""planar_double_bonds"":0,""reference_file_loads"":0,""sanitisation"":0,""tetrahedral_chirality"":0}","{""all_atoms_connected"":0.0,""bond_angles"":0.01,""bond_lengths"":0.01,""bonds"":0.0,""double_bond_stereochemistry"":0.0,""energy_ratio"":0.0,""file_loads"":0.0,""inchi_convertible"":0.0,""internal_steric_clash"":0.01,""molecular_formula"":0.0,""no_radicals"":0.0,""planar_aromatic_rings"":0.0,""planar_double_bonds"":0.0,""reference_file_loads"":0.0,""sanitisation"":0.0,""tetrahedral_chirality"":0.0}",990,62.71105699638984,6.2723494274138e-05,7.312795610384646e-05,1.0,0.10101010101010101,0.0,1.0,1.0,1.0,0.0,1.0,0.10101010101010101,0.0,1.0,1.0,1.0,0.0,1.0,0.10101010101010101,0.0,1.0,1.0,1.0,0.0,1.0,0.10101010101010101,0.0,1.0,1.0,1.0,0.0,990,12.803188516065395,19.182591702981654,12.803199535893524,0.26455189212517244,0.08605989669003816,0.08713354599963616,1.0,1.0,1.0,1.0,0.06866997033742651,0.06869682618424934,1.0,1.0,1.0,1.0,1000,0,0,0,0,0,1000,0,0,0,0,990,1000,1000,core
3twp_3twp_conf0,generation,flowr_raw,dynamic,,flowr_raw_dynamic,FlowR,flowr_raw_dynamic,2,10,23,0.7,23,23,0,1.0,24,23,1,0.9583333333333334,"{""all_atoms_connected"":0,""bond_angles"":1,""bond_lengths"":1,""bonds"":0,""double_bond_stereochemistry"":0,""energy_ratio"":0,""file_loads"":0,""inchi_convertible"":0,""internal_steric_clash"":1,""molecular_formula"":0,""no_radicals"":0,""planar_aromatic_rings"":0,""planar_double_bonds"":0,""reference_file_loads"":0,""sanitisation"":0,""tetrahedral_chirality"":0}","{""all_atoms_connected"":0.0,""bond_angles"":0.041666666666666664,""bond_lengths"":0.041666666666666664,""bonds"":0.0,""double_bond_stereochemistry"":0.0,""energy_ratio"":0.0,""file_loads"":0.0,""inchi_convertible"":0.0,""internal_steric_clash"":0.041666666666666664,""molecular_formula"":0.0,""no_radicals"":0.0,""planar_aromatic_rings"":0.0,""planar_double_bonds"":0.0,""reference_file_loads"":0.0,""sanitisation"":0.0,""tetrahedral_chirality"":0.0}",23,58.82728379855664,6.442378753419941e-05,7.477552365618662e-05,1.0,4.3478260869565215,0.0,1.0,1.0,1.0,0.0,1.0,4.3478260869565215,0.0,1.0,1.0,1.0,0.0,1.0,4.3478260869565215,0.0,1.0,1.0,1.0,0.0,1.0,4.3478260869565215,0.0,1.0,1.0,1.0,0.0,23,12.803194476431724,12.803209703985292,12.8032010584095,3.9769297536720925e-06,0.08710852108897554,0.08713406379127149,1.0,1.0,1.0,1.0,0.06867490740845474,0.06869784800160673,1.0,1.0,1.0,1.0,1000,0,0,0,0,0,24,0,0,0,0,23,24,24,core
3twp_3twp_conf0,generation,flowr_raw,chembl_count,,flowr_raw_chembl_count,FlowR,flowr_raw_chembl_count,2,10,1,0.7,1,1,0,1.0,1,1,0,1.0,"{""all_atoms_connected"":0,""bond_angles"":0,""bond_lengths"":0,""bonds"":0,""double_bond_stereochemistry"":0,""energy_ratio"":0,""file_loads"":0,""inchi_convertible"":0,""internal_steric_clash"":0,""molecular_formula"":0,""no_radicals"":0,""planar_aromatic_rings"":0,""planar_double_bonds"":0,""reference_file_loads"":0,""sanitisation"":0,""tetrahedral_chirality"":0}","{""all_atoms_connected"":0.0,""bond_angles"":0.0,""bond_lengths"":0.0,""bonds"":0.0,""double_bond_stereochemistry"":0.0,""energy_ratio"":0.0,""file_loads"":0.0,""inchi_convertible"":0.0,""internal_steric_clash"":0.0,""molecular_formula"":0.0,""no_radicals"":0.0,""planar_aromatic_rings"":0.0,""planar_double_bonds"":0.0,""reference_file_loads"":0.0,""sanitisation"":0.0,""tetrahedral_chirality"":0.0}",1,0.0,,,1.0,100.0,0.0,1.0,1.0,1.0,1.0,1.0,100.0,0.0,1.0,1.0,1.0,1.0,1.0,100.0,0.0,1.0,1.0,1.0,1.0,1.0,100.0,0.0,1.0,1.0,1.0,1.0,1,12.803195713545714,12.803195713545714,12.803195713545714,0.0,0.08712600401002282,0.08712600401002282,1.0,1.0,1.0,1.0,0.06868651725687064,0.06868651725687064,1.0,1.0,1.0,1.0,1000,0,0,0,0,0,1,0,0,0,0,1,1,1,core
3u5j_3u5j_conf0,generation,flowr_raw,fixed,,flowr_raw_fixed,FlowR,flowr_raw_fixed,1,22,868,0.7,868,868,0,1.0,1000,868,132,0.868,"{""all_atoms_connected"":0,""bond_angles"":128,""bond_lengths"":129,""bonds"":0,""double_bond_stereochemistry"":0,""file_loads"":0,""inchi_convertible"":0,""internal_steric_clash"":128,""molecular_formula"":0,""no_radicals"":0,""planar_aromatic_rings"":46,""planar_double_bonds"":0,""reference_file_loads"":0,""sanitisation"":0,""tetrahedral_chirality"":0}","{""all_atoms_connected"":0.0,""bond_angles"":0.128,""bond_lengths"":0.129,""bonds"":0.0,""double_bond_stereochemistry"":0.0,""file_loads"":0.0,""inchi_convertible"":0.0,""internal_steric_clash"":0.128,""molecular_formula"":0.0,""no_radicals"":0.0,""planar_aromatic_rings"":0.046,""planar_double_bonds"":0.0,""reference_file_loads"":0.0,""sanitisation"":0.0,""tetrahedral_chirality"":0.0}",868,100.2834396643524,1.0155412629115663,1.8033817940816526,31.0,3.5714285714285716,0.438876147455663,0.41589861751152074,4.51360006071193,0.34808023105183805,0.45161290322580644,5.0,0.576036866359447,0.4823544292687843,0.5069124423963134,2.173458126293533,0.483578967487099,0.4,2.0,0.2304147465437788,0.9816891848669753,0.5794930875576036,1.9747762300168759,0.5126383019388816,0.0,1.0,0.1152073732718894,0.0,1.0,1.0,1.0,0.0,868,92.1592784239774,323.35672935633306,92.22607454968112,16.049997551558423,0.12505126832994556,1.556743600740504,1.0,1.0,1.0,1.0,0.13383674514990307,1.5234887779447641,1.0,1.0,1.0,1.0,1000,0,0,0,0,0,1000,0,0,0,0,868,1000,1000,core
3u5j_3u5j_conf0,generation,flowr_raw,dynamic,,flowr_raw_dynamic,FlowR,flowr_raw_dynamic,1,22,1,0.7,1,1,0,1.0,2,1,1,0.5,"{""all_atoms_connected"":0,""bond_angles"":1,""bond_lengths"":1,""bonds"":0,""double_bond_stereochemistry"":0,""file_loads"":0,""inchi_convertible"":0,""internal_steric_clash"":1,""molecular_formula"":0,""no_radicals"":0,""planar_aromatic_rings"":0,""planar_double_bonds"":0,""reference_file_loads"":0,""sanitisation"":0,""tetrahedral_chirality"":0}","{""all_atoms_connected"":0.0,""bond_angles"":0.5,""bond_lengths"":0.5,""bonds"":0.0,""double_bond_stereochemistry"":0.0,""file_loads"":0.0,""inchi_convertible"":0.0,""internal_steric_clash"":0.5,""molecular_formula"":0.0,""no_radicals"":0.0,""planar_aromatic_rings"":0.0,""planar_double_bonds"":0.0,""reference_file_loads"":0.0,""sanitisation"":0.0,""tetrahedral_chirality"":0.0}",1,0.0,,,1.0,100.0,0.0,1.0,1.0,1.0,1.0,1.0,100.0,0.0,1.0,1.0,1.0,1.0,1.0,100.0,0.0,1.0,1.0,1.0,1.0,1.0,100.0,0.0,1.0,1.0,1.0,1.0,1,92.16472088530955,92.16472088530955,92.16472088530955,0.0,1.8081581097157242,1.8081581097157242,0.0,0.0,0.0,1.0,1.8023160420682494,1.8023160420682494,0.0,0.0,0.0,1.0,1000,0,0,0,0,0,2,0,0,0,0,1,2,2,core
3u5j_3u5j_conf0,generation,flowr_raw,chembl_count,,flowr_raw_chembl_count,FlowR,flowr_raw_chembl_count,1,22,2,0.7,2,2,0,1.0,2,2,0,1.0,"{""all_atoms_connected"":0,""bond_angles"":0,""bond_lengths"":0,""bonds"":0,""double_bond_stereochemistry"":0,""file_loads"":0,""inchi_convertible"":0,""internal_steric_clash"":0,""molecular_formula"":0,""no_radicals"":0,""planar_aromatic_rings"":0,""planar_double_bonds"":0,""reference_file_loads"":0,""sanitisation"":0,""tetrahedral_chirality"":0}","{""all_atoms_connected"":0.0,""bond_angles"":0.0,""bond_lengths"":0.0,""bonds"":0.0,""double_bond_stereochemistry"":0.0,""file_loads"":0.0,""inchi_convertible"":0.0,""internal_steric_clash"":0.0,""molecular_formula"":0.0,""no_radicals"":0.0,""planar_aromatic_rings"":0.0,""planar_double_bonds"":0.0,""reference_file_loads"":0.0,""sanitisation"":0.0,""tetrahedral_chirality"":0.0}",2,47.97395352505321,0.6857172511007213,0.6857172511007213,2.0,100.0,1.0,0.5,2.0,0.5,1.0,1.0,50.0,0.0,1.0,1.0,1.0,0.0,1.0,50.0,0.0,1.0,1.0,1.0,0.0,1.0,50.0,0.0,1.0,1.0,1.0,0.0,2,92.22893005308192,121.6020151691348,106.91547261110836,14.686542558026439,0.16842666617098,0.45324538686856347,1.0,1.0,1.0,1.0,0.2523589807562819,0.5149057553244676,0.0,1.0,1.0,1.0,1000,0,0,0,0,0,2,0,0,0,0,2,2,2,core
3u8n_3u8n_conf0,generation,flowr_raw,fixed,,flowr_raw_fixed,FlowR,flowr_raw_fixed,3,17,958,0.7,958,958,0,1.0,1000,958,42,0.958,"{""all_atoms_connected"":0,""bond_angles"":42,""bond_lengths"":42,""bonds"":0,""double_bond_stereochemistry"":0,""energy_ratio"":1,""file_loads"":0,""inchi_convertible"":0,""internal_steric_clash"":42,""molecular_formula"":0,""no_radicals"":0,""planar_aromatic_rings"":16,""planar_double_bonds"":0,""reference_file_loads"":0,""sanitisation"":0,""tetrahedral_chirality"":0}","{""all_atoms_connected"":0.0,""bond_angles"":0.042,""bond_lengths"":0.042,""bonds"":0.0,""double_bond_stereochemistry"":0.0,""energy_ratio"":0.001,""file_loads"":0.0,""inchi_convertible"":0.0,""internal_steric_clash"":0.042,""molecular_formula"":0.0,""no_radicals"":0.0,""planar_aromatic_rings"":0.016,""planar_double_bonds"":0.0,""reference_file_loads"":0.0,""sanitisation"":0.0,""tetrahedral_chirality"":0.0}",958,112.18654128549025,1.2480683953621021,1.6538658912677413,130.0,13.569937369519833,0.9039294834961508,0.04175365344467641,81.44336752385983,0.01652712462027275,0.23076923076923078,12.0,1.2526096033402923,0.8966958632901204,0.15031315240083507,9.28319256028,0.11500342135886786,0.16666666666666666,1.0,0.10438413361169102,0.0,1.0,1.0,1.0,0.0,1.0,0.10438413361169102,0.0,1.0,1.0,1.0,0.0,958,97.2233273431259,220.58504280466383,104.32815452686879,8.151282892371011,0.3479420380155368,1.303613463542719,0.0,1.0,1.0,1.0,0.37841824502941157,1.351061791612634,0.0,1.0,1.0,1.0,1000,0,0,0,0,0,1000,0,0,0,0,958,1000,1000,core
3u8n_3u8n_conf0,generation,flowr_raw,dynamic,,flowr_raw_dynamic,FlowR,flowr_raw_dynamic,3,17,43,0.7,43,43,0,1.0,46,43,3,0.9347826086956522,"{""all_atoms_connected"":0,""bond_angles"":3,""bond_lengths"":3,""bonds"":0,""double_bond_stereochemistry"":0,""energy_ratio"":0,""file_loads"":0,""inchi_convertible"":0,""internal_steric_clash"":3,""molecular_formula"":0,""no_radicals"":0,""planar_aromatic_rings"":0,""planar_double_bonds"":0,""reference_file_loads"":0,""sanitisation"":0,""tetrahedral_chirality"":0}","{""all_atoms_connected"":0.0,""bond_angles"":0.06521739130434782,""bond_lengths"":0.06521739130434782,""bonds"":0.0,""double_bond_stereochemistry"":0.0,""energy_ratio"":0.0,""file_loads"":0.0,""inchi_convertible"":0.0,""internal_steric_clash"":0.06521739130434782,""molecular_formula"":0.0,""no_radicals"":0.0,""planar_aromatic_rings"":0.0,""planar_double_bonds"":0.0,""reference_file_loads"":0.0,""sanitisation"":0.0,""tetrahedral_chirality"":0.0}",43,106.62620308253875,1.2242262006125975,1.6123393193481286,27.0,62.7906976744186,0.9601373292179379,0.09302325581395349,23.675861004174372,0.04813412655489454,0.6296296296296297,8.0,18.6046511627907,0.9435864575161677,0.20930232558139536,7.114485222644096,0.14981070849107628,0.125,1.0,2.3255813953488373,0.0,1.0,1.0,1.0,0.0,1.0,2.3255813953488373,0.0,1.0,1.0,1.0,0.0,43,97.2233273431259,114.9289992559883,103.64511099963906,4.30252936732338,0.5292723972492884,1.3275458653334824,0.0,0.0,1.0,1.0,0.531547394062751,1.3795234218630827,0.0,0.0,1.0,1.0,1000,0,0,0,0,0,46,0,0,0,0,43,46,46,core
3u8n_3u8n_conf0,generation,flowr_raw,chembl_count,,flowr_raw_chembl_count,FlowR,flowr_raw_chembl_count,3,17,186,0.7,186,186,0,1.0,197,186,11,0.9441624365482234,"{""all_atoms_connected"":0,""bond_angles"":11,""bond_lengths"":11,""bonds"":0,""double_bond_stereochemistry"":0,""energy_ratio"":0,""file_loads"":0,""inchi_convertible"":0,""internal_steric_clash"":11,""molecular_formula"":0,""no_radicals"":0,""planar_aromatic_rings"":4,""planar_double_bonds"":0,""reference_file_loads"":0,""sanitisation"":0,""tetrahedral_chirality"":0}","{""all_atoms_connected"":0.0,""bond_angles"":0.05583756345177665,""bond_lengths"":0.05583756345177665,""bonds"":0.0,""double_bond_stereochemistry"":0.0,""energy_ratio"":0.0,""file_loads"":0.0,""inchi_convertible"":0.0,""internal_steric_clash"":0.05583756345177665,""molecular_formula"":0.0,""no_radicals"":0.0,""planar_aromatic_rings"":0.02030456852791878,""planar_double_bonds"":0.0,""reference_file_loads"":0.0,""sanitisation"":0.0,""tetrahedral_chirality"":0.0}",186,111.09795367618615,1.2287765223551237,1.6386399544040318,67.0,36.02150537634409,0.9339531605672506,0.04838709677419355,50.753773056232184,0.024684934674528848,0.40298507462686567,10.0,5.376344086021505,0.890428205365343,0.1881720430107527,7.770128576507298,0.13984275638802174,0.2,2.0,1.075268817204301,0.9969954265557697,0.532258064516129,1.9958391110384344,0.5020811654526534,0.0,1.0,0.5376344086021505,0.0,1.0,1.0,1.0,0.0,186,97.22415171908791,220.58504280466383,104.4563595419789,9.689306272987007,0.44335448437281505,1.323373424862327,0.0,1.0,1.0,1.0,0.4737240437419309,1.3616461389853356,0.0,1.0,1.0,1.0,1000,0,0,0,0,0,197,0,0,0,0,186,197,197,core
3uo4_3uo4_conf0,generation,flowr_raw,fixed,,flowr_raw_fixed,FlowR,flowr_raw_fixed,6,29,893,0.7,893,893,0,1.0,1000,893,107,0.893,"{""all_atoms_connected"":0,""bond_angles"":97,""bond_lengths"":98,""bonds"":0,""double_bond_stereochemistry"":0,""energy_ratio"":13,""file_loads"":0,""inchi_convertible"":0,""internal_steric_clash"":97,""molecular_formula"":0,""no_radicals"":0,""planar_aromatic_rings"":35,""planar_double_bonds"":0,""reference_file_loads"":0,""sanitisation"":0,""tetrahedral_chirality"":0}","{""all_atoms_connected"":0.0,""bond_angles"":0.097,""bond_lengths"":0.098,""bonds"":0.0,""double_bond_stereochemistry"":0.0,""energy_ratio"":0.013,""file_loads"":0.0,""inchi_convertible"":0.0,""internal_steric_clash"":0.097,""molecular_formula"":0.0,""no_radicals"":0.0,""planar_aromatic_rings"":0.035,""planar_double_bonds"":0.0,""reference_file_loads"":0.0,""sanitisation"":0.0,""tetrahedral_chirality"":0.0}",893,107.8336914121843,2.33772175155963,3.1923745393027403,607.0,67.97312430011198,0.9740211957258725,0.008958566629339306,513.9072881369088,0.0024264874618941147,0.7347611202635914,132.0,14.781634938409855,0.9145275546063819,0.032474804031354984,86.9607529966221,0.014487446846130599,0.2803030303030303,9.0,1.007838745800672,0.8955742524341016,0.18477043673012317,7.154759204453858,0.144115799254874,0.1111111111111111,3.0,0.335946248600224,0.9696754476411574,0.393057110862262,2.9017017139229524,0.3539423837762665,0.0,893,-8.349042590125869,412.09881885970395,9.981576680184183,26.290027362110088,0.3997607049819063,2.4517519285993856,0.0,1.0,1.0,1.0,0.4945821784036853,2.4174910927608066,0.0,1.0,1.0,1.0,1000,0,0,0,0,0,1000,0,0,0,0,893,1000,1000,core
3uo4_3uo4_conf0,generation,flowr_raw,dynamic,,flowr_raw_dynamic,FlowR,flowr_raw_dynamic,6,29,101,0.7,101,101,0,1.0,112,101,11,0.9017857142857144,"{""all_atoms_connected"":0,""bond_angles"":11,""bond_lengths"":11,""bonds"":0,""double_bond_stereochemistry"":0,""energy_ratio"":1,""file_loads"":0,""inchi_convertible"":0,""internal_steric_clash"":11,""molecular_formula"":0,""no_radicals"":0,""planar_aromatic_rings"":1,""planar_double_bonds"":0,""reference_file_loads"":0,""sanitisation"":0,""tetrahedral_chirality"":0}","{""all_atoms_connected"":0.0,""bond_angles"":0.09821428571428571,""bond_lengths"":0.09821428571428571,""bonds"":0.0,""double_bond_stereochemistry"":0.0,""energy_ratio"":0.008928571428571428,""file_loads"":0.0,""inchi_convertible"":0.0,""internal_steric_clash"":0.09821428571428571,""molecular_formula"":0.0,""no_radicals"":0.0,""planar_aromatic_rings"":0.008928571428571428,""planar_double_bonds"":0.0,""reference_file_loads"":0.0,""sanitisation"":0.0,""tetrahedral_chirality"":0.0}",101,104.92019536291872,2.351947707718055,3.22609173676428,92.0,91.08910891089108,0.9933213947562891,0.019801980198019802,89.26320243367182,0.011665522987942361,0.9021739130434783,49.0,48.51485148514851,0.9553568900881896,0.06930693069306931,41.18513279679231,0.028722674247622784,0.4489795918367347,6.0,5.9405940594059405,0.9135325528473793,0.24752475247524752,5.138856593078672,0.20105871973335945,0.16666666666666666,2.0,1.9801980198019802,0.9685867165455515,0.6039603960396039,1.9569226281830139,0.5216155278894226,0.0,101,-6.562345603486769,94.17928281441002,10.998103883869483,17.81058244174924,0.6590430743736829,2.1621924102538133,0.0,0.0,1.0,1.0,0.5949192961461782,2.2052751501269205,0.0,0.0,1.0,1.0,1000,0,0,0,0,0,112,0,0,0,0,101,112,112,core
3uo4_3uo4_conf0,generation,flowr_raw,chembl_count,,flowr_raw_chembl_count,FlowR,flowr_raw_chembl_count,6,29,23,0.7,23,23,0,1.0,26,23,3,0.8846153846153846,"{""all_atoms_connected"":0,""bond_angles"":3,""bond_lengths"":3,""bonds"":0,""double_bond_stereochemistry"":0,""energy_ratio"":0,""file_loads"":0,""inchi_convertible"":0,""internal_steric_clash"":3,""molecular_formula"":0,""no_radicals"":0,""planar_aromatic_rings"":1,""planar_double_bonds"":0,""reference_file_loads"":0,""sanitisation"":0,""tetrahedral_chirality"":0}","{""all_atoms_connected"":0.0,""bond_angles"":0.11538461538461539,""bond_lengths"":0.11538461538461539,""bonds"":0.0,""double_bond_stereochemistry"":0.0,""energy_ratio"":0.0,""file_loads"":0.0,""inchi_convertible"":0.0,""internal_steric_clash"":0.11538461538461539,""molecular_formula"":0.0,""no_radicals"":0.0,""planar_aromatic_rings"":0.038461538461538464,""planar_double_bonds"":0.0,""reference_file_loads"":0.0,""sanitisation"":0.0,""tetrahedral_chirality"":0.0}",23,103.37746083255338,2.4470240264814382,3.268884769658462,23.0,100.0,1.0,0.043478260869565216,23.0,0.043478260869565195,1.0,20.0,86.95652173913044,0.9862941486421735,0.08695652173913043,19.195448858288195,0.054820415879017,0.85,4.0,17.391304347826086,0.9314885997695779,0.43478260869565216,3.637575518231801,0.3005671077504726,0.0,2.0,8.695652173913043,0.9986359641585719,0.5217391304347826,1.9981099384508874,0.500945179584121,0.0,23,-4.535562253208909,47.183725585127824,8.490616066979996,12.88603026096779,1.162626380782757,2.488168802038944,0.0,0.0,0.0,1.0,1.0384117223905545,2.5607450011726094,0.0,0.0,0.0,1.0,1000,0,0,0,0,0,26,0,0,0,0,23,26,26,core
3up2_3up2_conf0,generation,flowr_raw,fixed,,flowr_raw_fixed,FlowR,flowr_raw_fixed,6,28,936,0.7,936,936,0,1.0,1000,936,64,0.936,"{""all_atoms_connected"":0,""bond_angles"":63,""bond_lengths"":63,""bonds"":0,""double_bond_stereochemistry"":0,""file_loads"":0,""inchi_convertible"":0,""internal_steric_clash"":63,""molecular_formula"":0,""no_radicals"":0,""planar_aromatic_rings"":17,""planar_double_bonds"":0,""reference_file_loads"":0,""sanitisation"":0,""tetrahedral_chirality"":0}","{""all_atoms_connected"":0.0,""bond_angles"":0.063,""bond_lengths"":0.063,""bonds"":0.0,""double_bond_stereochemistry"":0.0,""file_loads"":0.0,""inchi_convertible"":0.0,""internal_steric_clash"":0.063,""molecular_formula"":0.0,""no_radicals"":0.0,""planar_aromatic_rings"":0.017,""planar_double_bonds"":0.0,""reference_file_loads"":0.0,""sanitisation"":0.0,""tetrahedral_chirality"":0.0}",936,112.85166155406039,2.1851602214162225,2.9018427294623925,607.0,64.85042735042735,0.970241759476943,0.008547008547008548,501.60966119871534,0.00251342318650011,0.7331136738056013,130.0,13.88888888888889,0.9268558226219898,0.03205128205128205,91.05854462799263,0.013761049017459275,0.18461538461538463,6.0,0.6410256410256411,0.8909372614279278,0.2777777777777778,4.934963489851035,0.2079817736869019,0.16666666666666666,2.0,0.21367521367521367,0.9681342646326772,0.6047008547008547,1.9563090026169092,0.5219245379501789,0.0,936,-28.31956218021768,154.17670296573624,-15.92458286210665,15.152497340300117,0.38444186760925375,2.2789932889069267,0.0,1.0,1.0,1.0,0.4862905290424205,2.165674301384187,0.0,1.0,1.0,1.0,1000,0,0,0,0,0,1000,0,0,0,0,936,1000,1000,core
3up2_3up2_conf0,generation,flowr_raw,dynamic,,flowr_raw_dynamic,FlowR,flowr_raw_dynamic,6,28,107,0.7,107,107,0,1.0,112,107,5,0.9553571428571428,"{""all_atoms_connected"":0,""bond_angles"":5,""bond_lengths"":5,""bonds"":0,""double_bond_stereochemistry"":0,""file_loads"":0,""inchi_convertible"":0,""internal_steric_clash"":5,""molecular_formula"":0,""no_radicals"":0,""planar_aromatic_rings"":2,""planar_double_bonds"":0,""reference_file_loads"":0,""sanitisation"":0,""tetrahedral_chirality"":0}","{""all_atoms_connected"":0.0,""bond_angles"":0.044642857142857144,""bond_lengths"":0.044642857142857144,""bonds"":0.0,""double_bond_stereochemistry"":0.0,""file_loads"":0.0,""inchi_convertible"":0.0,""internal_steric_clash"":0.044642857142857144,""molecular_formula"":0.0,""no_radicals"":0.0,""planar_aromatic_rings"":0.017857142857142856,""planar_double_bonds"":0.0,""reference_file_loads"":0.0,""sanitisation"":0.0,""tetrahedral_chirality"":0.0}",107,113.85783372997562,2.131958938707607,2.8421390986101422,94.0,87.85046728971963,0.9903628519963338,0.028037383177570093,89.9730677233972,0.011791422831688356,0.8723404255319149,49.0,45.794392523364486,0.9523755756314819,0.06542056074766354,40.71003395836268,0.02908550965149794,0.42857142857142855,4.0,3.7383177570093458,0.9835199447626903,0.3364485981308411,3.9096511633138284,0.2617695868634815,0.0,2.0,1.8691588785046729,0.8913309584070231,0.6915887850467289,1.854886560398796,0.5734125251113634,0.0,107,-26.679428901209377,13.428663994269527,-15.484645804007364,8.908325932119977,0.6118932672566118,2.1008770624221342,0.0,0.0,1.0,1.0,0.5279207993922787,1.9710803731254176,0.0,0.0,1.0,1.0,1000,0,0,0,0,0,112,0,0,0,0,107,112,112,core
3up2_3up2_conf0,generation,flowr_raw,chembl_count,,flowr_raw_chembl_count,FlowR,flowr_raw_chembl_count,6,28,42,0.7,42,42,0,1.0,43,42,1,0.9767441860465116,"{""all_atoms_connected"":0,""bond_angles"":1,""bond_lengths"":1,""bonds"":0,""double_bond_stereochemistry"":0,""file_loads"":0,""inchi_convertible"":0,""internal_steric_clash"":1,""molecular_formula"":0,""no_radicals"":0,""planar_aromatic_rings"":0,""planar_double_bonds"":0,""reference_file_loads"":0,""sanitisation"":0,""tetrahedral_chirality"":0}","{""all_atoms_connected"":0.0,""bond_angles"":0.023255813953488372,""bond_lengths"":0.023255813953488372,""bonds"":0.0,""double_bond_stereochemistry"":0.0,""file_loads"":0.0,""inchi_convertible"":0.0,""internal_steric_clash"":0.023255813953488372,""molecular_formula"":0.0,""no_radicals"":0.0,""planar_aromatic_rings"":0.0,""planar_double_bonds"":0.0,""reference_file_loads"":0.0,""sanitisation"":0.0,""tetrahedral_chirality"":0.0}",42,115.77675472503158,2.1362831871928893,2.8472066209432216,41.0,97.61904761904762,0.997600839068423,0.047619047619047616,40.636334698003445,0.024943310657596366,0.975609756097561,27.0,64.28571428571429,0.9687164330538137,0.07142857142857142,24.354857901275853,0.0453514739229025,0.5925925925925926,5.0,11.904761904761905,0.9898279823399506,0.23809523809523808,4.918810247100343,0.2063492063492063,0.0,1.0,2.380952380952381,0.0,1.0,1.0,1.0,0.0,42,-26.816983160475957,15.946734802308796,-16.43428703844264,9.022467592623526,0.7291719855038128,2.2318130363575746,0.0,0.0,1.0,1.0,0.7533692612037826,2.0990102127822547,0.0,0.0,0.0,1.0,1000,0,0,0,0,0,43,0,0,0,0,42,43,43,core
3wtj_3wtj_conf0,generation,flowr_raw,fixed,,flowr_raw_fixed,FlowR,flowr_raw_fixed,2,16,979,0.7,979,979,0,1.0,1000,979,21,0.979,"{""all_atoms_connected"":0,""bond_angles"":21,""bond_lengths"":21,""bonds"":0,""double_bond_stereochemistry"":1,""file_loads"":0,""inchi_convertible"":0,""internal_steric_clash"":21,""molecular_formula"":0,""no_radicals"":0,""planar_aromatic_rings"":2,""planar_double_bonds"":0,""reference_file_loads"":0,""sanitisation"":0,""tetrahedral_chirality"":0}","{""all_atoms_connected"":0.0,""bond_angles"":0.021,""bond_lengths"":0.021,""bonds"":0.0,""double_bond_stereochemistry"":0.001,""file_loads"":0.0,""inchi_convertible"":0.0,""internal_steric_clash"":0.021,""molecular_formula"":0.0,""no_radicals"":0.0,""planar_aromatic_rings"":0.002,""planar_double_bonds"":0.0,""reference_file_loads"":0.0,""sanitisation"":0.0,""tetrahedral_chirality"":0.0}",979,101.18092353586542,1.1931366355412532,1.7999494462111532,17.0,1.7364657814096016,0.7480005319415064,0.21859039836567926,8.324850589163482,0.14609036967325062,0.11764705882352941,6.0,0.6128702757916241,0.8171905259246532,0.25025536261491316,4.324120914619217,0.2398509663088286,0.16666666666666666,1.0,0.10214504596527069,0.0,1.0,1.0,1.0,0.0,1.0,0.10214504596527069,0.0,1.0,1.0,1.0,0.0,979,-36.21154756590887,63.724624000987156,-35.275357332223635,3.41989537853272,0.14608763958829304,1.3045034794348578,1.0,1.0,1.0,1.0,0.11574476272485072,1.366469679010137,1.0,1.0,1.0,1.0,1000,0,0,0,0,0,1000,0,0,0,0,979,1000,1000,core
3wtj_3wtj_conf0,generation,flowr_raw,dynamic,,flowr_raw_dynamic,FlowR,flowr_raw_dynamic,2,16,24,0.7,24,24,0,1.0,24,24,0,1.0,"{""all_atoms_connected"":0,""bond_angles"":0,""bond_lengths"":0,""bonds"":0,""double_bond_stereochemistry"":0,""file_loads"":0,""inchi_convertible"":0,""internal_steric_clash"":0,""molecular_formula"":0,""no_radicals"":0,""planar_aromatic_rings"":0,""planar_double_bonds"":0,""reference_file_loads"":0,""sanitisation"":0,""tetrahedral_chirality"":0}","{""all_atoms_connected"":0.0,""bond_angles"":0.0,""bond_lengths"":0.0,""bonds"":0.0,""double_bond_stereochemistry"":0.0,""file_loads"":0.0,""inchi_convertible"":0.0,""internal_steric_clash"":0.0,""molecular_formula"":0.0,""no_radicals"":0.0,""planar_aromatic_rings"":0.0,""planar_double_bonds"":0.0,""reference_file_loads"":0.0,""sanitisation"":0.0,""tetrahedral_chirality"":0.0}",24,105.80766025652453,1.1751427713208964,1.6437978455862465,8.0,33.333333333333336,0.9376357639489853,0.25,7.026992174105907,0.15625,0.25,5.0,20.833333333333332,0.9873179343530822,0.25,4.898979485566356,0.20833333333333331,0.0,1.0,4.166666666666667,0.0,1.0,1.0,1.0,0.0,1.0,4.166666666666667,0.0,1.0,1.0,1.0,0.0,24,-36.05544505374074,-34.314096919680175,-35.02795651517172,0.685380223217212,0.16490128062488535,1.257087616705233,1.0,1.0,1.0,1.0,0.12254873785791859,1.2609140304486433,1.0,1.0,1.0,1.0,1000,0,0,0,0,0,24,0,0,0,0,24,24,24,core
3wtj_3wtj_conf0,generation,flowr_raw,chembl_count,,flowr_raw_chembl_count,FlowR,flowr_raw_chembl_count,2,16,51,0.7,51,51,0,1.0,52,51,1,0.9807692307692308,"{""all_atoms_connected"":0,""bond_angles"":1,""bond_lengths"":1,""bonds"":0,""double_bond_stereochemistry"":0,""file_loads"":0,""inchi_convertible"":0,""internal_steric_clash"":1,""molecular_formula"":0,""no_radicals"":0,""planar_aromatic_rings"":0,""planar_double_bonds"":0,""reference_file_loads"":0,""sanitisation"":0,""tetrahedral_chirality"":0}","{""all_atoms_connected"":0.0,""bond_angles"":0.019230769230769232,""bond_lengths"":0.019230769230769232,""bonds"":0.0,""double_bond_stereochemistry"":0.0,""file_loads"":0.0,""inchi_convertible"":0.0,""internal_steric_clash"":0.019230769230769232,""molecular_formula"":0.0,""no_radicals"":0.0,""planar_aromatic_rings"":0.0,""planar_double_bonds"":0.0,""reference_file_loads"":0.0,""sanitisation"":0.0,""tetrahedral_chirality"":0.0}",51,96.56730009493499,1.1899027541472496,1.7913483629260178,10.0,19.607843137254903,0.8810495225761448,0.27450980392156865,7.604129818475619,0.16262975778546718,0.1,4.0,7.8431372549019605,0.9567448418137411,0.3333333333333333,3.7671923122440893,0.2764321414840446,0.0,1.0,1.9607843137254901,0.0,1.0,1.0,1.0,0.0,1.0,1.9607843137254901,0.0,1.0,1.0,1.0,0.0,51,-36.07515057459711,-31.98956063755996,-35.27509596617067,0.8661098230991421,0.1648851492281169,1.426926118153209,1.0,1.0,1.0,1.0,0.12253274869728295,1.3955245350165064,1.0,1.0,1.0,1.0,1000,0,0,0,0,0,52,0,0,0,0,51,52,52,core
3zdg_3zdg_conf0,generation,flowr_raw,fixed,,flowr_raw_fixed,FlowR,flowr_raw_fixed,4,13,1000,0.7,1000,1000,0,1.0,1000,1000,0,1.0,"{""all_atoms_connected"":0,""bond_angles"":0,""bond_lengths"":0,""bonds"":0,""double_bond_stereochemistry"":0,""energy_ratio"":0,""file_loads"":0,""inchi_convertible"":0,""internal_steric_clash"":0,""molecular_formula"":0,""no_radicals"":0,""planar_aromatic_rings"":0,""planar_double_bonds"":0,""reference_file_loads"":0,""sanitisation"":0,""tetrahedral_chirality"":0}","{""all_atoms_connected"":0.0,""bond_angles"":0.0,""bond_lengths"":0.0,""bonds"":0.0,""double_bond_stereochemistry"":0.0,""energy_ratio"":0.0,""file_loads"":0.0,""inchi_convertible"":0.0,""internal_steric_clash"":0.0,""molecular_formula"":0.0,""no_radicals"":0.0,""planar_aromatic_rings"":0.0,""planar_double_bonds"":0.0,""reference_file_loads"":0.0,""sanitisation"":0.0,""tetrahedral_chirality"":0.0}",1000,98.26178602547473,1.2845621520491302,1.6809035059056385,104.0,10.4,0.877526802412616,0.054,58.88447625465903,0.022812,0.25961538461538464,15.0,1.5,0.9504754997056464,0.141,13.117344578771228,0.08490199999999999,0.0,1.0,0.1,0.0,1.0,1.0,1.0,0.0,1.0,0.1,0.0,1.0,1.0,1.0,0.0,1000,-51.307719373895715,4.913703508524897,-40.04433193814121,5.121643101597957,0.34752264695301416,1.4252410113402516,0.0,1.0,1.0,1.0,0.31339950773964803,1.4261366262313988,0.0,1.0,1.0,1.0,1000,0,0,0,0,0,1000,0,0,0,0,1000,1000,1000,core
3zdg_3zdg_conf0,generation,flowr_raw,dynamic,,flowr_raw_dynamic,FlowR,flowr_raw_dynamic,4,13,68,0.7,68,68,0,1.0,68,68,0,1.0,"{""all_atoms_connected"":0,""bond_angles"":0,""bond_lengths"":0,""bonds"":0,""double_bond_stereochemistry"":0,""energy_ratio"":0,""file_loads"":0,""inchi_convertible"":0,""internal_steric_clash"":0,""molecular_formula"":0,""no_radicals"":0,""planar_aromatic_rings"":0,""planar_double_bonds"":0,""reference_file_loads"":0,""sanitisation"":0,""tetrahedral_chirality"":0}","{""all_atoms_connected"":0.0,""bond_angles"":0.0,""bond_lengths"":0.0,""bonds"":0.0,""double_bond_stereochemistry"":0.0,""energy_ratio"":0.0,""file_loads"":0.0,""inchi_convertible"":0.0,""internal_steric_clash"":0.0,""molecular_formula"":0.0,""no_radicals"":0.0,""planar_aromatic_rings"":0.0,""planar_double_bonds"":0.0,""reference_file_loads"":0.0,""sanitisation"":0.0,""tetrahedral_chirality"":0.0}",68,99.4134036374763,1.3033070806567784,1.6623586054190453,45.0,66.17647058823529,0.9664795258206176,0.058823529411764705,39.609197764554054,0.028979238754325263,0.6666666666666666,13.0,19.11764705882353,0.9011244567536356,0.23529411764705882,10.087919272923843,0.12153979238754324,0.07692307692307693,1.0,1.4705882352941178,0.0,1.0,1.0,1.0,0.0,1.0,1.4705882352941178,0.0,1.0,1.0,1.0,0.0,68,-51.307719373895715,4.913703508524897,-39.363179057735394,7.411938192342863,0.7311664033589338,1.4136172402148244,0.0,0.0,1.0,1.0,0.6748211728622199,1.41322804237331,0.0,0.0,1.0,1.0,1000,0,0,0,0,0,68,0,0,0,0,68,68,68,core
3zdg_3zdg_conf0,generation,flowr_raw,chembl_count,,flowr_raw_chembl_count,FlowR,flowr_raw_chembl_count,4,13,199,0.7,199,199,0,1.0,199,199,0,1.0,"{""all_atoms_connected"":0,""bond_angles"":0,""bond_lengths"":0,""bonds"":0,""double_bond_stereochemistry"":0,""energy_ratio"":0,""file_loads"":0,""inchi_convertible"":0,""internal_steric_clash"":0,""molecular_formula"":0,""no_radicals"":0,""planar_aromatic_rings"":0,""planar_double_bonds"":0,""reference_file_loads"":0,""sanitisation"":0,""tetrahedral_chirality"":0}","{""all_atoms_connected"":0.0,""bond_angles"":0.0,""bond_lengths"":0.0,""bonds"":0.0,""double_bond_stereochemistry"":0.0,""energy_ratio"":0.0,""file_loads"":0.0,""inchi_convertible"":0.0,""internal_steric_clash"":0.0,""molecular_formula"":0.0,""no_radicals"":0.0,""planar_aromatic_rings"":0.0,""planar_double_bonds"":0.0,""reference_file_loads"":0.0,""sanitisation"":0.0,""tetrahedral_chirality"":0.0}",199,98.58387068450466,1.2658224928148618,1.6613443029145447,64.0,32.1608040201005,0.9306278517104976,0.06532663316582915,47.96024455935034,0.026741748945733695,0.34375,13.0,6.532663316582915,0.9030062159922767,0.20100502512562815,10.136727491633666,0.1169414913764804,0.07692307692307693,1.0,0.5025125628140703,0.0,1.0,1.0,1.0,0.0,1.0,0.5025125628140703,0.0,1.0,1.0,1.0,0.0,199,-51.307719373895715,-18.135857534438845,-40.050327354142645,5.490395014286041,0.515611426660886,1.4307458687016965,0.0,0.0,1.0,1.0,0.433799278333053,1.429726614011019,0.0,1.0,1.0,1.0,1000,0,0,0,0,0,199,0,0,0,0,199,199,199,core
4ddh_4ddh_conf0,generation,flowr_raw,fixed,,flowr_raw_fixed,FlowR,flowr_raw_fixed,3,15,991,0.7,991,991,0,1.0,1000,991,9,0.991,"{""all_atoms_connected"":0,""bond_angles"":9,""bond_lengths"":9,""bonds"":0,""double_bond_stereochemistry"":0,""energy_ratio"":0,""file_loads"":0,""inchi_convertible"":0,""internal_steric_clash"":9,""molecular_formula"":0,""no_radicals"":0,""planar_aromatic_rings"":3,""planar_double_bonds"":0,""reference_file_loads"":0,""sanitisation"":0,""tetrahedral_chirality"":0}","{""all_atoms_connected"":0.0,""bond_angles"":0.009,""bond_lengths"":0.009,""bonds"":0.0,""double_bond_stereochemistry"":0.0,""energy_ratio"":0.0,""file_loads"":0.0,""inchi_convertible"":0.0,""internal_steric_clash"":0.009,""molecular_formula"":0.0,""no_radicals"":0.0,""planar_aromatic_rings"":0.003,""planar_double_bonds"":0.0,""reference_file_loads"":0.0,""sanitisation"":0.0,""tetrahedral_chirality"":0.0}",991,100.03606920574408,0.6699438514193597,1.029316320093907,14.0,1.4127144298688195,0.6398373436539182,0.2704339051463169,5.411722486373612,0.21741078383554924,0.21428571428571427,2.0,0.20181634712411706,0.998994223170058,0.5186680121089808,1.998606183159221,0.5006969893522021,0.0,1.0,0.10090817356205853,0.0,1.0,1.0,1.0,0.0,1.0,0.10090817356205853,0.0,1.0,1.0,1.0,0.0,991,44.92874997051138,149.94820667661216,45.08521419662714,4.911982406960921,0.3526247534160426,0.7678030677366868,0.0,1.0,1.0,1.0,0.44138056775007484,0.7834871471113952,0.0,1.0,1.0,1.0,1000,0,0,0,0,0,1000,0,0,0,0,991,1000,1000,core
4ddh_4ddh_conf0,generation,flowr_raw,dynamic,,flowr_raw_dynamic,FlowR,flowr_raw_dynamic,3,15,43,0.7,43,43,0,1.0,46,43,3,0.9347826086956522,"{""all_atoms_connected"":0,""bond_angles"":3,""bond_lengths"":3,""bonds"":0,""double_bond_stereochemistry"":0,""energy_ratio"":0,""file_loads"":0,""inchi_convertible"":0,""internal_steric_clash"":3,""molecular_formula"":0,""no_radicals"":0,""planar_aromatic_rings"":2,""planar_double_bonds"":0,""reference_file_loads"":0,""sanitisation"":0,""tetrahedral_chirality"":0}","{""all_atoms_connected"":0.0,""bond_angles"":0.06521739130434782,""bond_lengths"":0.06521739130434782,""bonds"":0.0,""double_bond_stereochemistry"":0.0,""energy_ratio"":0.0,""file_loads"":0.0,""inchi_convertible"":0.0,""internal_steric_clash"":0.06521739130434782,""molecular_formula"":0.0,""no_radicals"":0.0,""planar_aromatic_rings"":0.043478260869565216,""planar_double_bonds"":0.0,""reference_file_loads"":0.0,""sanitisation"":0.0,""tetrahedral_chirality"":0.0}",43,100.85703594111585,0.6599100187974875,1.0292646000184447,4.0,9.30232558139535,0.9712286749072618,0.3488372093023256,3.8435977244392068,0.269875608436993,0.0,2.0,4.651162790697675,0.9807983646944296,0.5813953488372093,1.973557242325901,0.5132504056246621,0.0,1.0,2.3255813953488373,0.0,1.0,1.0,1.0,0.0,1.0,2.3255813953488373,0.0,1.0,1.0,1.0,0.0,43,44.92875282465988,47.28629682601988,45.08520620631843,0.5482322312911464,0.4206953725673185,0.7000017783565444,0.0,1.0,1.0,1.0,0.5077815563323437,0.7340326333998992,0.0,0.0,1.0,1.0,1000,0,0,0,0,0,46,0,0,0,0,43,46,46,core
4ddh_4ddh_conf0,generation,flowr_raw,chembl_count,,flowr_raw_chembl_count,FlowR,flowr_raw_chembl_count,3,15,2,0.7,2,2,0,1.0,2,2,0,1.0,"{""all_atoms_connected"":0,""bond_angles"":0,""bond_lengths"":0,""bonds"":0,""double_bond_stereochemistry"":0,""energy_ratio"":0,""file_loads"":0,""inchi_convertible"":0,""internal_steric_clash"":0,""molecular_formula"":0,""no_radicals"":0,""planar_aromatic_rings"":0,""planar_double_bonds"":0,""reference_file_loads"":0,""sanitisation"":0,""tetrahedral_chirality"":0}","{""all_atoms_connected"":0.0,""bond_angles"":0.0,""bond_lengths"":0.0,""bonds"":0.0,""double_bond_stereochemistry"":0.0,""energy_ratio"":0.0,""file_loads"":0.0,""inchi_convertible"":0.0,""internal_steric_clash"":0.0,""molecular_formula"":0.0,""no_radicals"":0.0,""planar_aromatic_rings"":0.0,""planar_double_bonds"":0.0,""reference_file_loads"":0.0,""sanitisation"":0.0,""tetrahedral_chirality"":0.0}",2,58.53211293286351,0.535273441697575,0.535273441697575,2.0,100.0,1.0,0.5,2.0,0.5,1.0,1.0,50.0,0.0,1.0,1.0,1.0,0.0,1.0,50.0,0.0,1.0,1.0,1.0,0.0,1.0,50.0,0.0,1.0,1.0,1.0,0.0,2,45.085215338130745,45.170545476723305,45.12788040742703,0.04266506929628022,0.8758643200953087,0.9013084122728321,0.0,0.0,0.0,1.0,0.8238143288780508,0.8573104581222207,0.0,0.0,0.0,1.0,1000,0,0,0,0,0,2,0,0,0,0,2,2,2,core
4ddk_4ddk_conf0,generation,flowr_raw,fixed,,flowr_raw_fixed,FlowR,flowr_raw_fixed,1,12,993,0.7,993,993,0,1.0,1000,993,7,0.993,"{""all_atoms_connected"":0,""bond_angles"":7,""bond_lengths"":7,""bonds"":0,""double_bond_stereochemistry"":0,""energy_ratio"":0,""file_loads"":0,""inchi_convertible"":0,""internal_steric_clash"":7,""molecular_formula"":0,""no_radicals"":0,""planar_aromatic_rings"":0,""planar_double_bonds"":0,""reference_file_loads"":0,""sanitisation"":0,""tetrahedral_chirality"":0}","{""all_atoms_connected"":0.0,""bond_angles"":0.007,""bond_lengths"":0.007,""bonds"":0.0,""double_bond_stereochemistry"":0.0,""energy_ratio"":0.0,""file_loads"":0.0,""inchi_convertible"":0.0,""internal_steric_clash"":0.007,""molecular_formula"":0.0,""no_radicals"":0.0,""planar_aromatic_rings"":0.0,""planar_double_bonds"":0.0,""reference_file_loads"":0.0,""sanitisation"":0.0,""tetrahedral_chirality"":0.0}",993,130.23474857850897,6.51919265166757e-05,7.50118332738789e-05,2.0,0.2014098690835851,0.011477964020035343,0.998992950654582,1.0079876508155248,0.9979879296059324,0.5,1.0,0.10070493454179255,0.0,1.0,1.0,1.0,0.0,1.0,0.10070493454179255,0.0,1.0,1.0,1.0,0.0,1.0,0.10070493454179255,0.0,1.0,1.0,1.0,0.0,993,33.973053567508806,63.3588627328823,33.97306352712951,0.9320725442922363,0.06998471968049827,0.0700102515472951,1.0,1.0,1.0,1.0,0.07457822881759807,0.07460444403778858,1.0,1.0,1.0,1.0,1000,0,0,0,0,0,1000,0,0,0,0,993,1000,1000,core
4ddk_4ddk_conf0,generation,flowr_raw,dynamic,,flowr_raw_dynamic,FlowR,flowr_raw_dynamic,1,12,2,0.7,2,2,0,1.0,2,2,0,1.0,"{""all_atoms_connected"":0,""bond_angles"":0,""bond_lengths"":0,""bonds"":0,""double_bond_stereochemistry"":0,""energy_ratio"":0,""file_loads"":0,""inchi_convertible"":0,""internal_steric_clash"":0,""molecular_formula"":0,""no_radicals"":0,""planar_aromatic_rings"":0,""planar_double_bonds"":0,""reference_file_loads"":0,""sanitisation"":0,""tetrahedral_chirality"":0}","{""all_atoms_connected"":0.0,""bond_angles"":0.0,""bond_lengths"":0.0,""bonds"":0.0,""double_bond_stereochemistry"":0.0,""energy_ratio"":0.0,""file_loads"":0.0,""inchi_convertible"":0.0,""internal_steric_clash"":0.0,""molecular_formula"":0.0,""no_radicals"":0.0,""planar_aromatic_rings"":0.0,""planar_double_bonds"":0.0,""reference_file_loads"":0.0,""sanitisation"":0.0,""tetrahedral_chirality"":0.0}",2,179.99738074262325,6.272529184858974e-05,6.272529184858974e-05,1.0,50.0,0.0,1.0,1.0,1.0,0.0,1.0,50.0,0.0,1.0,1.0,1.0,0.0,1.0,50.0,0.0,1.0,1.0,1.0,0.0,1.0,50.0,0.0,1.0,1.0,1.0,0.0,2,33.97306283650345,33.97306905092791,33.97306594371568,3.1072122297359783e-06,0.07001081305171482,0.07001291413661884,1.0,1.0,1.0,1.0,0.07459464633511573,0.07460237396751367,1.0,1.0,1.0,1.0,1000,0,0,0,0,0,2,0,0,0,0,2,2,2,core
4ddk_4ddk_conf0,generation,flowr_raw,chembl_count,,flowr_raw_chembl_count,FlowR,flowr_raw_chembl_count,1,12,1,0.7,1,1,0,1.0,1,1,0,1.0,"{""all_atoms_connected"":0,""bond_angles"":0,""bond_lengths"":0,""bonds"":0,""double_bond_stereochemistry"":0,""energy_ratio"":0,""file_loads"":0,""inchi_convertible"":0,""internal_steric_clash"":0,""molecular_formula"":0,""no_radicals"":0,""planar_aromatic_rings"":0,""planar_double_bonds"":0,""reference_file_loads"":0,""sanitisation"":0,""tetrahedral_chirality"":0}","{""all_atoms_connected"":0.0,""bond_angles"":0.0,""bond_lengths"":0.0,""bonds"":0.0,""double_bond_stereochemistry"":0.0,""energy_ratio"":0.0,""file_loads"":0.0,""inchi_convertible"":0.0,""internal_steric_clash"":0.0,""molecular_formula"":0.0,""no_radicals"":0.0,""planar_aromatic_rings"":0.0,""planar_double_bonds"":0.0,""reference_file_loads"":0.0,""sanitisation"":0.0,""tetrahedral_chirality"":0.0}",1,0.0,,,1.0,100.0,0.0,1.0,1.0,1.0,1.0,1.0,100.0,0.0,1.0,1.0,1.0,1.0,1.0,100.0,0.0,1.0,1.0,1.0,1.0,1.0,100.0,0.0,1.0,1.0,1.0,1.0,1,33.97306177462717,33.97306177462717,33.97306177462717,0.0,0.07000343400629465,0.07000343400629465,1.0,1.0,1.0,1.0,0.07460736028753617,0.07460736028753617,1.0,1.0,1.0,1.0,1000,0,0,0,0,0,1,0,0,0,0,1,1,1,core
4eor_4eor_conf0,generation,flowr_raw,fixed,,flowr_raw_fixed,FlowR,flowr_raw_fixed,7,28,932,0.7,932,932,0,1.0,1000,932,68,0.932,"{""all_atoms_connected"":0,""bond_angles"":63,""bond_lengths"":62,""bonds"":0,""double_bond_stereochemistry"":0,""energy_ratio"":5,""file_loads"":0,""inchi_convertible"":0,""internal_steric_clash"":55,""molecular_formula"":0,""no_radicals"":0,""planar_aromatic_rings"":14,""planar_double_bonds"":0,""reference_file_loads"":0,""sanitisation"":0,""tetrahedral_chirality"":0}","{""all_atoms_connected"":0.0,""bond_angles"":0.063,""bond_lengths"":0.062,""bonds"":0.0,""double_bond_stereochemistry"":0.0,""energy_ratio"":0.005,""file_loads"":0.0,""inchi_convertible"":0.0,""internal_steric_clash"":0.055,""molecular_formula"":0.0,""no_radicals"":0.0,""planar_aromatic_rings"":0.014,""planar_double_bonds"":0.0,""reference_file_loads"":0.0,""sanitisation"":0.0,""tetrahedral_chirality"":0.0}",932,103.73245102284909,1.9566225512110826,2.717558494466619,866.0,92.91845493562232,0.9959298126163536,0.003218884120171674,842.4839651168727,0.0012364383208384754,0.9295612009237876,203.0,21.781115879828327,0.9302826279076762,0.023605150214592276,140.1598028804728,0.009117869181602165,0.31527093596059114,10.0,1.0729613733905579,0.680344107312126,0.4302575107296137,4.790094786322029,0.2745837094070621,0.0,2.0,0.2145922746781116,0.7057611625745981,0.8079399141630901,1.6310049522917833,0.6896539814695426,0.0,932,-84.50917530236362,235.3485157383668,-67.37895983149181,27.283912368312624,0.530627987147056,1.6562231629849118,0.0,0.0,1.0,1.0,0.5272942673355084,1.7257695929159307,0.0,0.0,1.0,1.0,1000,0,0,0,0,0,1000,0,0,0,0,932,1000,1000,core
4eor_4eor_conf0,generation,flowr_raw,dynamic,,flowr_raw_dynamic,FlowR,flowr_raw_dynamic,7,28,126,0.7,126,126,0,1.0,134,126,8,0.9402985074626866,"{""all_atoms_connected"":0,""bond_angles"":8,""bond_lengths"":8,""bonds"":0,""double_bond_stereochemistry"":0,""energy_ratio"":2,""file_loads"":0,""inchi_convertible"":0,""internal_steric_clash"":6,""molecular_formula"":0,""no_radicals"":0,""planar_aromatic_rings"":2,""planar_double_bonds"":0,""reference_file_loads"":0,""sanitisation"":0,""tetrahedral_chirality"":0}","{""all_atoms_connected"":0.0,""bond_angles"":0.05970149253731343,""bond_lengths"":0.05970149253731343,""bonds"":0.0,""double_bond_stereochemistry"":0.0,""energy_ratio"":0.014925373134328358,""file_loads"":0.0,""inchi_convertible"":0.0,""internal_steric_clash"":0.04477611940298507,""molecular_formula"":0.0,""no_radicals"":0.0,""planar_aromatic_rings"":0.014925373134328358,""planar_double_bonds"":0.0,""reference_file_loads"":0.0,""sanitisation"":0.0,""tetrahedral_chirality"":0.0}",126,104.35858578846909,1.9858330161532216,2.734225401303047,126.0,100.0,1.0000000000000004,0.007936507936507936,126.00000000000033,0.007936507936507933,1.0,73.0,57.93650793650794,0.9588127247574677,0.05555555555555555,61.17551986125086,0.020156210632401108,0.5753424657534246,5.0,3.9682539682539684,0.6893734905589781,0.5396825396825397,3.0328532149239047,0.39443184681279914,0.0,2.0,1.5873015873015872,0.0667796410970523,0.9920634920634921,1.0473761374434927,0.9842529604434367,0.5,126,-83.21055812711751,183.1414015578651,-65.79551293011102,28.989186970420423,0.6086605985761223,1.686150674672883,0.0,0.0,1.0,1.0,0.6221669674940612,1.7584955671898066,0.0,0.0,1.0,1.0,1000,0,0,0,0,0,134,0,0,0,0,126,134,134,core
4eor_4eor_conf0,generation,flowr_raw,chembl_count,,flowr_raw_chembl_count,FlowR,flowr_raw_chembl_count,7,28,188,0.7,188,188,0,1.0,200,188,12,0.94,"{""all_atoms_connected"":0,""bond_angles"":9,""bond_lengths"":8,""bonds"":0,""double_bond_stereochemistry"":0,""energy_ratio"":0,""file_loads"":0,""inchi_convertible"":0,""internal_steric_clash"":6,""molecular_formula"":0,""no_radicals"":0,""planar_aromatic_rings"":4,""planar_double_bonds"":0,""reference_file_loads"":0,""sanitisation"":0,""tetrahedral_chirality"":0}","{""all_atoms_connected"":0.0,""bond_angles"":0.045,""bond_lengths"":0.04,""bonds"":0.0,""double_bond_stereochemistry"":0.0,""energy_ratio"":0.0,""file_loads"":0.0,""inchi_convertible"":0.0,""internal_steric_clash"":0.03,""molecular_formula"":0.0,""no_radicals"":0.0,""planar_aromatic_rings"":0.02,""planar_double_bonds"":0.0,""reference_file_loads"":0.0,""sanitisation"":0.0,""tetrahedral_chirality"":0.0}",188,101.68651978359313,1.9313563671026344,2.6827380622158454,184.0,97.87234042553192,0.9984679735561347,0.010638297872340425,182.53580364284497,0.0055454956994114984,0.9782608695652174,81.0,43.08510638297872,0.9575244462509468,0.03723404255319149,67.208013800702,0.01731552738795835,0.41975308641975306,5.0,2.6595744680851063,0.7731901834666495,0.526595744680851,3.4708571987551897,0.35304436396559524,0.0,2.0,1.0638297872340425,0.9483574615109408,0.6329787234042553,1.9296744320093353,0.5353666817564509,0.0,188,-83.21055812711751,235.3485157383668,-67.29204087328381,29.18771970254563,0.7551682644316584,1.5979221863569752,0.0,0.0,0.0,1.0,0.8048888308674127,1.6640523681524608,0.0,0.0,0.0,1.0,1000,0,0,0,0,0,200,0,0,0,0,188,200,200,core
4f09_4f09_conf0,generation,flowr_raw,fixed,,flowr_raw_fixed,FlowR,flowr_raw_fixed,1,19,964,0.7,964,964,0,1.0,1000,964,36,0.964,"{""all_atoms_connected"":0,""bond_angles"":32,""bond_lengths"":33,""bonds"":0,""double_bond_stereochemistry"":0,""energy_ratio"":0,""file_loads"":0,""inchi_convertible"":0,""internal_steric_clash"":32,""molecular_formula"":0,""no_radicals"":0,""planar_aromatic_rings"":15,""planar_double_bonds"":0,""reference_file_loads"":0,""sanitisation"":0,""tetrahedral_chirality"":0}","{""all_atoms_connected"":0.0,""bond_angles"":0.032,""bond_lengths"":0.033,""bonds"":0.0,""double_bond_stereochemistry"":0.0,""energy_ratio"":0.0,""file_loads"":0.0,""inchi_convertible"":0.0,""internal_steric_clash"":0.032,""molecular_formula"":0.0,""no_radicals"":0.0,""planar_aromatic_rings"":0.015,""planar_double_bonds"":0.0,""reference_file_loads"":0.0,""sanitisation"":0.0,""tetrahedral_chirality"":0.0}",964,100.48284434542796,0.9730457014167389,1.5270281878096357,34.0,3.5269709543568464,0.7698327513457061,0.20643153526970953,15.100197525619077,0.09950112773540398,0.20588235294117646,7.0,0.7261410788381742,0.7093451023824099,0.5466804979253111,3.9761810914982787,0.3492514763864258,0.0,1.0,0.1037344398340249,0.0,1.0,1.0,1.0,0.0,1.0,0.1037344398340249,0.0,1.0,1.0,1.0,0.0,964,55.32804141162042,183.33843688033306,62.24760229553221,8.558990162491503,0.1301447065053164,0.6384944996159367,1.0,1.0,1.0,1.0,0.0619865137785529,0.7180167767706407,1.0,1.0,1.0,1.0,1000,0,0,0,0,0,1000,0,0,0,0,964,1000,1000,core
4f09_4f09_conf0,generation,flowr_raw,dynamic,,flowr_raw_dynamic,FlowR,flowr_raw_dynamic,1,19,2,0.7,2,2,0,1.0,2,2,0,1.0,"{""all_atoms_connected"":0,""bond_angles"":0,""bond_lengths"":0,""bonds"":0,""double_bond_stereochemistry"":0,""energy_ratio"":0,""file_loads"":0,""inchi_convertible"":0,""internal_steric_clash"":0,""molecular_formula"":0,""no_radicals"":0,""planar_aromatic_rings"":0,""planar_double_bonds"":0,""reference_file_loads"":0,""sanitisation"":0,""tetrahedral_chirality"":0}","{""all_atoms_connected"":0.0,""bond_angles"":0.0,""bond_lengths"":0.0,""bonds"":0.0,""double_bond_stereochemistry"":0.0,""energy_ratio"":0.0,""file_loads"":0.0,""inchi_convertible"":0.0,""internal_steric_clash"":0.0,""molecular_formula"":0.0,""no_radicals"":0.0,""planar_aromatic_rings"":0.0,""planar_double_bonds"":0.0,""reference_file_loads"":0.0,""sanitisation"":0.0,""tetrahedral_chirality"":0.0}",2,39.59940095923736,0.5088405967202302,0.5088405967202302,2.0,100.0,1.0,0.5,2.0,0.5,1.0,1.0,50.0,0.0,1.0,1.0,1.0,0.0,1.0,50.0,0.0,1.0,1.0,1.0,0.0,1.0,50.0,0.0,1.0,1.0,1.0,0.0,2,62.36650462064053,63.17071486035435,62.76860974049744,0.40210511985691255,0.27444148580367833,0.3265638314406633,0.0,1.0,1.0,1.0,0.26950828477979244,0.37241998282690175,0.0,1.0,1.0,1.0,1000,0,0,0,0,0,2,0,0,0,0,2,2,2,core
4f09_4f09_conf0,generation,flowr_raw,chembl_count,,flowr_raw_chembl_count,FlowR,flowr_raw_chembl_count,1,19,2,0.7,2,2,0,1.0,2,2,0,1.0,"{""all_atoms_connected"":0,""bond_angles"":0,""bond_lengths"":0,""bonds"":0,""double_bond_stereochemistry"":0,""energy_ratio"":0,""file_loads"":0,""inchi_convertible"":0,""internal_steric_clash"":0,""molecular_formula"":0,""no_radicals"":0,""planar_aromatic_rings"":0,""planar_double_bonds"":0,""reference_file_loads"":0,""sanitisation"":0,""tetrahedral_chirality"":0}","{""all_atoms_connected"":0.0,""bond_angles"":0.0,""bond_lengths"":0.0,""bonds"":0.0,""double_bond_stereochemistry"":0.0,""energy_ratio"":0.0,""file_loads"":0.0,""inchi_convertible"":0.0,""internal_steric_clash"":0.0,""molecular_formula"":0.0,""no_radicals"":0.0,""planar_aromatic_rings"":0.0,""planar_double_bonds"":0.0,""reference_file_loads"":0.0,""sanitisation"":0.0,""tetrahedral_chirality"":0.0}",2,81.23630081012912,0.6975574723498839,0.6975574723498839,2.0,100.0,1.0,0.5,2.0,0.5,1.0,1.0,50.0,0.0,1.0,1.0,1.0,0.0,1.0,50.0,0.0,1.0,1.0,1.0,0.0,1.0,50.0,0.0,1.0,1.0,1.0,0.0,2,55.328042573681344,61.146429374087255,58.237235973884296,2.9091934002029554,0.4032591899748098,0.5214338407893199,0.0,1.0,1.0,1.0,0.4830184452711834,0.6355328921460652,0.0,1.0,1.0,1.0,1000,0,0,0,0,0,2,0,0,0,0,2,2,2,core
4f2w_4f2w_conf0,generation,flowr_raw,fixed,,flowr_raw_fixed,FlowR,flowr_raw_fixed,6,20,0,0.7,0,0,0,,996,0,996,0.0,"{""all_atoms_connected"":0,""bond_angles"":28,""bond_lengths"":30,""bonds"":0,""double_bond_stereochemistry"":0,""energy_ratio"":1,""file_loads"":0,""inchi_convertible"":0,""internal_steric_clash"":25,""molecular_formula"":0,""no_radicals"":0,""planar_aromatic_rings"":15,""planar_double_bonds"":0,""reference_file_loads"":0,""sanitisation"":0,""tetrahedral_chirality"":995}","{""all_atoms_connected"":0.0,""bond_angles"":0.028112449799196786,""bond_lengths"":0.030120481927710843,""bonds"":0.0,""double_bond_stereochemistry"":0.0,""energy_ratio"":0.001004016064257028,""file_loads"":0.0,""inchi_convertible"":0.0,""internal_steric_clash"":0.025100401606425703,""molecular_formula"":0.0,""no_radicals"":0.0,""planar_aromatic_rings"":0.015060240963855422,""planar_double_bonds"":0.0,""reference_file_loads"":0.0,""sanitisation"":0.0,""tetrahedral_chirality"":0.998995983935743}",0,,,,,,,,,,,,,,,,,,,,,,,,,,,,,,,,0,,,,,,,,,,,,,,,,,996,0,0,0,0,0,996,0,0,0,0,0,1000,1000,core
4f2w_4f2w_conf0,generation,flowr_raw,dynamic,,flowr_raw_dynamic,FlowR,flowr_raw_dynamic,6,20,0,0.7,0,0,0,,112,0,112,0.0,"{""all_atoms_connected"":0,""bond_angles"":7,""bond_lengths"":7,""bonds"":0,""double_bond_stereochemistry"":0,""energy_ratio"":0,""file_loads"":0,""inchi_convertible"":0,""internal_steric_clash"":7,""molecular_formula"":0,""no_radicals"":0,""planar_aromatic_rings"":3,""planar_double_bonds"":0,""reference_file_loads"":0,""sanitisation"":0,""tetrahedral_chirality"":112}","{""all_atoms_connected"":0.0,""bond_angles"":0.0625,""bond_lengths"":0.0625,""bonds"":0.0,""double_bond_stereochemistry"":0.0,""energy_ratio"":0.0,""file_loads"":0.0,""inchi_convertible"":0.0,""internal_steric_clash"":0.0625,""molecular_formula"":0.0,""no_radicals"":0.0,""planar_aromatic_rings"":0.026785714285714284,""planar_double_bonds"":0.0,""reference_file_loads"":0.0,""sanitisation"":0.0,""tetrahedral_chirality"":1.0}",0,,,,,,,,,,,,,,,,,,,,,,,,,,,,,,,,0,,,,,,,,,,,,,,,,,996,0,0,0,0,0,112,0,0,0,0,0,112,112,core
4f2w_4f2w_conf0,generation,flowr_raw,chembl_count,,flowr_raw_chembl_count,FlowR,flowr_raw_chembl_count,6,20,0,0.7,0,0,0,,800,0,800,0.0,"{""all_atoms_connected"":0,""bond_angles"":21,""bond_lengths"":23,""bonds"":0,""double_bond_stereochemistry"":0,""energy_ratio"":0,""file_loads"":0,""inchi_convertible"":0,""internal_steric_clash"":20,""molecular_formula"":0,""no_radicals"":0,""planar_aromatic_rings"":12,""planar_double_bonds"":0,""reference_file_loads"":0,""sanitisation"":0,""tetrahedral_chirality"":799}","{""all_atoms_connected"":0.0,""bond_angles"":0.02625,""bond_lengths"":0.02875,""bonds"":0.0,""double_bond_stereochemistry"":0.0,""energy_ratio"":0.0,""file_loads"":0.0,""inchi_convertible"":0.0,""internal_steric_clash"":0.025,""molecular_formula"":0.0,""no_radicals"":0.0,""planar_aromatic_rings"":0.015,""planar_double_bonds"":0.0,""reference_file_loads"":0.0,""sanitisation"":0.0,""tetrahedral_chirality"":0.99875}",0,,,,,,,,,,,,,,,,,,,,,,,,,,,,,,,,0,,,,,,,,,,,,,,,,,996,0,0,0,0,0,800,0,0,0,0,0,800,800,core
4f9w_4f9w_conf0,generation,flowr_raw,fixed,,flowr_raw_fixed,FlowR,flowr_raw_fixed,3,25,878,0.7,878,878,0,1.0,1000,878,122,0.878,"{""all_atoms_connected"":0,""bond_angles"":104,""bond_lengths"":102,""bonds"":0,""double_bond_stereochemistry"":0,""energy_ratio"":13,""file_loads"":0,""inchi_convertible"":0,""internal_steric_clash"":103,""molecular_formula"":0,""no_radicals"":0,""planar_aromatic_rings"":67,""planar_double_bonds"":0,""reference_file_loads"":0,""sanitisation"":0,""tetrahedral_chirality"":0}","{""all_atoms_connected"":0.0,""bond_angles"":0.104,""bond_lengths"":0.102,""bonds"":0.0,""double_bond_stereochemistry"":0.0,""energy_ratio"":0.013,""file_loads"":0.0,""inchi_convertible"":0.0,""internal_steric_clash"":0.103,""molecular_formula"":0.0,""no_radicals"":0.0,""planar_aromatic_rings"":0.067,""planar_double_bonds"":0.0,""reference_file_loads"":0.0,""sanitisation"":0.0,""tetrahedral_chirality"":0.0}",878,105.83775696950019,1.128623055380393,1.618017978896448,119.0,13.553530751708427,0.7334369759146735,0.08656036446469248,33.28763085909326,0.049649493308980344,0.6050420168067226,24.0,2.733485193621868,0.5965551478598712,0.22779043280182232,6.658434338922864,0.18883256105977037,0.20833333333333334,2.0,0.22779043280182232,0.7471480667024714,0.7870159453302962,1.6784715302926605,0.6647563057476871,0.0,1.0,0.11389521640091116,0.0,1.0,1.0,1.0,0.0,878,78.37682282668898,428.6662665006042,81.45195272143968,22.988572119199087,0.17626299716903007,1.3164375786967855,1.0,1.0,1.0,1.0,0.21667063139136192,1.3272795784071638,1.0,1.0,1.0,1.0,1000,0,0,0,0,0,1000,0,0,0,0,878,1000,1000,core
4f9w_4f9w_conf0,generation,flowr_raw,dynamic,,flowr_raw_dynamic,FlowR,flowr_raw_dynamic,3,25,41,0.7,41,41,0,1.0,46,41,5,0.8913043478260869,"{""all_atoms_connected"":0,""bond_angles"":5,""bond_lengths"":5,""bonds"":0,""double_bond_stereochemistry"":0,""energy_ratio"":0,""file_loads"":0,""inchi_convertible"":0,""internal_steric_clash"":5,""molecular_formula"":0,""no_radicals"":0,""planar_aromatic_rings"":1,""planar_double_bonds"":0,""reference_file_loads"":0,""sanitisation"":0,""tetrahedral_chirality"":0}","{""all_atoms_connected"":0.0,""bond_angles"":0.10869565217391304,""bond_lengths"":0.10869565217391304,""bonds"":0.0,""double_bond_stereochemistry"":0.0,""energy_ratio"":0.0,""file_loads"":0.0,""inchi_convertible"":0.0,""internal_steric_clash"":0.10869565217391304,""molecular_formula"":0.0,""no_radicals"":0.0,""planar_aromatic_rings"":0.021739130434782608,""planar_double_bonds"":0.0,""reference_file_loads"":0.0,""sanitisation"":0.0,""tetrahedral_chirality"":0.0}",41,106.5660510159344,1.2221401713423872,1.7452392400445065,17.0,41.46341463414634,0.8702762469437243,0.21951219512195122,11.77146374446272,0.11362284354550861,0.6470588235294118,7.0,17.073170731707318,0.8139388856956112,0.34146341463414637,4.873692865710615,0.24449732302201074,0.2857142857142857,2.0,4.878048780487805,0.8014698931335288,0.7560975609756098,1.742875955437606,0.6311719214753124,0.0,1.0,2.4390243902439024,0.0,1.0,1.0,1.0,0.0,41,78.77077976598711,428.6662665006042,81.07055157531448,57.43117390163356,0.2071873103435332,1.30580445104503,1.0,1.0,1.0,1.0,0.25814885981928637,1.320497001446923,0.0,1.0,1.0,1.0,1000,0,0,0,0,0,46,0,0,0,0,41,46,46,core
4f9w_4f9w_conf0,generation,flowr_raw,chembl_count,,flowr_raw_chembl_count,FlowR,flowr_raw_chembl_count,3,25,4,0.7,4,4,0,1.0,4,4,0,1.0,"{""all_atoms_connected"":0,""bond_angles"":0,""bond_lengths"":0,""bonds"":0,""double_bond_stereochemistry"":0,""energy_ratio"":0,""file_loads"":0,""inchi_convertible"":0,""internal_steric_clash"":0,""molecular_formula"":0,""no_radicals"":0,""planar_aromatic_rings"":0,""planar_double_bonds"":0,""reference_file_loads"":0,""sanitisation"":0,""tetrahedral_chirality"":0}","{""all_atoms_connected"":0.0,""bond_angles"":0.0,""bond_lengths"":0.0,""bonds"":0.0,""double_bond_stereochemistry"":0.0,""energy_ratio"":0.0,""file_loads"":0.0,""inchi_convertible"":0.0,""internal_steric_clash"":0.0,""molecular_formula"":0.0,""no_radicals"":0.0,""planar_aromatic_rings"":0.0,""planar_double_bonds"":0.0,""reference_file_loads"":0.0,""sanitisation"":0.0,""tetrahedral_chirality"":0.0}",4,86.18271461534223,1.3675691228254665,1.7231451799535038,4.0,100.0,1.0,0.25,4.0,0.25,1.0,3.0,75.0,0.946394630357186,0.5,2.82842712474619,0.375,0.6666666666666666,1.0,25.0,0.0,1.0,1.0,1.0,0.0,1.0,25.0,0.0,1.0,1.0,1.0,0.0,4,79.67644993177036,112.96838025127599,100.97484874515038,12.330957979343601,1.0638501971210799,1.335615166361297,0.0,0.0,0.0,1.0,1.0557202322447785,1.3672585330470608,0.0,0.0,0.0,1.0,1000,0,0,0,0,0,4,0,0,0,0,4,4,4,core
4hge_4hge_conf0,generation,flowr_raw,fixed,,flowr_raw_fixed,FlowR,flowr_raw_fixed,3,25,934,0.7,934,934,0,1.0,1000,934,66,0.934,"{""all_atoms_connected"":0,""bond_angles"":60,""bond_lengths"":61,""bonds"":0,""double_bond_stereochemistry"":0,""energy_ratio"":3,""file_loads"":0,""inchi_convertible"":0,""internal_steric_clash"":61,""molecular_formula"":0,""no_radicals"":0,""planar_aromatic_rings"":21,""planar_double_bonds"":0,""reference_file_loads"":0,""sanitisation"":0,""tetrahedral_chirality"":0}","{""all_atoms_connected"":0.0,""bond_angles"":0.06,""bond_lengths"":0.061,""bonds"":0.0,""double_bond_stereochemistry"":0.0,""energy_ratio"":0.003,""file_loads"":0.0,""inchi_convertible"":0.0,""internal_steric_clash"":0.061,""molecular_formula"":0.0,""no_radicals"":0.0,""planar_aromatic_rings"":0.021,""planar_double_bonds"":0.0,""reference_file_loads"":0.0,""sanitisation"":0.0,""tetrahedral_chirality"":0.0}",934,108.62003478798837,2.1327021493469385,2.7887456692916617,286.0,30.620985010706637,0.8855123505626481,0.032119914346895075,149.6726540649348,0.011091801970755058,0.5594405594405595,87.0,9.314775160599572,0.9009799277109583,0.059957173447537475,55.907222397054966,0.023123587159370722,0.12643678160919541,8.0,0.8565310492505354,0.9548865743234101,0.20663811563169165,7.283640531634384,0.1464127030707647,0.0,2.0,0.21413276231263384,0.999523655585693,0.512847965738758,1.9993397554292092,0.5003301404472486,0.0,934,86.2923420396494,370.5346882338961,107.4149858001285,17.88079994219915,0.28974380724017035,2.0738754077383197,0.0,1.0,1.0,1.0,0.2679625336459547,2.055712671340676,0.0,1.0,1.0,1.0,1000,0,0,0,0,0,1000,0,0,0,0,934,1000,1000,core
4hge_4hge_conf0,generation,flowr_raw,dynamic,,flowr_raw_dynamic,FlowR,flowr_raw_dynamic,3,25,46,0.7,46,46,0,1.0,46,46,0,1.0,"{""all_atoms_connected"":0,""bond_angles"":0,""bond_lengths"":0,""bonds"":0,""double_bond_stereochemistry"":0,""energy_ratio"":0,""file_loads"":0,""inchi_convertible"":0,""internal_steric_clash"":0,""molecular_formula"":0,""no_radicals"":0,""planar_aromatic_rings"":0,""planar_double_bonds"":0,""reference_file_loads"":0,""sanitisation"":0,""tetrahedral_chirality"":0}","{""all_atoms_connected"":0.0,""bond_angles"":0.0,""bond_lengths"":0.0,""bonds"":0.0,""double_bond_stereochemistry"":0.0,""energy_ratio"":0.0,""file_loads"":0.0,""inchi_convertible"":0.0,""internal_steric_clash"":0.0,""molecular_formula"":0.0,""no_radicals"":0.0,""planar_aromatic_rings"":0.0,""planar_double_bonds"":0.0,""reference_file_loads"":0.0,""sanitisation"":0.0,""tetrahedral_chirality"":0.0}",46,105.9920931121081,2.1001514436421242,2.784252817080373,35.0,76.08695652173913,0.9772281767620268,0.06521739130434782,32.27801356548033,0.034026465028355386,0.7428571428571429,27.0,58.69565217391305,0.9523812048907785,0.08695652173913043,23.078307003972114,0.050094517958412084,0.6296296296296297,5.0,10.869565217391305,0.942872813046574,0.30434782608695654,4.5607872534269775,0.23724007561436675,0.0,1.0,2.1739130434782608,0.0,1.0,1.0,1.0,0.0,46,86.39165195974184,135.78757330791677,106.14533320009436,10.047197626726803,0.948777237929787,2.079490470509403,0.0,0.0,0.0,1.0,0.9480759680812119,2.054521184772644,0.0,0.0,0.0,1.0,1000,0,0,0,0,0,46,0,0,0,0,46,46,46,core
4hge_4hge_conf0,generation,flowr_raw,chembl_count,,flowr_raw_chembl_count,FlowR,flowr_raw_chembl_count,3,25,34,0.7,34,34,0,1.0,36,34,2,0.9444444444444444,"{""all_atoms_connected"":0,""bond_angles"":2,""bond_lengths"":2,""bonds"":0,""double_bond_stereochemistry"":0,""energy_ratio"":0,""file_loads"":0,""inchi_convertible"":0,""internal_steric_clash"":2,""molecular_formula"":0,""no_radicals"":0,""planar_aromatic_rings"":1,""planar_double_bonds"":0,""reference_file_loads"":0,""sanitisation"":0,""tetrahedral_chirality"":0}","{""all_atoms_connected"":0.0,""bond_angles"":0.05555555555555555,""bond_lengths"":0.05555555555555555,""bonds"":0.0,""double_bond_stereochemistry"":0.0,""energy_ratio"":0.0,""file_loads"":0.0,""inchi_convertible"":0.0,""internal_steric_clash"":0.05555555555555555,""molecular_formula"":0.0,""no_radicals"":0.0,""planar_aromatic_rings"":0.027777777777777776,""planar_double_bonds"":0.0,""reference_file_loads"":0.0,""sanitisation"":0.0,""tetrahedral_chirality"":0.0}",34,95.2391427831802,1.9793772056629213,2.6020269036122725,26.0,76.47058823529412,0.9774983422572767,0.08823529411764706,24.162067985507537,0.04498269896193771,0.7307692307692307,18.0,52.94117647058823,0.9406580248265587,0.14705882352941177,15.16289596668443,0.07785467128027683,0.5,3.0,8.823529411764707,0.9066400772320163,0.5,2.707554774235037,0.3961937716262976,0.0,1.0,2.9411764705882355,0.0,1.0,1.0,1.0,0.0,34,86.37443683200394,129.45088608705197,104.41014252096174,10.702851615543283,0.45062965446618203,2.1152289248791893,0.0,1.0,1.0,1.0,0.43114237053598214,2.104457428969808,0.0,1.0,1.0,1.0,1000,0,0,0,0,0,36,0,0,0,0,34,36,36,core
4j21_4j21_conf0,generation,flowr_raw,fixed,,flowr_raw_fixed,FlowR,flowr_raw_fixed,2,20,934,0.7,934,934,0,1.0,1000,934,66,0.934,"{""all_atoms_connected"":0,""bond_angles"":52,""bond_lengths"":52,""bonds"":0,""double_bond_stereochemistry"":0,""energy_ratio"":19,""file_loads"":0,""inchi_convertible"":0,""internal_steric_clash"":53,""molecular_formula"":0,""no_radicals"":0,""planar_aromatic_rings"":47,""planar_double_bonds"":0,""reference_file_loads"":0,""sanitisation"":0,""tetrahedral_chirality"":0}","{""all_atoms_connected"":0.0,""bond_angles"":0.052,""bond_lengths"":0.052,""bonds"":0.0,""double_bond_stereochemistry"":0.0,""energy_ratio"":0.019,""file_loads"":0.0,""inchi_convertible"":0.0,""internal_steric_clash"":0.053,""molecular_formula"":0.0,""no_radicals"":0.0,""planar_aromatic_rings"":0.047,""planar_double_bonds"":0.0,""reference_file_loads"":0.0,""sanitisation"":0.0,""tetrahedral_chirality"":0.0}",934,105.8740244905688,0.9205221559421206,1.6142238373610176,24.0,2.569593147751606,0.4999333664427231,0.28051391862955033,4.897942162857369,0.23456020248614096,0.5,7.0,0.7494646680942184,0.4102138847430764,0.5160599571734475,2.2216260030793324,0.4814456483362297,0.2857142857142857,1.0,0.10706638115631692,0.0,1.0,1.0,1.0,0.0,1.0,0.10706638115631692,0.0,1.0,1.0,1.0,0.0,934,21.43826601474551,123.03381756565086,21.704997765820956,8.011026212064872,0.05970955197367202,0.787214967997208,1.0,1.0,1.0,1.0,0.08577064920337497,0.7698828026973095,1.0,1.0,1.0,1.0,1000,0,0,0,0,0,1000,0,0,0,0,934,1000,1000,core
4j21_4j21_conf0,generation,flowr_raw,dynamic,,flowr_raw_dynamic,FlowR,flowr_raw_dynamic,2,20,23,0.7,23,23,0,1.0,24,23,1,0.9583333333333334,"{""all_atoms_connected"":0,""bond_angles"":1,""bond_lengths"":1,""bonds"":0,""double_bond_stereochemistry"":0,""energy_ratio"":1,""file_loads"":0,""inchi_convertible"":0,""internal_steric_clash"":1,""molecular_formula"":0,""no_radicals"":0,""planar_aromatic_rings"":1,""planar_double_bonds"":0,""reference_file_loads"":0,""sanitisation"":0,""tetrahedral_chirality"":0}","{""all_atoms_connected"":0.0,""bond_angles"":0.041666666666666664,""bond_lengths"":0.041666666666666664,""bonds"":0.0,""double_bond_stereochemistry"":0.0,""energy_ratio"":0.041666666666666664,""file_loads"":0.0,""inchi_convertible"":0.0,""internal_steric_clash"":0.041666666666666664,""molecular_formula"":0.0,""no_radicals"":0.0,""planar_aromatic_rings"":0.041666666666666664,""planar_double_bonds"":0.0,""reference_file_loads"":0.0,""sanitisation"":0.0,""tetrahedral_chirality"":0.0}",23,98.64761122947209,0.8617447067019216,1.60960383392161,3.0,13.043478260869565,0.7661350110985072,0.6521739130434783,2.3202741295150706,0.500945179584121,0.0,2.0,8.695652173913043,0.9321115676166747,0.6521739130434783,1.9080666514863638,0.5463137996219282,0.0,1.0,4.3478260869565215,0.0,1.0,1.0,1.0,0.0,1.0,4.3478260869565215,0.0,1.0,1.0,1.0,0.0,23,21.64601775057584,64.67980906265151,21.711980871333353,8.748175271614285,0.18498371249740864,0.6332191826545086,1.0,1.0,1.0,1.0,0.17841785231586846,0.6114803378118399,1.0,1.0,1.0,1.0,1000,0,0,0,0,0,24,0,0,0,0,23,24,24,core
4j21_4j21_conf0,generation,flowr_raw,chembl_count,,flowr_raw_chembl_count,FlowR,flowr_raw_chembl_count,2,20,3,0.7,3,3,0,1.0,3,3,0,1.0,"{""all_atoms_connected"":0,""bond_angles"":0,""bond_lengths"":0,""bonds"":0,""double_bond_stereochemistry"":0,""energy_ratio"":0,""file_loads"":0,""inchi_convertible"":0,""internal_steric_clash"":0,""molecular_formula"":0,""no_radicals"":0,""planar_aromatic_rings"":0,""planar_double_bonds"":0,""reference_file_loads"":0,""sanitisation"":0,""tetrahedral_chirality"":0}","{""all_atoms_connected"":0.0,""bond_angles"":0.0,""bond_lengths"":0.0,""bonds"":0.0,""double_bond_stereochemistry"":0.0,""energy_ratio"":0.0,""file_loads"":0.0,""inchi_convertible"":0.0,""internal_steric_clash"":0.0,""molecular_formula"":0.0,""no_radicals"":0.0,""planar_aromatic_rings"":0.0,""planar_double_bonds"":0.0,""reference_file_loads"":0.0,""sanitisation"":0.0,""tetrahedral_chirality"":0.0}",3,91.01584485512463,1.1224484541122253,1.5892448441724496,2.0,66.66666666666667,0.9182958340544894,0.6666666666666666,1.8898815748423097,0.5555555555555556,0.5,2.0,66.66666666666667,0.9182958340544894,0.6666666666666666,1.8898815748423097,0.5555555555555556,0.5,1.0,33.333333333333336,0.0,1.0,1.0,1.0,0.0,1.0,33.333333333333336,0.0,1.0,1.0,1.0,0.0,3,21.678624231305996,21.705108642115324,21.687138934041002,0.011039497708275127,0.22869738031269568,0.46315740694543794,1.0,1.0,1.0,1.0,0.21500423742881253,0.44239335505124966,1.0,1.0,1.0,1.0,1000,0,0,0,0,0,3,0,0,0,0,3,3,3,core
4j3l_4j3l_conf0,generation,flowr_raw,fixed,,flowr_raw_fixed,FlowR,flowr_raw_fixed,5,26,875,0.7,875,875,0,1.0,1000,875,125,0.875,"{""all_atoms_connected"":0,""bond_angles"":80,""bond_lengths"":82,""bonds"":0,""double_bond_stereochemistry"":0,""energy_ratio"":12,""file_loads"":0,""inchi_convertible"":0,""internal_steric_clash"":84,""molecular_formula"":0,""no_radicals"":0,""planar_aromatic_rings"":94,""planar_double_bonds"":0,""reference_file_loads"":0,""sanitisation"":0,""tetrahedral_chirality"":0}","{""all_atoms_connected"":0.0,""bond_angles"":0.08,""bond_lengths"":0.082,""bonds"":0.0,""double_bond_stereochemistry"":0.0,""energy_ratio"":0.012,""file_loads"":0.0,""inchi_convertible"":0.0,""internal_steric_clash"":0.084,""molecular_formula"":0.0,""no_radicals"":0.0,""planar_aromatic_rings"":0.094,""planar_double_bonds"":0.0,""reference_file_loads"":0.0,""sanitisation"":0.0,""tetrahedral_chirality"":0.0}",875,110.54952713006844,1.9007665830133487,2.513953885513087,583.0,66.62857142857143,0.9735425472726902,0.010285714285714285,492.6018173143687,0.002506448979591837,0.725557461406518,120.0,13.714285714285714,0.8408045723328715,0.06514285714285714,55.99962237097757,0.026118530612244895,0.39166666666666666,10.0,1.1428571428571428,0.6848898346066755,0.32571428571428573,4.840495654832733,0.24604081632653063,0.0,2.0,0.22857142857142856,0.29243470830906976,0.9485714285714286,1.2247053611570455,0.9024326530612246,0.0,875,31.22794049420733,242.06397745696614,44.07967676236918,25.911164616439777,0.4200722146786224,1.8548625890090813,0.0,1.0,1.0,1.0,0.34667569257230496,1.8486074218645583,0.0,1.0,1.0,1.0,1000,0,0,0,0,0,1000,0,0,0,0,875,1000,1000,core
4j3l_4j3l_conf0,generation,flowr_raw,dynamic,,flowr_raw_dynamic,FlowR,flowr_raw_dynamic,5,26,79,0.7,79,79,0,1.0,90,79,11,0.8777777777777778,"{""all_atoms_connected"":0,""bond_angles"":9,""bond_lengths"":9,""bonds"":0,""double_bond_stereochemistry"":0,""energy_ratio"":2,""file_loads"":0,""inchi_convertible"":0,""internal_steric_clash"":9,""molecular_formula"":0,""no_radicals"":0,""planar_aromatic_rings"":9,""planar_double_bonds"":0,""reference_file_loads"":0,""sanitisation"":0,""tetrahedral_chirality"":0}","{""all_atoms_connected"":0.0,""bond_angles"":0.1,""bond_lengths"":0.1,""bonds"":0.0,""double_bond_stereochemistry"":0.0,""energy_ratio"":0.022222222222222223,""file_loads"":0.0,""inchi_convertible"":0.0,""internal_steric_clash"":0.1,""molecular_formula"":0.0,""no_radicals"":0.0,""planar_aromatic_rings"":0.1,""planar_double_bonds"":0.0,""reference_file_loads"":0.0,""sanitisation"":0.0,""tetrahedral_chirality"":0.0}",79,108.39970943364378,1.910595010486101,2.5681662252799042,72.0,91.13924050632912,0.9914237237683883,0.0379746835443038,69.40703623389305,0.015221919564172409,0.9166666666666666,33.0,41.77215189873418,0.9190150643565858,0.10126582278481013,24.862064349276164,0.050472680660150614,0.5454545454545454,5.0,6.329113924050633,0.7078871740605079,0.4177215189873418,3.1245818169529938,0.36580676173690113,0.2,2.0,2.5316455696202533,0.34037328575964604,0.9367088607594937,1.2660841407004917,0.8814292581317096,0.0,79,31.93524422962867,222.35656509672046,42.617034689849696,31.48395882292181,0.5802811574308401,1.8616889733741617,0.0,0.0,1.0,1.0,0.48173350800282744,1.8924240936171202,0.0,1.0,1.0,1.0,1000,0,0,0,0,0,90,0,0,0,0,79,90,90,core
4j3l_4j3l_conf0,generation,flowr_raw,chembl_count,,flowr_raw_chembl_count,FlowR,flowr_raw_chembl_count,5,26,96,0.7,96,96,0,1.0,114,96,18,0.8421052631578947,"{""all_atoms_connected"":0,""bond_angles"":10,""bond_lengths"":10,""bonds"":0,""double_bond_stereochemistry"":0,""energy_ratio"":1,""file_loads"":0,""inchi_convertible"":0,""internal_steric_clash"":11,""molecular_formula"":0,""no_radicals"":0,""planar_aromatic_rings"":16,""planar_double_bonds"":0,""reference_file_loads"":0,""sanitisation"":0,""tetrahedral_chirality"":0}","{""all_atoms_connected"":0.0,""bond_angles"":0.08771929824561403,""bond_lengths"":0.08771929824561403,""bonds"":0.0,""double_bond_stereochemistry"":0.0,""energy_ratio"":0.008771929824561403,""file_loads"":0.0,""inchi_convertible"":0.0,""internal_steric_clash"":0.09649122807017543,""molecular_formula"":0.0,""no_radicals"":0.0,""planar_aromatic_rings"":0.14035087719298245,""planar_double_bonds"":0.0,""reference_file_loads"":0.0,""sanitisation"":0.0,""tetrahedral_chirality"":0.0}",96,110.625684522836,1.8962636673097117,2.5365671155221423,91.0,94.79166666666667,0.9958513125203068,0.020833333333333332,89.31284871860605,0.011501736111111112,0.945054945054945,36.0,37.5,0.93264721463071,0.09375,28.28011638655454,0.04253472222222224,0.4444444444444444,6.0,6.25,0.7211025725591487,0.375,3.6402136051760774,0.3062065972222222,0.16666666666666666,2.0,2.0833333333333335,0.2951817430907586,0.9479166666666666,1.22703954346969,0.9012586805555556,0.0,96,31.59936278142922,219.18240486603534,44.38149416413728,31.190781464732037,0.7356078050618869,1.8292885321995762,0.0,0.0,1.0,1.0,0.7666487348752875,1.8136346142725808,0.0,0.0,0.0,1.0,1000,0,0,0,0,0,114,0,0,0,0,96,114,114,core
4jsz_4jsz_conf0,generation,flowr_raw,fixed,,flowr_raw_fixed,FlowR,flowr_raw_fixed,2,10,993,0.7,993,993,0,1.0,1000,993,7,0.993,"{""all_atoms_connected"":0,""bond_angles"":7,""bond_lengths"":7,""bonds"":0,""double_bond_stereochemistry"":0,""energy_ratio"":7,""file_loads"":0,""inchi_convertible"":0,""internal_steric_clash"":7,""molecular_formula"":0,""no_radicals"":0,""planar_aromatic_rings"":0,""planar_double_bonds"":0,""reference_file_loads"":0,""sanitisation"":0,""tetrahedral_chirality"":0}","{""all_atoms_connected"":0.0,""bond_angles"":0.007,""bond_lengths"":0.007,""bonds"":0.0,""double_bond_stereochemistry"":0.0,""energy_ratio"":0.007,""file_loads"":0.0,""inchi_convertible"":0.0,""internal_steric_clash"":0.007,""molecular_formula"":0.0,""no_radicals"":0.0,""planar_aromatic_rings"":0.0,""planar_double_bonds"":0.0,""reference_file_loads"":0.0,""sanitisation"":0.0,""tetrahedral_chirality"":0.0}",993,94.26692427495574,0.04918125163683671,0.12435759230672638,1.0,0.10070493454179255,0.0,1.0,1.0,1.0,0.0,1.0,0.10070493454179255,0.0,1.0,1.0,1.0,0.0,1.0,0.10070493454179255,0.0,1.0,1.0,1.0,0.0,1.0,0.10070493454179255,0.0,1.0,1.0,1.0,0.0,993,-58.63798692960627,-55.32006640506503,-55.320088607588374,1.6561082524569464,0.3359645188702491,0.5418304122132666,0.0,1.0,1.0,1.0,0.3591994246540982,0.47341638703850425,0.0,1.0,1.0,1.0,1000,0,0,0,0,0,1000,0,0,0,0,993,1000,1000,core
4jsz_4jsz_conf0,generation,flowr_raw,dynamic,,flowr_raw_dynamic,FlowR,flowr_raw_dynamic,2,10,24,0.7,24,24,0,1.0,24,24,0,1.0,"{""all_atoms_connected"":0,""bond_angles"":0,""bond_lengths"":0,""bonds"":0,""double_bond_stereochemistry"":0,""energy_ratio"":0,""file_loads"":0,""inchi_convertible"":0,""internal_steric_clash"":0,""molecular_formula"":0,""no_radicals"":0,""planar_aromatic_rings"":0,""planar_double_bonds"":0,""reference_file_loads"":0,""sanitisation"":0,""tetrahedral_chirality"":0}","{""all_atoms_connected"":0.0,""bond_angles"":0.0,""bond_lengths"":0.0,""bonds"":0.0,""double_bond_stereochemistry"":0.0,""energy_ratio"":0.0,""file_loads"":0.0,""inchi_convertible"":0.0,""internal_steric_clash"":0.0,""molecular_formula"":0.0,""no_radicals"":0.0,""planar_aromatic_rings"":0.0,""planar_double_bonds"":0.0,""reference_file_loads"":0.0,""sanitisation"":0.0,""tetrahedral_chirality"":0.0}",24,94.10819875388742,0.050843274312234135,0.12436344557531595,1.0,4.166666666666667,0.0,1.0,1.0,1.0,0.0,1.0,4.166666666666667,0.0,1.0,1.0,1.0,0.0,1.0,4.166666666666667,0.0,1.0,1.0,1.0,0.0,1.0,4.166666666666667,0.0,1.0,1.0,1.0,0.0,24,-58.637983391362596,-55.32007129820639,-55.32008684888285,1.6531782459076236,0.48336021632048215,0.5418316225120619,0.0,1.0,1.0,1.0,0.435939192714969,0.47341774930082,0.0,1.0,1.0,1.0,1000,0,0,0,0,0,24,0,0,0,0,24,24,24,core
4jsz_4jsz_conf0,generation,flowr_raw,chembl_count,,flowr_raw_chembl_count,FlowR,flowr_raw_chembl_count,2,10,2,0.7,2,2,0,1.0,2,2,0,1.0,"{""all_atoms_connected"":0,""bond_angles"":0,""bond_lengths"":0,""bonds"":0,""double_bond_stereochemistry"":0,""energy_ratio"":0,""file_loads"":0,""inchi_convertible"":0,""internal_steric_clash"":0,""molecular_formula"":0,""no_radicals"":0,""planar_aromatic_rings"":0,""planar_double_bonds"":0,""reference_file_loads"":0,""sanitisation"":0,""tetrahedral_chirality"":0}","{""all_atoms_connected"":0.0,""bond_angles"":0.0,""bond_lengths"":0.0,""bonds"":0.0,""double_bond_stereochemistry"":0.0,""energy_ratio"":0.0,""file_loads"":0.0,""inchi_convertible"":0.0,""internal_steric_clash"":0.0,""molecular_formula"":0.0,""no_radicals"":0.0,""planar_aromatic_rings"":0.0,""planar_double_bonds"":0.0,""reference_file_loads"":0.0,""sanitisation"":0.0,""tetrahedral_chirality"":0.0}",2,33.18327433596721,6.309568755579853e-05,6.309568755579853e-05,1.0,50.0,0.0,1.0,1.0,1.0,0.0,1.0,50.0,0.0,1.0,1.0,1.0,0.0,1.0,50.0,0.0,1.0,1.0,1.0,0.0,1.0,50.0,0.0,1.0,1.0,1.0,0.0,2,-55.320090212714305,-55.32007722380636,-55.320083718260335,6.494453973715508e-06,0.48337352354702445,0.48337403460601847,0.0,1.0,1.0,1.0,0.4359485482744852,0.4359530336537169,0.0,1.0,1.0,1.0,1000,0,0,0,0,0,2,0,0,0,0,2,2,2,core
4jxs_4jxs_conf0,generation,flowr_raw,fixed,,flowr_raw_fixed,FlowR,flowr_raw_fixed,6,22,969,0.7,969,969,0,1.0,1000,969,31,0.969,"{""all_atoms_connected"":0,""bond_angles"":30,""bond_lengths"":30,""bonds"":0,""double_bond_stereochemistry"":0,""energy_ratio"":4,""file_loads"":0,""inchi_convertible"":0,""internal_steric_clash"":31,""molecular_formula"":0,""no_radicals"":0,""planar_aromatic_rings"":4,""planar_double_bonds"":0,""reference_file_loads"":0,""sanitisation"":0,""tetrahedral_chirality"":0}","{""all_atoms_connected"":0.0,""bond_angles"":0.03,""bond_lengths"":0.03,""bonds"":0.0,""double_bond_stereochemistry"":0.0,""energy_ratio"":0.004,""file_loads"":0.0,""inchi_convertible"":0.0,""internal_steric_clash"":0.031,""molecular_formula"":0.0,""no_radicals"":0.0,""planar_aromatic_rings"":0.004,""planar_double_bonds"":0.0,""reference_file_loads"":0.0,""sanitisation"":0.0,""tetrahedral_chirality"":0.0}",969,115.72907258077218,1.627465346272601,2.3374688425711834,131.0,13.519091847265221,0.8426528150156541,0.05056759545923633,60.83095259428606,0.023395007886376537,0.45038167938931295,28.0,2.889576883384933,0.7617301017237664,0.1609907120743034,12.657380458555318,0.10211606232846729,0.17857142857142858,3.0,0.30959752321981426,0.7480942295388977,0.5479876160990712,2.2747394392666878,0.47222941101920096,0.0,1.0,0.10319917440660474,0.0,1.0,1.0,1.0,0.0,969,-17.443163814244134,155.84229870833565,-5.892650255376147,11.437376516005463,0.35803593622721547,1.6355698428645116,0.0,1.0,1.0,1.0,0.2479557677899477,1.6165312599162247,1.0,1.0,1.0,1.0,1000,0,0,0,0,0,1000,0,0,0,0,969,1000,1000,core
4jxs_4jxs_conf0,generation,flowr_raw,dynamic,,flowr_raw_dynamic,FlowR,flowr_raw_dynamic,6,22,110,0.7,110,110,0,1.0,112,110,2,0.9821428571428572,"{""all_atoms_connected"":0,""bond_angles"":2,""bond_lengths"":2,""bonds"":0,""double_bond_stereochemistry"":0,""energy_ratio"":2,""file_loads"":0,""inchi_convertible"":0,""internal_steric_clash"":2,""molecular_formula"":0,""no_radicals"":0,""planar_aromatic_rings"":0,""planar_double_bonds"":0,""reference_file_loads"":0,""sanitisation"":0,""tetrahedral_chirality"":0}","{""all_atoms_connected"":0.0,""bond_angles"":0.017857142857142856,""bond_lengths"":0.017857142857142856,""bonds"":0.0,""double_bond_stereochemistry"":0.0,""energy_ratio"":0.017857142857142856,""file_loads"":0.0,""inchi_convertible"":0.0,""internal_steric_clash"":0.017857142857142856,""molecular_formula"":0.0,""no_radicals"":0.0,""planar_aromatic_rings"":0.0,""planar_double_bonds"":0.0,""reference_file_loads"":0.0,""sanitisation"":0.0,""tetrahedral_chirality"":0.0}",110,116.61753278903488,1.5282472098677367,2.1249869856812564,41.0,37.27272727272727,0.9137341783172577,0.12727272727272726,29.76156276919715,0.04512396694214875,0.4878048780487805,13.0,11.818181818181818,0.8455451354562202,0.22727272727272727,8.747609402460267,0.13652892561983473,0.15384615384615385,2.0,1.8181818181818181,0.976020648236615,0.5909090909090909,1.967032300542503,0.5165289256198348,0.0,1.0,0.9090909090909091,0.0,1.0,1.0,1.0,0.0,110,-17.443106638460954,36.11394871316821,-5.42129536815008,8.401244680968219,0.3681957902481492,1.7268188687378387,0.0,1.0,1.0,1.0,0.3106915395390457,1.720281385317947,0.0,1.0,1.0,1.0,1000,0,0,0,0,0,112,0,0,0,0,110,112,112,core
4jxs_4jxs_conf0,generation,flowr_raw,chembl_count,,flowr_raw_chembl_count,FlowR,flowr_raw_chembl_count,6,22,32,0.7,32,32,0,1.0,32,32,0,1.0,"{""all_atoms_connected"":0,""bond_angles"":0,""bond_lengths"":0,""bonds"":0,""double_bond_stereochemistry"":0,""energy_ratio"":0,""file_loads"":0,""inchi_convertible"":0,""internal_steric_clash"":0,""molecular_formula"":0,""no_radicals"":0,""planar_aromatic_rings"":0,""planar_double_bonds"":0,""reference_file_loads"":0,""sanitisation"":0,""tetrahedral_chirality"":0}","{""all_atoms_connected"":0.0,""bond_angles"":0.0,""bond_lengths"":0.0,""bonds"":0.0,""double_bond_stereochemistry"":0.0,""energy_ratio"":0.0,""file_loads"":0.0,""inchi_convertible"":0.0,""internal_steric_clash"":0.0,""molecular_formula"":0.0,""no_radicals"":0.0,""planar_aromatic_rings"":0.0,""planar_double_bonds"":0.0,""reference_file_loads"":0.0,""sanitisation"":0.0,""tetrahedral_chirality"":0.0}",32,110.48913883688935,1.6393395584552124,2.3168879821713992,22.0,68.75,0.970486802180693,0.09375,20.08183963597452,0.0546875,0.6363636363636364,7.0,21.875,0.8812908500034621,0.3125,5.556191043006515,0.208984375,0.14285714285714285,2.0,6.25,0.5435644431995964,0.875,1.4575692649810903,0.78125,0.0,1.0,3.125,0.0,1.0,1.0,1.0,0.0,32,-17.369773740071935,45.96270326039477,-13.001577429889528,12.791319144822968,0.4635319521881062,1.7341853422139102,0.0,1.0,1.0,1.0,0.34288860490892087,1.7356598629966302,0.0,1.0,1.0,1.0,1000,0,0,0,0,0,32,0,0,0,0,32,32,32,core
4k18_4k18_conf0,generation,flowr_raw,fixed,,flowr_raw_fixed,FlowR,flowr_raw_fixed,5,29,920,0.7,920,920,0,1.0,1000,920,80,0.92,"{""all_atoms_connected"":0,""bond_angles"":70,""bond_lengths"":72,""bonds"":0,""double_bond_stereochemistry"":0,""file_loads"":0,""inchi_convertible"":0,""internal_steric_clash"":71,""molecular_formula"":0,""no_radicals"":0,""planar_aromatic_rings"":35,""planar_double_bonds"":0,""reference_file_loads"":0,""sanitisation"":0,""tetrahedral_chirality"":0}","{""all_atoms_connected"":0.0,""bond_angles"":0.07,""bond_lengths"":0.072,""bonds"":0.0,""double_bond_stereochemistry"":0.0,""file_loads"":0.0,""inchi_convertible"":0.0,""internal_steric_clash"":0.071,""molecular_formula"":0.0,""no_radicals"":0.0,""planar_aromatic_rings"":0.035,""planar_double_bonds"":0.0,""reference_file_loads"":0.0,""sanitisation"":0.0,""tetrahedral_chirality"":0.0}",920,112.18233025558585,2.1814246935311083,2.9922390828414858,476.0,51.73913043478261,0.9418442171570943,0.017391304347826087,332.57425296920934,0.004607750472589793,0.6764705882352942,108.0,11.73913043478261,0.8909350772200052,0.05326086956521739,64.8109743577851,0.020586011342155014,0.2037037037037037,11.0,1.1956521739130435,0.8967326640185107,0.2510869565217391,8.587185346586425,0.13681238185255196,0.0,2.0,0.21739130434782608,0.6738554280543052,0.8228260869565217,1.5953306041076571,0.7084333648393195,0.0,920,92.65245808526538,309.8888626428196,114.50102536408001,21.607688410400044,0.24375849620449574,2.22880499310321,1.0,1.0,1.0,1.0,0.2332194481129298,2.2089030910295016,1.0,1.0,1.0,1.0,1000,0,0,0,0,0,1000,0,0,0,0,920,1000,1000,core
4k18_4k18_conf0,generation,flowr_raw,dynamic,,flowr_raw_dynamic,FlowR,flowr_raw_dynamic,5,29,85,0.7,85,85,0,1.0,90,85,5,0.9444444444444444,"{""all_atoms_connected"":0,""bond_angles"":4,""bond_lengths"":4,""bonds"":0,""double_bond_stereochemistry"":0,""file_loads"":0,""inchi_convertible"":0,""internal_steric_clash"":4,""molecular_formula"":0,""no_radicals"":0,""planar_aromatic_rings"":4,""planar_double_bonds"":0,""reference_file_loads"":0,""sanitisation"":0,""tetrahedral_chirality"":0}","{""all_atoms_connected"":0.0,""bond_angles"":0.044444444444444446,""bond_lengths"":0.044444444444444446,""bonds"":0.0,""double_bond_stereochemistry"":0.0,""file_loads"":0.0,""inchi_convertible"":0.0,""internal_steric_clash"":0.044444444444444446,""molecular_formula"":0.0,""no_radicals"":0.0,""planar_aromatic_rings"":0.044444444444444446,""planar_double_bonds"":0.0,""reference_file_loads"":0.0,""sanitisation"":0.0,""tetrahedral_chirality"":0.0}",85,111.95308004045391,2.181271638559262,3.0405386714057676,69.0,81.17647058823529,0.9794096577918164,0.047058823529411764,63.23922786837244,0.017854671280276815,0.8405797101449275,38.0,44.705882352941174,0.9357153524750276,0.08235294117647059,30.076532472950657,0.04027681660899653,0.5263157894736842,6.0,7.0588235294117645,0.7857116619973438,0.43529411764705883,4.086979997798952,0.2935640138408304,0.0,3.0,3.5294117647058822,0.862447982495306,0.6,2.5792430177424452,0.4411072664359862,0.0,85,92.65245808526538,202.24707033937895,113.43607181568856,20.601097927063968,0.511285376026806,2.0801313811321607,0.0,0.0,1.0,1.0,0.4540588676174326,2.057321620083861,0.0,1.0,1.0,1.0,1000,0,0,0,0,0,90,0,0,0,0,85,90,90,core
4k18_4k18_conf0,generation,flowr_raw,chembl_count,,flowr_raw_chembl_count,FlowR,flowr_raw_chembl_count,5,29,100,0.7,100,100,0,1.0,109,100,9,0.9174311926605504,"{""all_atoms_connected"":0,""bond_angles"":9,""bond_lengths"":9,""bonds"":0,""double_bond_stereochemistry"":0,""file_loads"":0,""inchi_convertible"":0,""internal_steric_clash"":9,""molecular_formula"":0,""no_radicals"":0,""planar_aromatic_rings"":2,""planar_double_bonds"":0,""reference_file_loads"":0,""sanitisation"":0,""tetrahedral_chirality"":0}","{""all_atoms_connected"":0.0,""bond_angles"":0.08256880733944955,""bond_lengths"":0.08256880733944955,""bonds"":0.0,""double_bond_stereochemistry"":0.0,""file_loads"":0.0,""inchi_convertible"":0.0,""internal_steric_clash"":0.08256880733944955,""molecular_formula"":0.0,""no_radicals"":0.0,""planar_aromatic_rings"":0.01834862385321101,""planar_double_bonds"":0.0,""reference_file_loads"":0.0,""sanitisation"":0.0,""tetrahedral_chirality"":0.0}",100,110.6706015975879,2.266397007583376,3.161459278885255,88.0,88.0,0.9871313284524336,0.04,83.07297493566328,0.0132,0.8977272727272727,46.0,46.0,0.951334949688874,0.07,38.18032651706513,0.031200000000000006,0.41304347826086957,7.0,7.0,0.8522582762918364,0.35,5.250997347179451,0.22039999999999998,0.14285714285714285,2.0,2.0,0.9895875212220555,0.56,1.9856172048699803,0.5072000000000001,0.0,100,92.80170217201334,192.9097365315041,117.57120674553369,19.06258725797145,0.4346649669218532,2.1637054238445432,0.0,1.0,1.0,1.0,0.3968410610312156,2.140041848229835,0.0,1.0,1.0,1.0,1000,0,0,0,0,0,109,0,0,0,0,100,109,109,core
4k77_4k77_conf0,generation,flowr_raw,fixed,,flowr_raw_fixed,FlowR,flowr_raw_fixed,2,18,940,0.7,940,940,0,1.0,1000,940,60,0.94,"{""all_atoms_connected"":0,""bond_angles"":53,""bond_lengths"":55,""bonds"":0,""double_bond_stereochemistry"":0,""energy_ratio"":10,""file_loads"":0,""inchi_convertible"":0,""internal_steric_clash"":52,""molecular_formula"":0,""no_radicals"":0,""planar_aromatic_rings"":38,""planar_double_bonds"":0,""reference_file_loads"":0,""sanitisation"":0,""tetrahedral_chirality"":0}","{""all_atoms_connected"":0.0,""bond_angles"":0.053,""bond_lengths"":0.055,""bonds"":0.0,""double_bond_stereochemistry"":0.0,""energy_ratio"":0.01,""file_loads"":0.0,""inchi_convertible"":0.0,""internal_steric_clash"":0.052,""molecular_formula"":0.0,""no_radicals"":0.0,""planar_aromatic_rings"":0.038,""planar_double_bonds"":0.0,""reference_file_loads"":0.0,""sanitisation"":0.0,""tetrahedral_chirality"":0.0}",940,121.15937238048805,1.0136217071774785,1.3936830115019503,53.0,5.638297872340425,0.8138425523519415,0.0925531914893617,25.30982105767972,0.05360796740606609,0.18867924528301888,6.0,0.6382978723404256,0.9192043132569822,0.2648936170212766,5.191346124518166,0.20905613399728387,0.0,1.0,0.10638297872340426,0.0,1.0,1.0,1.0,0.0,1.0,0.10638297872340426,0.0,1.0,1.0,1.0,0.0,940,3.5363089068160107,62.4735208093913,11.425652903839536,5.766149907416513,0.14198642617292315,0.9020042676844899,1.0,1.0,1.0,1.0,0.11529567003347979,0.9327542882117014,1.0,1.0,1.0,1.0,1000,0,0,0,0,0,1000,0,0,0,0,940,1000,1000,core
4k77_4k77_conf0,generation,flowr_raw,dynamic,,flowr_raw_dynamic,FlowR,flowr_raw_dynamic,2,18,22,0.7,22,22,0,1.0,24,22,2,0.9166666666666666,"{""all_atoms_connected"":0,""bond_angles"":1,""bond_lengths"":1,""bonds"":0,""double_bond_stereochemistry"":0,""energy_ratio"":1,""file_loads"":0,""inchi_convertible"":0,""internal_steric_clash"":1,""molecular_formula"":0,""no_radicals"":0,""planar_aromatic_rings"":1,""planar_double_bonds"":0,""reference_file_loads"":0,""sanitisation"":0,""tetrahedral_chirality"":0}","{""all_atoms_connected"":0.0,""bond_angles"":0.041666666666666664,""bond_lengths"":0.041666666666666664,""bonds"":0.0,""double_bond_stereochemistry"":0.0,""energy_ratio"":0.041666666666666664,""file_loads"":0.0,""inchi_convertible"":0.0,""internal_steric_clash"":0.041666666666666664,""molecular_formula"":0.0,""no_radicals"":0.0,""planar_aromatic_rings"":0.041666666666666664,""planar_double_bonds"":0.0,""reference_file_loads"":0.0,""sanitisation"":0.0,""tetrahedral_chirality"":0.0}",22,114.64528269022128,0.9677856059367854,1.3771897841565253,13.0,59.09090909090909,0.8900172150845141,0.3181818181818182,9.804574710606968,0.14462809917355368,0.6923076923076923,5.0,22.727272727272727,0.8851116355332423,0.4090909090909091,4.1559133471678384,0.27272727272727276,0.2,1.0,4.545454545454546,0.0,1.0,1.0,1.0,0.0,1.0,4.545454545454546,0.0,1.0,1.0,1.0,0.0,22,3.6947078320296,20.99041862202733,11.34775476114006,3.867992059155134,0.30002255335326095,0.9210860341074849,0.0,1.0,1.0,1.0,0.27128061100858175,0.9472180899202478,0.0,1.0,1.0,1.0,1000,0,0,0,0,0,24,0,0,0,0,22,24,24,core
4k77_4k77_conf0,generation,flowr_raw,chembl_count,,flowr_raw_chembl_count,FlowR,flowr_raw_chembl_count,2,18,5,0.7,5,5,0,1.0,5,5,0,1.0,"{""all_atoms_connected"":0,""bond_angles"":0,""bond_lengths"":0,""bonds"":0,""double_bond_stereochemistry"":0,""energy_ratio"":0,""file_loads"":0,""inchi_convertible"":0,""internal_steric_clash"":0,""molecular_formula"":0,""no_radicals"":0,""planar_aromatic_rings"":0,""planar_double_bonds"":0,""reference_file_loads"":0,""sanitisation"":0,""tetrahedral_chirality"":0}","{""all_atoms_connected"":0.0,""bond_angles"":0.0,""bond_lengths"":0.0,""bonds"":0.0,""double_bond_stereochemistry"":0.0,""energy_ratio"":0.0,""file_loads"":0.0,""inchi_convertible"":0.0,""internal_steric_clash"":0.0,""molecular_formula"":0.0,""no_radicals"":0.0,""planar_aromatic_rings"":0.0,""planar_double_bonds"":0.0,""reference_file_loads"":0.0,""sanitisation"":0.0,""tetrahedral_chirality"":0.0}",5,111.17850050814933,1.0820798520664727,1.6397901112379547,4.0,80.0,0.9609640474436812,0.4,3.7892914162759954,0.28,0.75,3.0,60.0,0.8649735207179272,0.6,2.586409289858933,0.44000000000000006,0.6666666666666666,1.0,20.0,0.0,1.0,1.0,1.0,0.0,1.0,20.0,0.0,1.0,1.0,1.0,0.0,5,10.420289999802861,19.906618382498465,11.621796127771587,3.5340522496755975,0.7088253865382784,0.83144360497365,0.0,0.0,1.0,1.0,0.7538977426807427,0.840261823756882,0.0,0.0,0.0,1.0,1000,0,0,0,0,0,5,0,0,0,0,5,5,5,core
4kzq_4kzq_conf0,generation,flowr_raw,fixed,,flowr_raw_fixed,FlowR,flowr_raw_fixed,2,18,954,0.7,954,954,0,1.0,1000,954,46,0.954,"{""all_atoms_connected"":0,""bond_angles"":40,""bond_lengths"":41,""bonds"":0,""double_bond_stereochemistry"":0,""energy_ratio"":18,""file_loads"":0,""inchi_convertible"":0,""internal_steric_clash"":40,""molecular_formula"":0,""no_radicals"":0,""planar_aromatic_rings"":37,""planar_double_bonds"":0,""reference_file_loads"":0,""sanitisation"":0,""tetrahedral_chirality"":0}","{""all_atoms_connected"":0.0,""bond_angles"":0.04,""bond_lengths"":0.041,""bonds"":0.0,""double_bond_stereochemistry"":0.0,""energy_ratio"":0.018,""file_loads"":0.0,""inchi_convertible"":0.0,""internal_steric_clash"":0.04,""molecular_formula"":0.0,""no_radicals"":0.0,""planar_aromatic_rings"":0.037,""planar_double_bonds"":0.0,""reference_file_loads"":0.0,""sanitisation"":0.0,""tetrahedral_chirality"":0.0}",954,117.40180069071825,0.39028600621163034,0.7300217876771429,7.0,0.7337526205450734,0.3845137483093771,0.5020964360587002,2.113254561369709,0.4917461070896457,0.42857142857142855,3.0,0.31446540880503143,0.03836897122344351,0.9937106918238994,1.0430536608839867,0.9874829142658738,0.0,1.0,0.10482180293501048,0.0,1.0,1.0,1.0,0.0,1.0,0.10482180293501048,0.0,1.0,1.0,1.0,0.0,954,39.91865318798832,133.97293621965753,39.958393402697425,5.086929444243609,0.0784062063540635,0.3895164053575087,1.0,1.0,1.0,1.0,0.09110402110220493,0.3895718600460791,1.0,1.0,1.0,1.0,1000,0,0,0,0,0,1000,0,0,0,0,954,1000,1000,core
4kzq_4kzq_conf0,generation,flowr_raw,dynamic,,flowr_raw_dynamic,FlowR,flowr_raw_dynamic,2,18,22,0.7,22,22,0,1.0,24,22,2,0.9166666666666666,"{""all_atoms_connected"":0,""bond_angles"":2,""bond_lengths"":2,""bonds"":0,""double_bond_stereochemistry"":0,""energy_ratio"":1,""file_loads"":0,""inchi_convertible"":0,""internal_steric_clash"":2,""molecular_formula"":0,""no_radicals"":0,""planar_aromatic_rings"":1,""planar_double_bonds"":0,""reference_file_loads"":0,""sanitisation"":0,""tetrahedral_chirality"":0}","{""all_atoms_connected"":0.0,""bond_angles"":0.08333333333333333,""bond_lengths"":0.08333333333333333,""bonds"":0.0,""double_bond_stereochemistry"":0.0,""energy_ratio"":0.041666666666666664,""file_loads"":0.0,""inchi_convertible"":0.0,""internal_steric_clash"":0.08333333333333333,""molecular_formula"":0.0,""no_radicals"":0.0,""planar_aromatic_rings"":0.041666666666666664,""planar_double_bonds"":0.0,""reference_file_loads"":0.0,""sanitisation"":0.0,""tetrahedral_chirality"":0.0}",22,112.09901238234755,0.3932198414877043,0.7273835277502202,2.0,9.090909090909092,0.976020648236615,0.5909090909090909,1.967032300542503,0.5165289256198348,0.0,1.0,4.545454545454546,0.0,1.0,1.0,1.0,0.0,1.0,4.545454545454546,0.0,1.0,1.0,1.0,0.0,1.0,4.545454545454546,0.0,1.0,1.0,1.0,0.0,22,39.91866012263772,44.20312543722663,39.958395294091595,0.9781061719951389,0.12166394057241278,0.3934095536930934,1.0,1.0,1.0,1.0,0.1326850573181415,0.3940863382045117,1.0,1.0,1.0,1.0,1000,0,0,0,0,0,24,0,0,0,0,22,24,24,core
4kzq_4kzq_conf0,generation,flowr_raw,chembl_count,,flowr_raw_chembl_count,FlowR,flowr_raw_chembl_count,2,18,6,0.7,6,6,0,1.0,6,6,0,1.0,"{""all_atoms_connected"":0,""bond_angles"":0,""bond_lengths"":0,""bonds"":0,""double_bond_stereochemistry"":0,""energy_ratio"":0,""file_loads"":0,""inchi_convertible"":0,""internal_steric_clash"":0,""molecular_formula"":0,""no_radicals"":0,""planar_aromatic_rings"":0,""planar_double_bonds"":0,""reference_file_loads"":0,""sanitisation"":0,""tetrahedral_chirality"":0}","{""all_atoms_connected"":0.0,""bond_angles"":0.0,""bond_lengths"":0.0,""bonds"":0.0,""double_bond_stereochemistry"":0.0,""energy_ratio"":0.0,""file_loads"":0.0,""inchi_convertible"":0.0,""internal_steric_clash"":0.0,""molecular_formula"":0.0,""no_radicals"":0.0,""planar_aromatic_rings"":0.0,""planar_double_bonds"":0.0,""reference_file_loads"":0.0,""sanitisation"":0.0,""tetrahedral_chirality"":0.0}",6,86.24411879911243,0.4372363916350105,0.7273213816878717,2.0,33.333333333333336,0.9182958340544894,0.6666666666666666,1.8898815748423097,0.5555555555555556,0.0,1.0,16.666666666666668,0.0,1.0,1.0,1.0,0.0,1.0,16.666666666666668,0.0,1.0,1.0,1.0,0.0,1.0,16.666666666666668,0.0,1.0,1.0,1.0,0.0,6,39.918660138280174,45.581036760373884,39.958396570220266,2.0810686873732642,0.26336608452899984,0.3783254257515186,0.0,1.0,1.0,1.0,0.26482957991758266,0.37602526220557886,0.0,1.0,1.0,1.0,1000,0,0,0,0,0,6,0,0,0,0,6,6,6,core
4kzu_4kzu_conf0,generation,flowr_raw,fixed,,flowr_raw_fixed,FlowR,flowr_raw_fixed,1,18,928,0.7,928,928,0,1.0,1000,928,72,0.928,"{""all_atoms_connected"":0,""bond_angles"":67,""bond_lengths"":67,""bonds"":0,""double_bond_stereochemistry"":0,""energy_ratio"":20,""file_loads"":0,""inchi_convertible"":0,""internal_steric_clash"":67,""molecular_formula"":0,""no_radicals"":0,""planar_aromatic_rings"":57,""planar_double_bonds"":0,""reference_file_loads"":0,""sanitisation"":0,""tetrahedral_chirality"":0}","{""all_atoms_connected"":0.0,""bond_angles"":0.067,""bond_lengths"":0.067,""bonds"":0.0,""double_bond_stereochemistry"":0.0,""energy_ratio"":0.02,""file_loads"":0.0,""inchi_convertible"":0.0,""internal_steric_clash"":0.067,""molecular_formula"":0.0,""no_radicals"":0.0,""planar_aromatic_rings"":0.057,""planar_double_bonds"":0.0,""reference_file_loads"":0.0,""sanitisation"":0.0,""tetrahedral_chirality"":0.0}",928,103.18356905760723,0.38532127073724287,0.7270474198968898,4.0,0.43103448275862066,0.5269871406982399,0.5021551724137931,2.0762415280604096,0.4936436348097503,0.25,1.0,0.10775862068965517,0.0,1.0,1.0,1.0,0.0,1.0,0.10775862068965517,0.0,1.0,1.0,1.0,0.0,1.0,0.10775862068965517,0.0,1.0,1.0,1.0,0.0,928,50.360987448769535,98.37349388823895,50.36100191522408,3.1935103660521085,0.09813687649204753,0.4184292117780188,1.0,1.0,1.0,1.0,0.09060728761971963,0.38514569882893435,1.0,1.0,1.0,1.0,1000,0,0,0,0,0,1000,0,0,0,0,928,1000,1000,core
4kzu_4kzu_conf0,generation,flowr_raw,dynamic,,flowr_raw_dynamic,FlowR,flowr_raw_dynamic,1,18,2,0.7,2,2,0,1.0,2,2,0,1.0,"{""all_atoms_connected"":0,""bond_angles"":0,""bond_lengths"":0,""bonds"":0,""double_bond_stereochemistry"":0,""energy_ratio"":0,""file_loads"":0,""inchi_convertible"":0,""internal_steric_clash"":0,""molecular_formula"":0,""no_radicals"":0,""planar_aromatic_rings"":0,""planar_double_bonds"":0,""reference_file_loads"":0,""sanitisation"":0,""tetrahedral_chirality"":0}","{""all_atoms_connected"":0.0,""bond_angles"":0.0,""bond_lengths"":0.0,""bonds"":0.0,""double_bond_stereochemistry"":0.0,""energy_ratio"":0.0,""file_loads"":0.0,""inchi_convertible"":0.0,""internal_steric_clash"":0.0,""molecular_formula"":0.0,""no_radicals"":0.0,""planar_aromatic_rings"":0.0,""planar_double_bonds"":0.0,""reference_file_loads"":0.0,""sanitisation"":0.0,""tetrahedral_chirality"":0.0}",2,146.22688081912207,0.5583829919726553,0.5583829919726553,2.0,100.0,1.0,0.5,2.0,0.5,1.0,1.0,50.0,0.0,1.0,1.0,1.0,0.0,1.0,50.0,0.0,1.0,1.0,1.0,0.0,1.0,50.0,0.0,1.0,1.0,1.0,0.0,2,50.361019706815625,51.042674010921345,50.701846858868485,0.34082715205286007,0.28377692154215756,0.3012643455734735,0.0,1.0,1.0,1.0,0.22886450915899129,0.29418518159298057,1.0,1.0,1.0,1.0,1000,0,0,0,0,0,2,0,0,0,0,2,2,2,core
4kzu_4kzu_conf0,generation,flowr_raw,chembl_count,,flowr_raw_chembl_count,FlowR,flowr_raw_chembl_count,1,18,2,0.7,2,2,0,1.0,3,2,1,0.6666666666666666,"{""all_atoms_connected"":0,""bond_angles"":1,""bond_lengths"":1,""bonds"":0,""double_bond_stereochemistry"":0,""energy_ratio"":0,""file_loads"":0,""inchi_convertible"":0,""internal_steric_clash"":1,""molecular_formula"":0,""no_radicals"":0,""planar_aromatic_rings"":1,""planar_double_bonds"":0,""reference_file_loads"":0,""sanitisation"":0,""tetrahedral_chirality"":0}","{""all_atoms_connected"":0.0,""bond_angles"":0.3333333333333333,""bond_lengths"":0.3333333333333333,""bonds"":0.0,""double_bond_stereochemistry"":0.0,""energy_ratio"":0.0,""file_loads"":0.0,""inchi_convertible"":0.0,""internal_steric_clash"":0.3333333333333333,""molecular_formula"":0.0,""no_radicals"":0.0,""planar_aromatic_rings"":0.3333333333333333,""planar_double_bonds"":0.0,""reference_file_loads"":0.0,""sanitisation"":0.0,""tetrahedral_chirality"":0.0}",2,13.089543403117933,0.42272141080190145,0.42272141080190145,1.0,50.0,0.0,1.0,1.0,1.0,0.0,1.0,50.0,0.0,1.0,1.0,1.0,0.0,1.0,50.0,0.0,1.0,1.0,1.0,0.0,1.0,50.0,0.0,1.0,1.0,1.0,0.0,2,50.360994712531664,58.69333776215521,54.52716623734344,4.166171524811773,0.20798953062930495,0.26322633525429956,1.0,1.0,1.0,1.0,0.25208658596301453,0.30566170589505526,0.0,1.0,1.0,1.0,1000,0,0,0,0,0,3,0,0,0,0,2,3,3,core
4llx_4llx_conf0,generation,flowr_raw,fixed,,flowr_raw_fixed,FlowR,flowr_raw_fixed,1,9,1000,0.7,1000,1000,0,1.0,1000,1000,0,1.0,"{""all_atoms_connected"":0,""bond_angles"":0,""bond_lengths"":0,""bonds"":0,""double_bond_stereochemistry"":0,""energy_ratio"":0,""file_loads"":0,""inchi_convertible"":0,""internal_steric_clash"":0,""molecular_formula"":0,""no_radicals"":0,""planar_aromatic_rings"":0,""planar_double_bonds"":0,""reference_file_loads"":0,""sanitisation"":0,""tetrahedral_chirality"":0}","{""all_atoms_connected"":0.0,""bond_angles"":0.0,""bond_lengths"":0.0,""bonds"":0.0,""double_bond_stereochemistry"":0.0,""energy_ratio"":0.0,""file_loads"":0.0,""inchi_convertible"":0.0,""internal_steric_clash"":0.0,""molecular_formula"":0.0,""no_radicals"":0.0,""planar_aromatic_rings"":0.0,""planar_double_bonds"":0.0,""reference_file_loads"":0.0,""sanitisation"":0.0,""tetrahedral_chirality"":0.0}",1000,117.9298066449383,0.0012829168058111063,7.569010496012913e-05,1.0,0.1,0.0,1.0,1.0,1.0,0.0,1.0,0.1,0.0,1.0,1.0,1.0,0.0,1.0,0.1,0.0,1.0,1.0,1.0,0.0,1.0,0.1,0.0,1.0,1.0,1.0,0.0,1000,-88.02200626063598,-85.21128094162061,-87.91168591092142,0.0862684623840725,0.03938926640744241,0.03973496747871988,1.0,1.0,1.0,1.0,0.06159832330242969,0.062158229073412626,1.0,1.0,1.0,1.0,1000,0,0,0,0,0,1000,0,0,0,0,1000,1000,1000,core
4llx_4llx_conf0,generation,flowr_raw,dynamic,,flowr_raw_dynamic,FlowR,flowr_raw_dynamic,1,9,2,0.7,2,2,0,1.0,2,2,0,1.0,"{""all_atoms_connected"":0,""bond_angles"":0,""bond_lengths"":0,""bonds"":0,""double_bond_stereochemistry"":0,""energy_ratio"":0,""file_loads"":0,""inchi_convertible"":0,""internal_steric_clash"":0,""molecular_formula"":0,""no_radicals"":0,""planar_aromatic_rings"":0,""planar_double_bonds"":0,""reference_file_loads"":0,""sanitisation"":0,""tetrahedral_chirality"":0}","{""all_atoms_connected"":0.0,""bond_angles"":0.0,""bond_lengths"":0.0,""bonds"":0.0,""double_bond_stereochemistry"":0.0,""energy_ratio"":0.0,""file_loads"":0.0,""inchi_convertible"":0.0,""internal_steric_clash"":0.0,""molecular_formula"":0.0,""no_radicals"":0.0,""planar_aromatic_rings"":0.0,""planar_double_bonds"":0.0,""reference_file_loads"":0.0,""sanitisation"":0.0,""tetrahedral_chirality"":0.0}",2,60.153588471476205,5.0608926079310806e-05,5.0608926079310806e-05,1.0,50.0,0.0,1.0,1.0,1.0,0.0,1.0,50.0,0.0,1.0,1.0,1.0,0.0,1.0,50.0,0.0,1.0,1.0,1.0,0.0,1.0,50.0,0.0,1.0,1.0,1.0,0.0,2,-87.91146407068962,-87.91118825946825,-87.91132616507893,0.00013790561068560692,0.03972767891072479,0.03973363428856723,1.0,1.0,1.0,1.0,0.06214759410962833,0.062153610336929226,1.0,1.0,1.0,1.0,1000,0,0,0,0,0,2,0,0,0,0,2,2,2,core
4llx_4llx_conf0,generation,flowr_raw,chembl_count,,flowr_raw_chembl_count,FlowR,flowr_raw_chembl_count,1,9,1,0.7,1,1,0,1.0,1,1,0,1.0,"{""all_atoms_connected"":0,""bond_angles"":0,""bond_lengths"":0,""bonds"":0,""double_bond_stereochemistry"":0,""energy_ratio"":0,""file_loads"":0,""inchi_convertible"":0,""internal_steric_clash"":0,""molecular_formula"":0,""no_radicals"":0,""planar_aromatic_rings"":0,""planar_double_bonds"":0,""reference_file_loads"":0,""sanitisation"":0,""tetrahedral_chirality"":0}","{""all_atoms_connected"":0.0,""bond_angles"":0.0,""bond_lengths"":0.0,""bonds"":0.0,""double_bond_stereochemistry"":0.0,""energy_ratio"":0.0,""file_loads"":0.0,""inchi_convertible"":0.0,""internal_steric_clash"":0.0,""molecular_formula"":0.0,""no_radicals"":0.0,""planar_aromatic_rings"":0.0,""planar_double_bonds"":0.0,""reference_file_loads"":0.0,""sanitisation"":0.0,""tetrahedral_chirality"":0.0}",1,0.0,,,1.0,100.0,0.0,1.0,1.0,1.0,1.0,1.0,100.0,0.0,1.0,1.0,1.0,1.0,1.0,100.0,0.0,1.0,1.0,1.0,1.0,1.0,100.0,0.0,1.0,1.0,1.0,1.0,1,-87.91171990617923,-87.91171990617923,-87.91171990617923,0.0,0.039747987685949206,0.039747987685949206,1.0,1.0,1.0,1.0,0.06216945538513265,0.06216945538513265,1.0,1.0,1.0,1.0,1000,0,0,0,0,0,1,0,0,0,0,1,1,1,core
4lzs_4lzs_conf0,generation,flowr_raw,fixed,,flowr_raw_fixed,FlowR,flowr_raw_fixed,3,15,991,0.7,991,991,0,1.0,1000,991,9,0.991,"{""all_atoms_connected"":0,""bond_angles"":5,""bond_lengths"":6,""bonds"":0,""double_bond_stereochemistry"":0,""energy_ratio"":0,""file_loads"":0,""inchi_convertible"":0,""internal_steric_clash"":6,""molecular_formula"":0,""no_radicals"":0,""planar_aromatic_rings"":3,""planar_double_bonds"":0,""reference_file_loads"":0,""sanitisation"":0,""tetrahedral_chirality"":0}","{""all_atoms_connected"":0.0,""bond_angles"":0.005,""bond_lengths"":0.006,""bonds"":0.0,""double_bond_stereochemistry"":0.0,""energy_ratio"":0.0,""file_loads"":0.0,""inchi_convertible"":0.0,""internal_steric_clash"":0.006,""molecular_formula"":0.0,""no_radicals"":0.0,""planar_aromatic_rings"":0.003,""planar_double_bonds"":0.0,""reference_file_loads"":0.0,""sanitisation"":0.0,""tetrahedral_chirality"":0.0}",991,109.57500247232812,1.1152756302641487,1.5116303617808715,54.0,5.449041372351161,0.9084075904298786,0.04641775983854692,37.47310164005928,0.02969917959923876,0.16666666666666666,7.0,0.7063572149344097,0.9545539039028416,0.260343087790111,6.407544533361474,0.1697792748255999,0.0,1.0,0.10090817356205853,0.0,1.0,1.0,1.0,0.0,1.0,0.10090817356205853,0.0,1.0,1.0,1.0,0.0,991,-5.554928988916764,115.51359083377668,1.6058954539233419,5.764683312687878,0.13563117936576968,1.1321035002493582,1.0,1.0,1.0,1.0,0.13373433992598868,1.1311552041913617,1.0,1.0,1.0,1.0,1000,0,0,0,0,0,1000,0,0,0,0,991,1000,1000,core
4lzs_4lzs_conf0,generation,flowr_raw,dynamic,,flowr_raw_dynamic,FlowR,flowr_raw_dynamic,3,15,45,0.7,45,45,0,1.0,46,45,1,0.9782608695652174,"{""all_atoms_connected"":0,""bond_angles"":0,""bond_lengths"":1,""bonds"":0,""double_bond_stereochemistry"":0,""energy_ratio"":0,""file_loads"":0,""inchi_convertible"":0,""internal_steric_clash"":0,""molecular_formula"":0,""no_radicals"":0,""planar_aromatic_rings"":1,""planar_double_bonds"":0,""reference_file_loads"":0,""sanitisation"":0,""tetrahedral_chirality"":0}","{""all_atoms_connected"":0.0,""bond_angles"":0.0,""bond_lengths"":0.021739130434782608,""bonds"":0.0,""double_bond_stereochemistry"":0.0,""energy_ratio"":0.0,""file_loads"":0.0,""inchi_convertible"":0.0,""internal_steric_clash"":0.0,""molecular_formula"":0.0,""no_radicals"":0.0,""planar_aromatic_rings"":0.021739130434782608,""planar_double_bonds"":0.0,""reference_file_loads"":0.0,""sanitisation"":0.0,""tetrahedral_chirality"":0.0}",45,107.84984186584437,1.1362179320366623,1.505013643459439,30.0,66.66666666666667,0.9674541009362243,0.08888888888888889,26.856351689810243,0.041975308641975316,0.6333333333333333,4.0,8.88888888888889,0.9908150077923615,0.28888888888888886,3.949390480276763,0.25629629629629624,0.0,1.0,2.2222222222222223,0.0,1.0,1.0,1.0,0.0,1.0,2.2222222222222223,0.0,1.0,1.0,1.0,0.0,45,-5.178374533371845,10.248805973439408,2.5000317925439894,3.5500033148830386,0.1633800228576855,1.1854259641905744,1.0,1.0,1.0,1.0,0.16400721389602746,1.1755607929930827,1.0,1.0,1.0,1.0,1000,0,0,0,0,0,46,0,0,0,0,45,46,46,core
4lzs_4lzs_conf0,generation,flowr_raw,chembl_count,,flowr_raw_chembl_count,FlowR,flowr_raw_chembl_count,3,15,12,0.7,12,12,0,1.0,12,12,0,1.0,"{""all_atoms_connected"":0,""bond_angles"":0,""bond_lengths"":0,""bonds"":0,""double_bond_stereochemistry"":0,""energy_ratio"":0,""file_loads"":0,""inchi_convertible"":0,""internal_steric_clash"":0,""molecular_formula"":0,""no_radicals"":0,""planar_aromatic_rings"":0,""planar_double_bonds"":0,""reference_file_loads"":0,""sanitisation"":0,""tetrahedral_chirality"":0}","{""all_atoms_connected"":0.0,""bond_angles"":0.0,""bond_lengths"":0.0,""bonds"":0.0,""double_bond_stereochemistry"":0.0,""energy_ratio"":0.0,""file_loads"":0.0,""inchi_convertible"":0.0,""internal_steric_clash"":0.0,""molecular_formula"":0.0,""no_radicals"":0.0,""planar_aromatic_rings"":0.0,""planar_double_bonds"":0.0,""reference_file_loads"":0.0,""sanitisation"":0.0,""tetrahedral_chirality"":0.0}",12,99.09818592616091,1.1055377706121583,1.4757896646729929,9.0,75.0,0.9533522741071692,0.25,8.123239660131475,0.1388888888888889,0.7777777777777778,5.0,41.666666666666664,0.8848616689990428,0.4166666666666667,4.154241736156385,0.27777777777777773,0.4,1.0,8.333333333333334,0.0,1.0,1.0,1.0,0.0,1.0,8.333333333333334,0.0,1.0,1.0,1.0,0.0,12,-3.9778165949174413,4.007948039636613,-0.37719290922267845,2.602976062819007,0.5484699267744277,1.2238700048990518,0.0,0.0,1.0,1.0,0.5496439488169876,1.2468270625643099,0.0,0.0,1.0,1.0,1000,0,0,0,0,0,12,0,0,0,0,12,12,12,core
4mgd_4mgd_conf0,generation,flowr_raw,fixed,,flowr_raw_fixed,FlowR,flowr_raw_fixed,4,19,976,0.7,976,976,0,1.0,1000,976,24,0.976,"{""all_atoms_connected"":0,""bond_angles"":24,""bond_lengths"":24,""bonds"":0,""double_bond_stereochemistry"":0,""file_loads"":0,""inchi_convertible"":0,""internal_steric_clash"":24,""molecular_formula"":0,""no_radicals"":0,""planar_aromatic_rings"":1,""planar_double_bonds"":0,""reference_file_loads"":0,""sanitisation"":0,""tetrahedral_chirality"":0}","{""all_atoms_connected"":0.0,""bond_angles"":0.024,""bond_lengths"":0.024,""bonds"":0.0,""double_bond_stereochemistry"":0.0,""file_loads"":0.0,""inchi_convertible"":0.0,""internal_steric_clash"":0.024,""molecular_formula"":0.0,""no_radicals"":0.0,""planar_aromatic_rings"":0.001,""planar_double_bonds"":0.0,""reference_file_loads"":0.0,""sanitisation"":0.0,""tetrahedral_chirality"":0.0}",976,114.43622624730196,0.37526961482358556,0.6860489566245117,7.0,0.7172131147540983,0.386454527575574,0.5133196721311475,2.1212505298700455,0.4914862436173071,0.42857142857142855,1.0,0.10245901639344263,0.0,1.0,1.0,1.0,0.0,1.0,0.10245901639344263,0.0,1.0,1.0,1.0,0.0,1.0,0.10245901639344263,0.0,1.0,1.0,1.0,0.0,976,68.4431574790996,156.04327973880413,68.72325478589326,5.125941672776549,0.2321511581099345,0.36948899889331466,1.0,1.0,1.0,1.0,0.18597220013894522,0.36406616909879674,1.0,1.0,1.0,1.0,1000,0,0,0,0,0,1000,0,0,0,0,976,1000,1000,core
4mgd_4mgd_conf0,generation,flowr_raw,dynamic,,flowr_raw_dynamic,FlowR,flowr_raw_dynamic,4,19,67,0.7,67,67,0,1.0,68,67,1,0.9852941176470588,"{""all_atoms_connected"":0,""bond_angles"":1,""bond_lengths"":1,""bonds"":0,""double_bond_stereochemistry"":0,""file_loads"":0,""inchi_convertible"":0,""internal_steric_clash"":1,""molecular_formula"":0,""no_radicals"":0,""planar_aromatic_rings"":0,""planar_double_bonds"":0,""reference_file_loads"":0,""sanitisation"":0,""tetrahedral_chirality"":0}","{""all_atoms_connected"":0.0,""bond_angles"":0.014705882352941176,""bond_lengths"":0.014705882352941176,""bonds"":0.0,""double_bond_stereochemistry"":0.0,""file_loads"":0.0,""inchi_convertible"":0.0,""internal_steric_clash"":0.014705882352941176,""molecular_formula"":0.0,""no_radicals"":0.0,""planar_aromatic_rings"":0.0,""planar_double_bonds"":0.0,""reference_file_loads"":0.0,""sanitisation"":0.0,""tetrahedral_chirality"":0.0}",67,108.55790363785482,0.3641373291002693,0.685331993559061,3.0,4.477611940298507,0.6855169706856861,0.5522388059701493,2.123609782085338,0.49253731343283585,0.3333333333333333,1.0,1.492537313432836,0.0,1.0,1.0,1.0,0.0,1.0,1.492537313432836,0.0,1.0,1.0,1.0,0.0,1.0,1.492537313432836,0.0,1.0,1.0,1.0,0.0,67,68.4431574790996,73.68935390200896,68.7232521392035,0.7589401308631799,0.25475548731852277,0.2812088477231774,0.0,1.0,1.0,1.0,0.25929474429838145,0.2869887053467244,0.0,1.0,1.0,1.0,1000,0,0,0,0,0,68,0,0,0,0,67,68,68,core
4mgd_4mgd_conf0,generation,flowr_raw,chembl_count,,flowr_raw_chembl_count,FlowR,flowr_raw_chembl_count,4,19,24,0.7,24,24,0,1.0,24,24,0,1.0,"{""all_atoms_connected"":0,""bond_angles"":0,""bond_lengths"":0,""bonds"":0,""double_bond_stereochemistry"":0,""file_loads"":0,""inchi_convertible"":0,""internal_steric_clash"":0,""molecular_formula"":0,""no_radicals"":0,""planar_aromatic_rings"":0,""planar_double_bonds"":0,""reference_file_loads"":0,""sanitisation"":0,""tetrahedral_chirality"":0}","{""all_atoms_connected"":0.0,""bond_angles"":0.0,""bond_lengths"":0.0,""bonds"":0.0,""double_bond_stereochemistry"":0.0,""file_loads"":0.0,""inchi_convertible"":0.0,""internal_steric_clash"":0.0,""molecular_formula"":0.0,""no_radicals"":0.0,""planar_aromatic_rings"":0.0,""planar_double_bonds"":0.0,""reference_file_loads"":0.0,""sanitisation"":0.0,""tetrahedral_chirality"":0.0}",24,117.47602114808956,0.3549019145042391,0.6850017211922751,2.0,8.333333333333334,0.954434002924965,0.625,1.9378192408783848,0.53125,0.0,1.0,4.166666666666667,0.0,1.0,1.0,1.0,0.0,1.0,4.166666666666667,0.0,1.0,1.0,1.0,0.0,1.0,4.166666666666667,0.0,1.0,1.0,1.0,0.0,24,68.44316014993197,69.43901236458461,68.72325724400017,0.24187752099397988,0.26747219261238747,0.8105715001001987,0.0,1.0,1.0,1.0,0.2801545361832827,0.7735683272329357,0.0,1.0,1.0,1.0,1000,0,0,0,0,0,24,0,0,0,0,24,24,24,core
4ogj_4ogj_conf0,generation,flowr_raw,fixed,,flowr_raw_fixed,FlowR,flowr_raw_fixed,10,37,794,0.7,794,794,0,1.0,1000,794,206,0.794,"{""all_atoms_connected"":0,""bond_angles"":129,""bond_lengths"":126,""bonds"":0,""double_bond_stereochemistry"":0,""energy_ratio"":7,""file_loads"":0,""inchi_convertible"":0,""internal_steric_clash"":138,""molecular_formula"":0,""no_radicals"":0,""planar_aromatic_rings"":128,""planar_double_bonds"":0,""reference_file_loads"":0,""sanitisation"":0,""tetrahedral_chirality"":0}","{""all_atoms_connected"":0.0,""bond_angles"":0.129,""bond_lengths"":0.126,""bonds"":0.0,""double_bond_stereochemistry"":0.0,""energy_ratio"":0.007,""file_loads"":0.0,""inchi_convertible"":0.0,""internal_steric_clash"":0.138,""molecular_formula"":0.0,""no_radicals"":0.0,""planar_aromatic_rings"":0.128,""planar_double_bonds"":0.0,""reference_file_loads"":0.0,""sanitisation"":0.0,""tetrahedral_chirality"":0.0}",794,108.76883261292214,3.064308654097233,3.872341573013769,794.0,100.0,0.9999999999999998,0.0012594458438287153,793.999999999999,0.0012594458438287155,1.0,764.0,96.22166246851386,0.9978124482232285,0.003778337531486146,752.9852041503409,0.001357790481508036,0.9620418848167539,84.0,10.57934508816121,0.9273541252176118,0.04785894206549118,60.881919146677916,0.020417615745293733,0.08333333333333333,9.0,1.1335012594458438,0.9229645075150057,0.22418136020151133,7.598571734201764,0.14907778109118133,0.0,794,-84.57101920296665,389.53021425906167,-36.89442177990695,62.688040983514355,1.0498659269733865,3.2472812274690335,0.0,0.0,0.0,1.0,0.9727467614285313,3.26870169977411,0.0,0.0,0.0,1.0,1000,0,0,0,0,0,1000,0,0,0,0,794,1000,1000,core
4ogj_4ogj_conf0,generation,flowr_raw,dynamic,,flowr_raw_dynamic,FlowR,flowr_raw_dynamic,10,37,159,0.7,159,159,0,1.0,200,159,41,0.795,"{""all_atoms_connected"":0,""bond_angles"":28,""bond_lengths"":27,""bonds"":0,""double_bond_stereochemistry"":0,""energy_ratio"":2,""file_loads"":0,""inchi_convertible"":0,""internal_steric_clash"":28,""molecular_formula"":0,""no_radicals"":0,""planar_aromatic_rings"":20,""planar_double_bonds"":0,""reference_file_loads"":0,""sanitisation"":0,""tetrahedral_chirality"":0}","{""all_atoms_connected"":0.0,""bond_angles"":0.14,""bond_lengths"":0.135,""bonds"":0.0,""double_bond_stereochemistry"":0.0,""energy_ratio"":0.01,""file_loads"":0.0,""inchi_convertible"":0.0,""internal_steric_clash"":0.14,""molecular_formula"":0.0,""no_radicals"":0.0,""planar_aromatic_rings"":0.1,""planar_double_bonds"":0.0,""reference_file_loads"":0.0,""sanitisation"":0.0,""tetrahedral_chirality"":0.0}",159,109.58508527701564,3.1069221568466667,3.934042395219489,159.0,100.0,1.0,0.006289308176100629,159.0,0.006289308176100629,1.0,157.0,98.74213836477988,0.9990547793299986,0.012578616352201259,156.2514451135536,0.006447529765436494,0.9872611464968153,48.0,30.18867924528302,0.9333853485932239,0.06289308176100629,37.08906955483988,0.03287053518452593,0.3125,6.0,3.7735849056603774,0.8520325519366265,0.3710691823899371,4.602673788608594,0.2484474506546418,0.0,159,-73.13244933826773,389.53021425906167,-33.165384410078616,65.09022926505948,1.1980200428885435,3.26050451908347,0.0,0.0,0.0,1.0,1.2703199122760753,3.2929226212144562,0.0,0.0,0.0,1.0,1000,0,0,0,0,0,200,0,0,0,0,159,200,200,core
4ogj_4ogj_conf0,generation,flowr_raw,chembl_count,,flowr_raw_chembl_count,FlowR,flowr_raw_chembl_count,10,37,42,0.7,42,42,0,1.0,54,42,12,0.7777777777777778,"{""all_atoms_connected"":0,""bond_angles"":6,""bond_lengths"":8,""bonds"":0,""double_bond_stereochemistry"":0,""energy_ratio"":0,""file_loads"":0,""inchi_convertible"":0,""internal_steric_clash"":7,""molecular_formula"":0,""no_radicals"":0,""planar_aromatic_rings"":8,""planar_double_bonds"":0,""reference_file_loads"":0,""sanitisation"":0,""tetrahedral_chirality"":0}","{""all_atoms_connected"":0.0,""bond_angles"":0.1111111111111111,""bond_lengths"":0.14814814814814814,""bonds"":0.0,""double_bond_stereochemistry"":0.0,""energy_ratio"":0.0,""file_loads"":0.0,""inchi_convertible"":0.0,""internal_steric_clash"":0.12962962962962962,""molecular_formula"":0.0,""no_radicals"":0.0,""planar_aromatic_rings"":0.14814814814814814,""planar_double_bonds"":0.0,""reference_file_loads"":0.0,""sanitisation"":0.0,""tetrahedral_chirality"":0.0}",42,110.17125795202487,3.107185182192565,3.7991875505913844,42.0,100.0,0.9999999999999999,0.023809523809523808,41.999999999999986,0.023809523809523805,1.0,41.0,97.61904761904762,0.997600839068423,0.047619047619047616,40.636334698003445,0.024943310657596366,0.975609756097561,22.0,52.38095238095238,0.9448543259189217,0.09523809523809523,18.552134200113958,0.062358276643990934,0.5454545454545454,5.0,11.904761904761905,0.8360034738788238,0.4523809523809524,3.840089546724284,0.3027210884353742,0.2,42,-71.09467149773161,268.1363896630643,-38.72417685768763,63.03914342195851,1.1816814785242975,3.2972334818343434,0.0,0.0,0.0,1.0,1.2067002188639604,3.369376822349226,0.0,0.0,0.0,1.0,1000,0,0,0,0,0,54,0,0,0,0,42,54,54,core
5c28_5c28_conf0,generation,flowr_raw,fixed,,flowr_raw_fixed,FlowR,flowr_raw_fixed,2,12,999,0.7,999,999,0,1.0,1000,999,1,0.999,"{""all_atoms_connected"":0,""bond_angles"":1,""bond_lengths"":1,""bonds"":0,""double_bond_stereochemistry"":0,""file_loads"":0,""inchi_convertible"":0,""internal_steric_clash"":1,""molecular_formula"":0,""no_radicals"":0,""planar_aromatic_rings"":1,""planar_double_bonds"":0,""reference_file_loads"":0,""sanitisation"":0,""tetrahedral_chirality"":0}","{""all_atoms_connected"":0.0,""bond_angles"":0.001,""bond_lengths"":0.001,""bonds"":0.0,""double_bond_stereochemistry"":0.0,""file_loads"":0.0,""inchi_convertible"":0.0,""internal_steric_clash"":0.001,""molecular_formula"":0.0,""no_radicals"":0.0,""planar_aromatic_rings"":0.001,""planar_double_bonds"":0.0,""reference_file_loads"":0.0,""sanitisation"":0.0,""tetrahedral_chirality"":0.0}",999,111.83995138469982,0.3036559770877851,0.5680706080405933,4.0,0.4004004004004004,0.5935752904319197,0.4954954954954955,2.2770257096252435,0.47205463721980234,0.0,1.0,0.1001001001001001,0.0,1.0,1.0,1.0,0.0,1.0,0.1001001001001001,0.0,1.0,1.0,1.0,0.0,1.0,0.1001001001001001,0.0,1.0,1.0,1.0,0.0,999,-60.30513403148713,-18.14300098284025,-60.1400618602462,4.058657482934107,0.04310955443992397,0.5934362930267769,1.0,1.0,1.0,1.0,0.06201818554549017,0.5777045964682553,1.0,1.0,1.0,1.0,1000,0,0,0,0,0,1000,0,0,0,0,999,1000,1000,core
5c28_5c28_conf0,generation,flowr_raw,dynamic,,flowr_raw_dynamic,FlowR,flowr_raw_dynamic,2,12,24,0.7,24,24,0,1.0,24,24,0,1.0,"{""all_atoms_connected"":0,""bond_angles"":0,""bond_lengths"":0,""bonds"":0,""double_bond_stereochemistry"":0,""file_loads"":0,""inchi_convertible"":0,""internal_steric_clash"":0,""molecular_formula"":0,""no_radicals"":0,""planar_aromatic_rings"":0,""planar_double_bonds"":0,""reference_file_loads"":0,""sanitisation"":0,""tetrahedral_chirality"":0}","{""all_atoms_connected"":0.0,""bond_angles"":0.0,""bond_lengths"":0.0,""bonds"":0.0,""double_bond_stereochemistry"":0.0,""file_loads"":0.0,""inchi_convertible"":0.0,""internal_steric_clash"":0.0,""molecular_formula"":0.0,""no_radicals"":0.0,""planar_aromatic_rings"":0.0,""planar_double_bonds"":0.0,""reference_file_loads"":0.0,""sanitisation"":0.0,""tetrahedral_chirality"":0.0}",24,109.89224091515176,0.3074487568455986,0.5680722505300362,2.0,8.333333333333334,0.99498482818597,0.5416666666666666,1.9930595659329764,0.5034722222222221,0.0,1.0,4.166666666666667,0.0,1.0,1.0,1.0,0.0,1.0,4.166666666666667,0.0,1.0,1.0,1.0,0.0,1.0,4.166666666666667,0.0,1.0,1.0,1.0,0.0,24,-60.14683199109439,-48.76916638591525,-60.14145771095731,4.231346004673293,0.43224631580109935,0.5669987859226727,0.0,1.0,1.0,1.0,0.4447495459626436,0.5551647434084666,0.0,1.0,1.0,1.0,1000,0,0,0,0,0,24,0,0,0,0,24,24,24,core
5c28_5c28_conf0,generation,flowr_raw,chembl_count,,flowr_raw_chembl_count,FlowR,flowr_raw_chembl_count,2,12,2,0.7,2,2,0,1.0,2,2,0,1.0,"{""all_atoms_connected"":0,""bond_angles"":0,""bond_lengths"":0,""bonds"":0,""double_bond_stereochemistry"":0,""file_loads"":0,""inchi_convertible"":0,""internal_steric_clash"":0,""molecular_formula"":0,""no_radicals"":0,""planar_aromatic_rings"":0,""planar_double_bonds"":0,""reference_file_loads"":0,""sanitisation"":0,""tetrahedral_chirality"":0}","{""all_atoms_connected"":0.0,""bond_angles"":0.0,""bond_lengths"":0.0,""bonds"":0.0,""double_bond_stereochemistry"":0.0,""file_loads"":0.0,""inchi_convertible"":0.0,""internal_steric_clash"":0.0,""molecular_formula"":0.0,""no_radicals"":0.0,""planar_aromatic_rings"":0.0,""planar_double_bonds"":0.0,""reference_file_loads"":0.0,""sanitisation"":0.0,""tetrahedral_chirality"":0.0}",2,70.48576506207576,0.5571419802759066,0.5571419802759066,2.0,100.0,1.0,0.5,2.0,0.5,1.0,1.0,50.0,0.0,1.0,1.0,1.0,0.0,1.0,50.0,0.0,1.0,1.0,1.0,0.0,1.0,50.0,0.0,1.0,1.0,1.0,0.0,2,-60.14451226400644,-60.13889705056688,-60.14170465728666,0.0028076067197773114,0.5290459686764015,0.5641607753142815,0.0,0.0,1.0,1.0,0.5024470960579718,0.5523135644313776,0.0,0.0,1.0,1.0,1000,0,0,0,0,0,2,0,0,0,0,2,2,2,core
5c2h_5c2h_conf0,generation,flowr_raw,fixed,,flowr_raw_fixed,FlowR,flowr_raw_fixed,8,31,880,0.7,880,880,0,1.0,1000,880,120,0.88,"{""all_atoms_connected"":0,""bond_angles"":86,""bond_lengths"":82,""bonds"":0,""double_bond_stereochemistry"":0,""energy_ratio"":3,""file_loads"":0,""inchi_convertible"":0,""internal_steric_clash"":92,""molecular_formula"":0,""no_radicals"":0,""planar_aromatic_rings"":77,""planar_double_bonds"":0,""reference_file_loads"":0,""sanitisation"":0,""tetrahedral_chirality"":0}","{""all_atoms_connected"":0.0,""bond_angles"":0.086,""bond_lengths"":0.082,""bonds"":0.0,""double_bond_stereochemistry"":0.0,""energy_ratio"":0.003,""file_loads"":0.0,""inchi_convertible"":0.0,""internal_steric_clash"":0.092,""molecular_formula"":0.0,""no_radicals"":0.0,""planar_aromatic_rings"":0.077,""planar_double_bonds"":0.0,""reference_file_loads"":0.0,""sanitisation"":0.0,""tetrahedral_chirality"":0.0}",880,104.34944097102706,2.811993350632976,3.5910286731094474,876.0,99.54545454545455,0.99974237237578,0.0022727272727272726,874.4722569350156,0.001146694214876033,0.9954337899543378,685.0,77.8409090909091,0.9862996848800137,0.006818181818181818,626.3840883586423,0.0018001033057851237,0.781021897810219,39.0,4.431818181818182,0.9506115881064388,0.07613636363636364,32.54501326302722,0.03487086776859504,0.0,3.0,0.3409090909090909,0.9613167934197949,0.42954545454545456,2.8751775893606406,0.35987345041322316,0.0,880,-61.0085874336946,179.42139471993488,-48.526442394744464,24.744318199703088,1.2002672060008996,2.8464465635572544,0.0,0.0,0.0,1.0,1.210077991651593,2.914980099252688,0.0,0.0,0.0,1.0,1000,0,0,0,0,0,1000,0,0,0,0,880,1000,1000,core
5c2h_5c2h_conf0,generation,flowr_raw,dynamic,,flowr_raw_dynamic,FlowR,flowr_raw_dynamic,8,31,135,0.7,135,135,0,1.0,156,135,21,0.8653846153846154,"{""all_atoms_connected"":0,""bond_angles"":17,""bond_lengths"":16,""bonds"":0,""double_bond_stereochemistry"":0,""energy_ratio"":1,""file_loads"":0,""inchi_convertible"":0,""internal_steric_clash"":17,""molecular_formula"":0,""no_radicals"":0,""planar_aromatic_rings"":11,""planar_double_bonds"":0,""reference_file_loads"":0,""sanitisation"":0,""tetrahedral_chirality"":0}","{""all_atoms_connected"":0.0,""bond_angles"":0.10897435897435898,""bond_lengths"":0.10256410256410256,""bonds"":0.0,""double_bond_stereochemistry"":0.0,""energy_ratio"":0.00641025641025641,""file_loads"":0.0,""inchi_convertible"":0.0,""internal_steric_clash"":0.10897435897435898,""molecular_formula"":0.0,""no_radicals"":0.0,""planar_aromatic_rings"":0.07051282051282051,""planar_double_bonds"":0.0,""reference_file_loads"":0.0,""sanitisation"":0.0,""tetrahedral_chirality"":0.0}",135,102.38244328182728,2.796614717346936,3.5739003734290478,135.0,100.0,1.0000000000000002,0.007407407407407408,135.00000000000014,0.007407407407407407,1.0,131.0,97.03703703703704,0.9977441050051434,0.014814814814814815,129.56716430348396,0.00784636488340192,0.9694656488549618,25.0,18.51851851851852,0.9487908098437859,0.08148148148148149,21.200818738298054,0.05272976680384088,0.04,4.0,2.962962962962963,0.9063714712444819,0.4074074074074074,3.5130958583694407,0.3120438957475994,0.0,135,-58.08997578139417,69.7353681339321,-46.91957211543253,21.339218976740977,1.4682870925790847,2.806089867015795,0.0,0.0,0.0,1.0,1.5216656548248764,2.8675975970920127,0.0,0.0,0.0,1.0,1000,0,0,0,0,0,156,0,0,0,0,135,156,156,core
5c2h_5c2h_conf0,generation,flowr_raw,chembl_count,,flowr_raw_chembl_count,FlowR,flowr_raw_chembl_count,8,31,75,0.7,75,75,0,1.0,85,75,10,0.8823529411764706,"{""all_atoms_connected"":0,""bond_angles"":8,""bond_lengths"":8,""bonds"":0,""double_bond_stereochemistry"":0,""energy_ratio"":0,""file_loads"":0,""inchi_convertible"":0,""internal_steric_clash"":9,""molecular_formula"":0,""no_radicals"":0,""planar_aromatic_rings"":3,""planar_double_bonds"":0,""reference_file_loads"":0,""sanitisation"":0,""tetrahedral_chirality"":0}","{""all_atoms_connected"":0.0,""bond_angles"":0.09411764705882353,""bond_lengths"":0.09411764705882353,""bonds"":0.0,""double_bond_stereochemistry"":0.0,""energy_ratio"":0.0,""file_loads"":0.0,""inchi_convertible"":0.0,""internal_steric_clash"":0.10588235294117647,""molecular_formula"":0.0,""no_radicals"":0.0,""planar_aromatic_rings"":0.03529411764705882,""planar_double_bonds"":0.0,""reference_file_loads"":0.0,""sanitisation"":0.0,""tetrahedral_chirality"":0.0}",75,103.59986416323245,2.7779730442637565,3.5591336180174364,75.0,100.0,0.9999999999999998,0.013333333333333334,74.99999999999991,0.013333333333333338,1.0,72.0,96.0,0.9965791624790418,0.02666666666666667,70.95432350441965,0.014400000000000003,0.9583333333333334,20.0,26.666666666666668,0.9428128415103518,0.14666666666666667,16.851081812061413,0.06844444444444445,0.2,3.0,4.0,0.8883491067494108,0.52,2.6536903211956218,0.4083555555555556,0.0,75,-58.08997578139417,6.986465051217365,-48.47481863473155,11.953819444243601,1.3366997181036484,2.9530810680495594,0.0,0.0,0.0,1.0,1.3324916374774767,3.008220907169732,0.0,0.0,0.0,1.0,1000,0,0,0,0,0,85,0,0,0,0,75,85,85,core
