run_id,run_label,ligand_set,row_type,family,tier,variant,method,display_label,source,ligands,total_confs,mean_confs_per_ligand,generated_ligands,selected_ligands,kept_ligands,selected_pool_total,kept_confs_total,pb_fail_total,target_confs_mean,pb_fail_rate_mean,kept_vs_target_rate_mean,generated_candidates_total,finite_rejected_total,clash_rejected_total,bond_rejected_total,stereo_rejected_total,rmsd_rejected_total,pre_clash_passed_total,minimization_input_confs_total,minimization_failed_total,pairwise_mean,pairwise_p90,mean_torsion_std_deg,energy_min,energy_max,energy_median,energy_std,casf_best_rmsd,casf_median_rmsd,casf_opt_best_rmsd,casf_opt_median_rmsd,total_clusters_0p5,mean_clusters_0p5,clusters_per_100_0p5,cluster_entropy_0p5,largest_cluster_fraction_0p5,effective_clusters_0p5,simpson_concentration_0p5,singleton_fraction_0p5,total_clusters_1p0,mean_clusters_1p0,clusters_per_100_1p0,cluster_entropy_1p0,largest_cluster_fraction_1p0,effective_clusters_1p0,simpson_concentration_1p0,singleton_fraction_1p0,total_clusters_2p0,mean_clusters_2p0,clusters_per_100_2p0,cluster_entropy_2p0,largest_cluster_fraction_2p0,effective_clusters_2p0,simpson_concentration_2p0,singleton_fraction_2p0,total_clusters_3p0,mean_clusters_3p0,clusters_per_100_3p0,cluster_entropy_3p0,largest_cluster_fraction_3p0,effective_clusters_3p0,simpson_concentration_3p0,singleton_fraction_3p0,casf_hit_0p25,casf_hit_0p5,casf_hit_0p75,casf_hit_2p0,casf_opt_hit_0p25,casf_opt_hit_0p5,casf_opt_hit_0p75,casf_opt_hit_2p0,clash_fail_total,clash_fail_rate,pb_fail_rate,ligands_scope
flowr_raw_core,FlowR (core),core,generation,flowr_raw,fixed,,flowr_raw_fixed,FlowR,flowr_raw_fixed,94,86482.0,920.0212765957447,94.0,94.0,94.0,93663.0,86482.0,7181.0,1000.0,0.07655884016684458,0.9200212765957447,93663.0,0.0,0.0,0.0,0.0,0.0,93663.0,0.0,0.0,1.4420915665969833,2.0214438284807335,107.32455110951193,24.793774882843767,255.6827435104373,35.241045129618435,18.44454317841559,0.4142003094078614,1.4700819283451003,0.456816149940081,1.4927157888709082,28021.0,298.09574468085106,34.65416431468241,0.7703066371822608,0.2042067386572863,254.3883482855259,0.17543070503697197,0.517524804391626,10750.0,114.36170212765957,14.267519035175258,0.7050184424903994,0.3245286368271204,91.86957349621767,0.2869706085346421,0.24262649616390128,857.0,9.117021276595745,1.1920958978255212,0.4936705605117911,0.619211926724479,6.814118471435508,0.576786380612403,0.02124021385343234,173.0,1.8404255319148937,0.21992683419955933,0.32112268600590704,0.8439800868133235,1.6434103105688131,0.8114243818826543,0.0,0.39361702127659576,0.723404255319149,0.8617021276595744,1.0,0.35106382978723405,0.7446808510638298,0.851063829787234,0.9893617021276596,,,,94/920
flowr_raw_core,FlowR (core),core,generation,flowr_raw,dynamic,,flowr_raw_dynamic,FlowR,flowr_raw_dynamic,94,6719.0,71.47872340425532,94.0,94.0,94.0,7514.0,6719.0,795.0,79.93617021276596,0.08308037079307119,0.9169196292069288,93663.0,0.0,0.0,0.0,0.0,0.0,7514.0,0.0,0.0,1.4286491312545584,1.992110349206755,102.80799592551921,25.679286119430763,136.606726247673,35.35013962666833,17.206282859199725,0.5910739332484441,1.460881294408713,0.6332739537694404,1.4837468505064495,4697.0,49.96808510638298,57.81398766098717,0.8478874721772437,0.26527131324540165,47.292451893867906,0.21947146657426678,0.581763188045936,2733.0,29.074468085106382,34.222712385834264,0.7443071258804659,0.38101713447327484,25.680218765520024,0.3334225548376222,0.3174343272644014,517.0,5.5,10.518902425796394,0.4898555443592527,0.6647042334628626,4.520722709062872,0.6209023780390203,0.05141626098147837,145.0,1.5425531914893618,6.542876482972462,0.24430093952787663,0.8780755221001926,1.4323844938164054,0.8553152897869294,0.02127659574468085,0.22340425531914893,0.5319148936170213,0.723404255319149,1.0,0.1595744680851064,0.46808510638297873,0.7340425531914894,0.9893617021276596,,,,94/71
flowr_raw_core,FlowR (core),core,generation,flowr_raw,chembl_count,,flowr_raw_chembl_count,FlowR,flowr_raw_chembl_count,94,6831.0,72.67021276595744,94.0,94.0,94.0,7629.0,6831.0,798.0,81.15957446808511,0.07072725692986048,0.9292727430701395,93663.0,0.0,0.0,0.0,0.0,0.0,7629.0,0.0,0.0,1.54838004976707,2.11532294709013,90.00061490984132,25.835720850701755,125.06509771686582,35.701691841924585,15.011887183436485,0.6371202812804084,1.4533602629331197,0.6707077978666829,1.4804631841070999,5084.0,54.08510638297872,72.72581572058958,0.8494959930831794,0.28968418201731566,50.84568239740523,0.2522412803664122,0.703334275464066,2739.0,29.138297872340427,47.07981016950406,0.6872287833443799,0.4242189805093426,25.38928385174936,0.37738920186980385,0.4180973952656765,468.0,4.9787234042553195,21.902176148803466,0.47663764410549386,0.6772643970806561,4.110820620412621,0.63095053663785,0.12590393399999156,147.0,1.5638297872340425,17.890048318898998,0.2679074956795538,0.872859943477141,1.444016839104075,0.8454235484639167,0.09210992907801419,0.18085106382978725,0.4787234042553192,0.7021276595744681,1.0,0.1276595744680851,0.44680851063829785,0.6595744680851063,0.9893617021276596,,,,94/73
loqi_core,LOQI (core),core,generation,loqi_raw,fixed,,loqi_raw_fixed,LOQI,loqi_raw_fixed,94,93938.0,999.3404255319149,94.0,94.0,94.0,94000.0,93938.0,62.0,1000.0,0.0006595744680851064,0.9993404255319149,94000.0,0.0,0.0,0.0,0.0,0.0,94000.0,0.0,0.0,1.0897880242381948,1.6792731108822023,105.9771394734271,30.516036641568725,49.6191389650306,36.25147795169195,2.8835736175244,0.3392801451715199,1.3045040629423368,0.38614838953792274,1.324688059998687,7939.0,84.45744680851064,8.452215343228573,0.6987869798420913,0.32526480516437156,51.03551318996266,0.26574405031853676,0.1935575781800585,1895.0,20.159574468085108,2.017186680043429,0.6337785924440066,0.4832300219392099,10.101269254889251,0.42217848206878406,0.061736783973328026,261.0,2.776595744680851,0.27780879092560484,0.37075528335180324,0.7690871092569979,2.015698749252259,0.7323431991760342,0.010392493058325347,121.0,1.2872340425531914,0.1288010266058456,0.15485998345360732,0.9333566235432481,1.181386422416588,0.9166775912627394,0.0,0.5531914893617021,0.8297872340425532,0.8617021276595744,1.0,0.5106382978723404,0.7872340425531915,0.8723404255319149,0.9893617021276596,,,,94/999
loqi_core,LOQI (core),core,generation,loqi_raw,dynamic,,loqi_raw_dynamic,LOQI,loqi_raw_dynamic,94,9420.0,100.2127659574468,94.0,94.0,94.0,9428.0,9420.0,8.0,100.29787234042553,0.0007393946820091983,0.9992606053179908,94000.0,0.0,0.0,0.0,0.0,0.0,9428.0,0.0,0.0,1.0912902240567124,1.6783284135923358,101.27399896320229,31.311502337549424,45.219779041665724,36.22034329666445,2.8307444430551962,0.4640990634021336,1.2725677233129253,0.5075069305019105,1.294402209978566,2883.0,30.670212765957448,24.101859672079115,0.7532714472340388,0.35745585922373413,23.389335999275573,0.2919601056213738,0.292430831709944,1051.0,11.180851063829786,10.780300142420042,0.657585083087605,0.5123869813326235,7.481912152041823,0.4487779021873734,0.12144711941355897,221.0,2.351063829787234,4.4941876029137635,0.32884484891797067,0.8038928639366195,1.809171877047111,0.7701402579456488,0.022704246108501427,116.0,1.2340425531914894,3.7075541988315583,0.13560704555876477,0.942939153668968,1.155326671242,0.9278404728912155,0.0070921985815602835,0.46808510638297873,0.723404255319149,0.8191489361702128,0.9893617021276596,0.425531914893617,0.6808510638297872,0.8085106382978723,0.9787234042553191,,,,94/100
loqi_core,LOQI (core),core,generation,loqi_raw,chembl_count,,loqi_raw_chembl_count,LOQI,loqi_raw_chembl_count,94,7629.0,81.15957446808511,94.0,94.0,94.0,7629.0,7629.0,0.0,81.15957446808511,0.0,1.0,94000.0,0.0,0.0,0.0,0.0,0.0,7629.0,0.0,0.0,1.198220259700651,1.7777720973806541,89.93815142014185,31.728958017175493,44.30894028435598,36.39967828807932,2.890323406320007,0.536234344926686,1.289520480297555,0.578102622222096,1.3089916800743848,2349.0,24.98936170212766,42.76178988877749,0.7358892039877113,0.3912607412328597,19.022582863682803,0.3346736293180925,0.4233773379093145,865.0,9.202127659574469,27.680235625610578,0.6349621031002778,0.5365444518590655,6.378094929206434,0.4727511467534712,0.24061114323309568,205.0,2.1808510638297873,18.33189619653348,0.3708356145989808,0.8022076925129827,1.787840842675071,0.7630557810097955,0.10289598108747045,113.0,1.202127659574468,16.88474539986331,0.12103562449313307,0.9538107212619411,1.134105151386932,0.9378884331214962,0.0851063829787234,0.3723404255319149,0.6702127659574468,0.7446808510638298,0.9680851063829787,0.3404255319148936,0.648936170212766,0.7553191489361702,0.9574468085106383,,,,94/81
mcf_drugs_l_core,MCF drugs-L (core),core,generation,mcf_drugs_l_raw,fixed,,mcf_drugs_l_raw_fixed,MCF drugs-L,mcf_drugs_l_raw_fixed,94,81483.0,866.8404255319149,94.0,94.0,93.0,94000.0,81483.0,12517.0,1000.0,0.1331595744680851,0.8668404255319149,94000.0,0.0,0.0,0.0,0.0,0.0,94000.0,0.0,0.0,1.3328135200430509,1.9583445323382593,108.32159526496163,34.67798944136405,45931.537774295095,45.23601887345956,1747.0189775276788,0.36591912532100945,1.4616067391467062,0.4178719245317909,1.488159866916265,10259.0,110.31182795698925,15.30881209853138,0.7955275995586136,0.23622934959483144,78.67082962297569,0.18510740054411523,0.253275612258295,3163.0,34.01075268817204,4.826047138153174,0.7223796807273062,0.3916165467284502,22.430490725068047,0.3374118932145978,0.09148846526136502,383.0,4.118279569892473,0.5763000170854357,0.487124310202636,0.6829720611661414,3.193233176773785,0.6403347554074841,0.010964338769743466,140.0,1.5053763440860215,0.21034197092553047,0.25869695076481536,0.8799293745833835,1.3771824836829902,0.853353764147242,0.0,0.46236559139784944,0.7634408602150538,0.8709677419354839,1.0,0.43010752688172044,0.7311827956989247,0.8602150537634409,0.989247311827957,,,,94/867
mcf_drugs_l_core,MCF drugs-L (core),core,generation,mcf_drugs_l_raw,dynamic,,mcf_drugs_l_raw_dynamic,MCF drugs-L,mcf_drugs_l_raw_dynamic,94,6285.0,66.86170212765957,94.0,94.0,93.0,7514.0,6285.0,1229.0,79.93617021276596,0.13835148522459845,0.8616485147754016,94000.0,0.0,0.0,0.0,0.0,0.0,7514.0,0.0,0.0,1.3297430643839918,1.9228246543038814,102.16349713817304,36.46777352562627,466.0797084090055,45.2319763739758,65.86676423147689,0.5510591103751318,1.4669830760084832,0.596326801920095,1.4889940047626635,3006.0,32.32258064516129,43.1371932075397,0.8379783389307416,0.2792734725255318,28.176392875875944,0.22370073424820486,0.4171119329762376,1436.0,15.440860215053764,23.05003411092869,0.726272322926744,0.43858652809673904,12.547858577225465,0.383430094697807,0.17901247432625222,297.0,3.193548387096774,8.577365752490225,0.45454996570107015,0.7136205738253648,2.6751310864888143,0.6722048121831029,0.03023980201399556,130.0,1.3978494623655915,6.285239299694933,0.22534613498135245,0.9021966106930029,1.296727028573637,0.8792445784961963,0.013440860215053764,0.3333333333333333,0.5806451612903226,0.7419354838709677,0.978494623655914,0.34408602150537637,0.5698924731182796,0.7311827956989247,0.967741935483871,,,,94/67
mcf_drugs_l_core,MCF drugs-L (core),core,generation,mcf_drugs_l_raw,chembl_count,,mcf_drugs_l_raw_chembl_count,MCF drugs-L,mcf_drugs_l_raw_chembl_count,94,6213.0,66.09574468085107,94.0,94.0,93.0,7629.0,6213.0,1416.0,81.15957446808511,0.12711732879139345,0.8728826712086065,94000.0,0.0,0.0,0.0,0.0,0.0,7629.0,0.0,0.0,1.4339599312399258,2.051553379744004,90.68704655209119,37.37933440096895,720.4763313202218,45.26005384217224,64.15573156673292,0.559308190727478,1.4396085008135528,0.6006862803617222,1.4670657292691491,2905.0,31.236559139784948,56.368841969589255,0.8088893509044344,0.3285659687328953,26.857802747462078,0.28273342723606304,0.5345463734568102,1316.0,14.150537634408602,36.00422222445289,0.6911458362806067,0.4725427023195924,11.29517321264571,0.41617864498744683,0.2909989060101933,278.0,2.989247311827957,20.21384275778574,0.4319038760977533,0.7347053974080957,2.526000352616472,0.6909005082987728,0.11478790027177124,120.0,1.2903225806451613,17.511622833415686,0.1870468011937997,0.9175603862115197,1.2433442581608642,0.8994772367951498,0.08960573476702509,0.21505376344086022,0.5483870967741935,0.7204301075268817,0.989247311827957,0.24731182795698925,0.5376344086021505,0.7204301075268817,0.978494623655914,,,,94/66
nextmol_dmt_l_core,NextMol DMT-L (core),core,generation,nextmol_dmt_l_raw,fixed,,nextmol_dmt_l_raw_fixed,NextMol DMT-L,nextmol_dmt_l_raw_fixed,94,81963.0,871.9468085106383,94.0,94.0,93.0,94000.0,81963.0,12037.0,1000.0,0.1280531914893617,0.8719468085106383,94000.0,0.0,0.0,0.0,0.0,0.0,94000.0,0.0,0.0,1.3090138167154397,1.9548547255765265,109.17790527069674,32.91510296595372,185.36992455656502,40.39183208723284,8.137895278130454,0.3856563688758471,1.453777701006857,0.44055655036404506,1.4772047809871562,9904.0,106.49462365591398,13.996913488276247,0.775359398422551,0.2527446002829045,75.93044871038589,0.20492199077876097,0.22378521181202407,2927.0,31.473118279569892,4.201135945711049,0.7138793742186547,0.40267108873678775,20.56638572572817,0.34799903080876127,0.08489967666151478,364.0,3.913978494623656,0.5228586341389354,0.4750386711754789,0.6888573663520198,2.8982267803195376,0.6463527057230184,0.007837113339959638,136.0,1.4623655913978495,0.18951076166494818,0.2418062939747241,0.8905245743709257,1.3248299573112936,0.8636404237187172,0.0,0.46236559139784944,0.7634408602150538,0.8709677419354839,0.989247311827957,0.3978494623655914,0.7634408602150538,0.8602150537634409,0.978494623655914,,,,94/872
nextmol_dmt_l_core,NextMol DMT-L (core),core,generation,nextmol_dmt_l_raw,dynamic,,nextmol_dmt_l_raw_dynamic,NextMol DMT-L,nextmol_dmt_l_raw_dynamic,94,6410.0,68.19148936170212,94.0,94.0,93.0,7514.0,6410.0,1104.0,79.93617021276596,0.12459115118089997,0.8754088488191001,94000.0,0.0,0.0,0.0,0.0,0.0,7514.0,0.0,0.0,1.3019947798968863,1.9089706050531299,105.09833523762292,34.3909806948445,59.99579520511517,40.458030343284676,4.908965968250797,0.5331375947235314,1.4469386300487423,0.5818981346259199,1.464532336061108,2964.0,31.870967741935484,40.643480926085616,0.8235100630600757,0.2897160018177198,27.59556571071506,0.24151617968005584,0.39298451062649964,1376.0,14.795698924731182,21.228033285473458,0.7077266232927317,0.4458723981103203,11.874980656799586,0.3924938494087896,0.1508172801155749,284.0,3.053763440860215,8.258459897663984,0.4639447238726176,0.7275752322171629,2.5071265763641235,0.6757734274419289,0.015584245974738333,128.0,1.3763440860215055,6.1818416127356794,0.23786257532580615,0.8980218100879671,1.2914604075411467,0.8737700434388354,0.002688172043010753,0.3333333333333333,0.6451612903225806,0.7741935483870968,0.989247311827957,0.3118279569892473,0.6236559139784946,0.7634408602150538,0.978494623655914,,,,94/68
nextmol_dmt_l_core,NextMol DMT-L (core),core,generation,nextmol_dmt_l_raw,chembl_count,,nextmol_dmt_l_raw_chembl_count,NextMol DMT-L,nextmol_dmt_l_raw_chembl_count,94,6237.0,66.35106382978724,94.0,94.0,92.0,7629.0,6237.0,1392.0,81.15957446808511,0.13317539521219648,0.8668246047878035,94000.0,0.0,0.0,0.0,0.0,0.0,7629.0,0.0,0.0,1.4437787998473035,2.0900381609390104,91.83140511644484,34.28387477502388,60.125726612718445,39.87858960762547,4.489037106276503,0.5430954450070196,1.4564200050125664,0.5943744425462838,1.480897311013329,2907.0,31.597826086956523,56.53392337313287,0.8005478260253438,0.32625799609546674,27.212221966026966,0.2737436164085677,0.5369467986744938,1302.0,14.152173913043478,35.59996730993839,0.6862976818868048,0.4635724563305337,11.336787856538695,0.40546387218945956,0.3003064537630311,278.0,3.0217391304347827,19.674372414575643,0.46793986511158986,0.7255794158673488,2.433506376755168,0.6752667436051482,0.11013301181070557,124.0,1.3478260869565217,16.92096366005408,0.20862277062409096,0.9127448864193893,1.2572607816157308,0.8901337440731971,0.08695652173913043,0.32608695652173914,0.5434782608695652,0.782608695652174,0.9891304347826086,0.2608695652173913,0.5760869565217391,0.782608695652174,0.9782608695652174,,,,94/66
qwen_0p6b_4e_from_bigdata_step29600_core,Qwen 0.6B 4e from bigdata step 29600 (core),core,generation,qwen_0p6b_4e_from_bigdata_step29600,fixed,0p6b_4e_from_bigdata_step29600,qwen_0p6b_4e_from_bigdata_step29600_fixed,Qwen 0.6B 4e from bigdata (step 29600),qwen_0p6b_4e_from_bigdata_step29600_fixed,94,81187.0,863.6914893617021,94.0,94.0,94.0,93787.0,81187.0,12600.0,1000.0,0.13501320765358324,0.8636914893617021,93787.0,0.0,0.0,0.0,0.0,0.0,93787.0,0.0,0.0,1.337912032625731,1.9292351201727242,104.89443060385663,46.05048072777807,295544.67658481334,66.33680278479584,11278.094255966009,0.42222003100261857,1.4682054309664843,0.44937990568944663,1.4819590130156832,17358.0,184.6595744680851,26.36984769083753,0.8223673546476424,0.1943095571248139,144.90206200473784,0.14267643246160286,0.3510050722610607,4593.0,48.861702127659576,7.544187619933984,0.6906475653055985,0.3680022335747139,33.31876601628647,0.30624712328447706,0.1456960369186153,455.0,4.840425531914893,0.7241781592956072,0.4978394027445032,0.675546642346421,3.446076392277588,0.6244111178159022,0.022722826410860365,146.0,1.553191489361702,0.21184525998404768,0.23942832227711405,0.8912716137700474,1.3900361426263514,0.8619009640508628,0.0015197568389057744,0.5212765957446809,0.7340425531914894,0.8404255319148937,0.9893617021276596,0.4787234042553192,0.7446808510638298,0.8297872340425532,0.9787234042553191,,,,94/864
qwen_0p6b_4e_from_bigdata_step29600_core,Qwen 0.6B 4e from bigdata step 29600 (core),core,generation,qwen_0p6b_4e_from_bigdata_step29600,dynamic,0p6b_4e_from_bigdata_step29600,qwen_0p6b_4e_from_bigdata_step29600_dynamic,Qwen 0.6B 4e from bigdata (step 29600),qwen_0p6b_4e_from_bigdata_step29600_dynamic,94,6007.0,63.90425531914894,94.0,94.0,94.0,7514.0,6010.0,1504.0,79.93617021276596,0.13120009881247344,0.8687999011875266,93787.0,0.0,0.0,0.0,0.0,0.0,7514.0,0.0,0.0,1.3191188109952172,1.8897834705771348,99.08345080985882,50.41614098240669,1777.5898268317799,66.41859968706281,196.61754152001083,0.5963376287300572,1.4496280616344697,0.612117575079459,1.4664089717418691,3562.0,37.8936170212766,52.741200152190764,0.8353216639442205,0.2555309089433742,33.99334030252398,0.20187898531212362,0.5031730600100944,1592.0,16.93617021276596,25.68077159863377,0.7074840095245618,0.43895269991804997,13.861785614811302,0.37037375291619534,0.2013076128006407,300.0,3.1914893617021276,8.491387654080729,0.45791029859089893,0.7366908441647598,2.6019055000497926,0.6831312871405184,0.028837403109519568,129.0,1.372340425531915,6.071352329781015,0.19637686667004467,0.9203783755494328,1.2611262559027754,0.8948438343270211,0.0,0.30851063829787234,0.574468085106383,0.7127659574468085,0.9893617021276596,0.2765957446808511,0.5638297872340425,0.723404255319149,0.9787234042553191,,,,94/64
qwen_0p6b_4e_from_bigdata_step29600_core,Qwen 0.6B 4e from bigdata step 29600 (core),core,generation,qwen_0p6b_4e_from_bigdata_step29600,chembl_count,0p6b_4e_from_bigdata_step29600,qwen_0p6b_4e_from_bigdata_step29600_chembl_count,Qwen 0.6B 4e from bigdata (step 29600),qwen_0p6b_4e_from_bigdata_step29600_chembl_count,94,6262.0,66.61702127659575,94.0,94.0,94.0,7629.0,6254.0,1375.0,81.15957446808511,0.1301866098089173,0.8698133901910827,93787.0,0.0,0.0,0.0,0.0,0.0,7629.0,0.0,0.0,1.4652480674910382,2.040008128511229,91.29797029223569,53.199840341273756,14972.080592340004,67.60530999803086,1631.6877346592837,0.6726165706731848,1.465256963715978,0.6903692217583096,1.481439884159269,3579.0,38.07446808510638,68.79024914648673,0.8338219996501852,0.2918993352914971,33.384429129695256,0.24518693575400882,0.6789822187034639,1582.0,16.829787234042552,41.941431129983535,0.6992967790345329,0.4371681864423289,13.793788997131367,0.37741546240200674,0.3669943579168926,295.0,3.1382978723404253,21.133911579163513,0.4580577086623291,0.7346372685316717,2.601499053409483,0.6863655331308169,0.11738921772516397,122.0,1.297872340425532,18.146745774778672,0.1773205475027398,0.923158498090029,1.2358182947003487,0.9057235369819542,0.09574468085106383,0.22340425531914893,0.5,0.648936170212766,0.9680851063829787,0.22340425531914893,0.46808510638297873,0.6595744680851063,0.9680851063829787,,,,94/67
qwen_core,Qwen (core),core,generation,qwen_0p6b_bigdata,fixed,0p6b_bigdata,qwen_0p6b_bigdata_fixed,Qwen 0.6B bigdata,qwen_0p6b_bigdata_fixed,94,82295.0,875.4787234042553,94.0,94.0,94.0,93799.0,82295.0,11504.0,999.9893617021277,0.12281332854665891,0.875486571678061,93799.0,0.0,0.0,0.0,0.0,0.0,93799.0,0.0,0.0,1.3194336881819984,1.848514833484617,104.72423195714241,43.946012006820304,751086.4948411154,64.98858470626328,27462.07216078976,0.33637541420423134,1.3333843580214293,0.3817414296804491,1.3679978068725551,25466.0,270.9148936170213,34.195381898679365,0.8340276901973191,0.17334677377965413,225.44383694316255,0.12516522345389863,0.4610833978455049,6985.0,74.30851063829788,9.635132215973604,0.6928461969295941,0.3542202014375916,53.52362992280162,0.29717021627248547,0.16944706908371152,467.0,4.968085106382978,0.6319037384066277,0.47925461995302526,0.682990426991231,3.526006719497043,0.6346250188081834,0.022503498659835384,137.0,1.4574468085106382,0.17819534189940628,0.19168351638691072,0.9114550197686572,1.295727350739365,0.8886160863174342,0.0,0.48936170212765956,0.7446808510638298,0.8829787234042553,1.0,0.4787234042553192,0.7446808510638298,0.8829787234042553,0.9893617021276596,,,,94/875
qwen_core,Qwen (core),core,generation,qwen_0p6b_bigdata,dynamic,0p6b_bigdata,qwen_0p6b_bigdata_dynamic,Qwen 0.6B bigdata,qwen_0p6b_bigdata_dynamic,94,2152.0,22.893617021276597,94.0,94.0,94.0,2520.0,2152.0,368.0,26.80851063829787,0.12411347517730496,0.875886524822695,93799.0,0.0,0.0,0.0,0.0,0.0,2520.0,0.0,0.0,1.30857735304452,1.8504391686144173,102.36645283822841,50.377431206641646,728.1504222891944,65.09927107831322,159.99896931192347,0.6182303414581019,1.314883985086437,0.659223041100184,1.3486236727390477,1284.0,13.659574468085106,64.15643934271556,0.9191676071701432,0.23550523329994205,12.669268007336848,0.18078536567179707,0.6436062987884524,712.0,7.574468085106383,37.92362160042015,0.7455892807376344,0.45553293656039695,6.768695183232757,0.3807482730357368,0.3597392032041465,212.0,2.25531914893617,11.406473391803747,0.3863591681847845,0.7903958805862787,1.9558315678459963,0.7447097056854056,0.08794326241134752,113.0,1.202127659574468,5.872658859162018,0.12421109805277428,0.9456710248326735,1.1586067208577318,0.9334321360133747,0.01152482269503546,0.2765957446808511,0.5212765957446809,0.648936170212766,1.0,0.22340425531914893,0.5319148936170213,0.648936170212766,0.9787234042553191,,,,94/23
qwen_core,Qwen (core),core,generation,qwen_0p6b_bigdata,chembl_count,0p6b_bigdata,qwen_0p6b_bigdata_chembl_count,Qwen 0.6B bigdata,qwen_0p6b_bigdata_chembl_count,94,6389.0,67.96808510638297,94.0,94.0,93.0,7629.0,6389.0,1240.0,81.15957446808511,0.1272464164531911,0.8727535835468089,93799.0,0.0,0.0,0.0,0.0,0.0,7629.0,0.0,0.0,1.4527822315633339,1.9809806882828722,91.48710289932608,50.423978922148414,48051.59342612996,65.06298444166084,5462.0108533331695,0.5766419087285591,1.3412918701787178,0.6222060145633858,1.3722976103644382,4675.0,50.26881720430107,76.09677320994763,0.8370178247719339,0.27654762030964447,45.746366115266284,0.23590097264852036,0.7664444359258479,2111.0,22.698924731182796,43.73162026187455,0.6983463841256732,0.43529927589381784,18.965230192938296,0.3740632284157114,0.3877485326854018,311.0,3.3440860215053765,20.643579209949145,0.46003656419046907,0.727102267004466,2.734469383024713,0.6791562427483108,0.12938569542134906,124.0,1.3333333333333333,17.732751168777387,0.15892507041556705,0.931192704647474,1.2305873704241543,0.910002369500506,0.0967741935483871,0.1827956989247312,0.5161290322580645,0.6989247311827957,1.0,0.1827956989247312,0.5161290322580645,0.6989247311827957,0.989247311827957,,,,94/68
qwen_core,Qwen (core),core,generation,qwen_0p6b_bigdata_to_revisited,fixed,0p6b_bigdata_to_revisited,qwen_0p6b_bigdata_to_revisited_fixed,Qwen 0.6B bigdata->revisited,qwen_0p6b_bigdata_to_revisited_fixed,94,80989.0,861.5851063829788,94.0,94.0,94.0,93594.0,80989.0,12605.0,998.0851063829788,0.13595403644387621,0.8632513964098409,93594.0,0.0,0.0,0.0,0.0,0.0,93594.0,0.0,0.0,1.345945915277818,1.9382632413995369,105.10010766064295,45.63348594161744,3349427.580533942,66.91160514650602,115194.03418564219,0.43655330167393697,1.475093686166842,0.4621169139569358,1.486645142301958,17771.0,189.0531914893617,27.18075386202349,0.827197481008204,0.19182818980923172,148.54765793534614,0.1408081638921438,0.35823294332372335,4701.0,50.01063829787234,7.779817613140574,0.7111912552714487,0.3601678129617552,33.620090950077504,0.29601431732098665,0.1384831600918479,468.0,4.9787234042553195,0.7672043559520011,0.48090846418413585,0.6834666355641985,3.418556345882923,0.6278848863694737,0.026928740543608637,145.0,1.5425531914893618,0.20937270969482355,0.19495779460095852,0.9014918006027862,1.3315610204702855,0.8805367394586437,0.013652482269503547,0.5319148936170213,0.7021276595744681,0.8085106382978723,0.9893617021276596,0.5106382978723404,0.6914893617021277,0.8191489361702128,0.9787234042553191,,,,94/862
qwen_core,Qwen (core),core,generation,qwen_0p6b_bigdata_to_revisited,dynamic,0p6b_bigdata_to_revisited,qwen_0p6b_bigdata_to_revisited_dynamic,Qwen 0.6B bigdata->revisited,qwen_0p6b_bigdata_to_revisited_dynamic,94,2104.0,22.382978723404257,94.0,94.0,94.0,2520.0,2104.0,416.0,26.80851063829787,0.1436486828774063,0.8563513171225937,93594.0,0.0,0.0,0.0,0.0,0.0,2520.0,0.0,0.0,1.348591529969254,1.921069529626579,103.01918663356878,52.58494704090588,781415.9127304599,67.23980295364365,166406.98103659926,0.7110382141914827,1.4826641406105903,0.7333567558911137,1.490318917116875,1186.0,12.617021276595745,60.30631230355472,0.8917106411892375,0.26810139162408514,11.533204084261817,0.2048358664685919,0.6052342505184155,643.0,6.840425531914893,36.55606446087456,0.7498717395686614,0.4595537428030344,5.96200411811794,0.38434688156955504,0.3523310154008066,210.0,2.234042553191489,12.80778239817443,0.418755541926511,0.7767658880940991,1.9789007210279879,0.7294749143201136,0.07332242225859247,120.0,1.2765957446808511,6.921369186922887,0.15032918973581752,0.9370793871521147,1.1977339640356313,0.9174872524157974,0.027482269503546097,0.2978723404255319,0.5106382978723404,0.6595744680851063,0.9361702127659575,0.2765957446808511,0.48936170212765956,0.6595744680851063,0.9361702127659575,,,,94/22
qwen_core,Qwen (core),core,generation,qwen_0p6b_bigdata_to_revisited,chembl_count,0p6b_bigdata_to_revisited,qwen_0p6b_bigdata_to_revisited_chembl_count,Qwen 0.6B bigdata->revisited,qwen_0p6b_bigdata_to_revisited_chembl_count,94,6243.0,66.41489361702128,94.0,94.0,94.0,7629.0,6243.0,1386.0,81.15957446808511,0.14300097905773926,0.8569990209422608,93594.0,0.0,0.0,0.0,0.0,0.0,7629.0,0.0,0.0,1.4514651664624887,2.0127725646993087,89.4621723029857,52.494226808931934,1301967.615993962,67.5288353133904,207228.4894906093,0.681185269561852,1.4480839473783933,0.7035453041209331,1.4594682793861806,3597.0,38.265957446808514,69.28851345734627,0.8146072893797919,0.29718978655138445,33.38806223748725,0.25651541479541257,0.685688797146141,1584.0,16.851063829787233,41.58198799957243,0.6815173183237184,0.4527942570612709,13.7344895846563,0.39437654448115306,0.3525031672527656,301.0,3.202127659574468,21.934006469928843,0.4473280872939041,0.7343600896340233,2.588006572479034,0.6849323049600972,0.13024477295753892,128.0,1.3617021276595744,18.67431408673345,0.19635206283132814,0.9129500626864573,1.2686545294275264,0.8933788740727601,0.10283687943262411,0.19148936170212766,0.46808510638297873,0.6595744680851063,0.9574468085106383,0.22340425531914893,0.4574468085106383,0.6702127659574468,0.9574468085106383,,,,94/66
qwen_core,Qwen (core),core,generation,qwen_0p6b_fsq,fixed,0p6b_fsq,qwen_0p6b_fsq_fixed,Qwen 0.6B fsq,qwen_0p6b_fsq_fixed,94,88617.0,942.7340425531914,94.0,94.0,94.0,93856.0,88617.0,5239.0,999.9574468085107,0.055976819740159604,0.9427667289299276,93856.0,0.0,0.0,0.0,0.0,0.0,93856.0,0.0,0.0,1.2711222272797167,1.867355335320552,102.74768137806628,37.633649129927505,375.020044735386,49.18950339991356,19.387793806475422,0.3992153484574897,1.4030225282580033,0.4386975356492219,1.414662364691955,16455.0,175.0531914893617,20.888803775568306,0.8082466194936825,0.2217766530583134,132.9588932368605,0.16423641281372076,0.2917939999877043,4140.0,44.04255319148936,5.5288856109353395,0.6858099274498541,0.4086415576860759,28.360078219786157,0.33965757134364416,0.09837566703374992,394.0,4.191489361702128,0.5315346304880306,0.43971451851737936,0.7167206345048304,3.0977205231763523,0.6659891793692461,0.00863434617345756,136.0,1.446808510638298,0.1737485771554205,0.21999304720320328,0.9039306011069962,1.3211147781499621,0.8787260542968407,0.0,0.5106382978723404,0.7553191489361702,0.851063829787234,0.9787234042553191,0.5212765957446809,0.7553191489361702,0.8617021276595744,0.9680851063829787,,,,94/943
qwen_core,Qwen (core),core,generation,qwen_0p6b_fsq,dynamic,0p6b_fsq,qwen_0p6b_fsq_dynamic,Qwen 0.6B fsq,qwen_0p6b_fsq_dynamic,94,2361.0,25.117021276595743,94.0,94.0,94.0,2520.0,2361.0,159.0,26.80851063829787,0.052716565349544074,0.947283434650456,93856.0,0.0,0.0,0.0,0.0,0.0,2520.0,0.0,0.0,1.2608652097433206,1.8366764440522831,100.41945327182259,40.49789487848069,79.23614175597604,49.0310600492358,9.04348308476174,0.7024414556499908,1.4005053626212158,0.7389974082185887,1.4117515781187375,1189.0,12.648936170212766,52.00624691493211,0.8562418466415367,0.30785850135222775,11.373981275513625,0.24245931458130043,0.5201307285680579,636.0,6.76595744680851,30.47460439603579,0.7331104475065717,0.48238685091276146,5.8505850640151635,0.4049989448277262,0.272511056350642,209.0,2.223404255319149,10.675788115085806,0.3999632246398572,0.7937943998556449,1.9274675720179602,0.7462880672127089,0.0730918608578183,112.0,1.1914893617021276,5.472665462161772,0.1085348104207883,0.9516596214635884,1.1499378738418615,0.9397816510918489,0.005319148936170213,0.2765957446808511,0.5212765957446809,0.7127659574468085,0.925531914893617,0.26595744680851063,0.5106382978723404,0.6808510638297872,0.9148936170212766,,,,94/25
qwen_core,Qwen (core),core,generation,qwen_0p6b_fsq,chembl_count,0p6b_fsq,qwen_0p6b_fsq_chembl_count,Qwen 0.6B fsq,qwen_0p6b_fsq_chembl_count,94,6998.0,74.44680851063829,94.0,94.0,94.0,7629.0,6998.0,631.0,81.15957446808511,0.061079989240818235,0.9389200107591817,93856.0,0.0,0.0,0.0,0.0,0.0,7629.0,0.0,0.0,1.3761427201801308,1.9905644709170562,87.94702246042239,40.24690402207257,126.01883506359006,49.1471742162991,11.764871687689078,0.6546429080932595,1.4146404557763006,0.6829784070345029,1.4310428501784929,3628.0,38.59574468085106,60.80062692423798,0.7775098452758541,0.33614903399076446,33.17637006078843,0.2823408927111721,0.5979862370042727,1497.0,15.925531914893616,36.24748618388081,0.6536516204100219,0.4880508052714885,12.645215993993366,0.4216653363252329,0.3262961978767536,282.0,3.0,20.528383076388522,0.4275407353429327,0.7542139052738882,2.414546912611486,0.704948663334447,0.13234902213625618,123.0,1.3085106382978724,18.149327891204415,0.16728119009635542,0.9236117588201044,1.2327124873469761,0.9082397434135123,0.10638297872340426,0.2553191489361702,0.48936170212765956,0.6914893617021277,0.9468085106382979,0.23404255319148937,0.4787234042553192,0.6914893617021277,0.9468085106382979,,,,94/74
qwen_0p6b_fsq_6e_from_bigdata_step28320_core,Qwen 0.6B FSQ 6e from bigdata step 28320 (core),core,generation,qwen_0p6b_fsq_6e_from_bigdata_step28320,fixed,0p6b_fsq_6e_from_bigdata_step28320,qwen_0p6b_fsq_6e_from_bigdata_step28320_fixed,Qwen 0.6B FSQ 6e from bigdata (step 28320),qwen_0p6b_fsq_6e_from_bigdata_step28320_fixed,94,88671.0,943.3085106382979,94.0,94.0,94.0,93886.0,88671.0,5215.0,1000.0,0.05567094792253942,0.9433085106382979,93886.0,0.0,0.0,0.0,0.0,0.0,93886.0,0.0,0.0,1.2699950736211556,1.8721596732886698,102.56708443361391,37.636079880536165,204.06380067144295,49.06508606597919,11.235629777141174,0.40740499348268855,1.4016273322886923,0.44529420048886326,1.4134408708225554,16373.0,174.18085106382978,20.662797008990957,0.7995188287470052,0.22737756897294348,131.63727617673624,0.17014556677662904,0.29727204533049767,4105.0,43.670212765957444,5.4222822308141305,0.6969649702767566,0.40071201345455904,27.859456741763545,0.3322515858327886,0.088103613099331,382.0,4.0638297872340425,0.5115541632161125,0.44543467703346695,0.7139500178724448,3.019992661930298,0.6642711812720479,0.00989999894880996,137.0,1.4574468085106382,0.17277522560063563,0.20121889281812996,0.9144556120355639,1.3032825612321808,0.8887980457398619,0.0,0.4787234042553192,0.776595744680851,0.851063829787234,0.9787234042553191,0.5106382978723404,0.776595744680851,0.8404255319148937,0.9680851063829787,,,,94/943
qwen_0p6b_fsq_6e_from_bigdata_step28320_core,Qwen 0.6B FSQ 6e from bigdata step 28320 (core),core,generation,qwen_0p6b_fsq_6e_from_bigdata_step28320,dynamic,0p6b_fsq_6e_from_bigdata_step28320,qwen_0p6b_fsq_6e_from_bigdata_step28320_dynamic,Qwen 0.6B FSQ 6e from bigdata (step 28320),qwen_0p6b_fsq_6e_from_bigdata_step28320_dynamic,94,6928.0,73.70212765957447,94.0,94.0,94.0,7514.0,6928.0,586.0,79.93617021276596,0.056379320225057275,0.9436206797749427,93886.0,0.0,0.0,0.0,0.0,0.0,7514.0,0.0,0.0,1.2576148082789242,1.8346771143371732,101.94511519629731,39.56837353900082,97.80953458021897,48.98944350010049,9.161180742805232,0.5831659557776514,1.4224078814239993,0.6184590461582222,1.4320454521278292,3773.0,40.138297872340424,45.248154685810704,0.8213698054885995,0.2908941433948928,35.32392864267658,0.22653276223026508,0.4424381953739895,1588.0,16.893617021276597,21.626800693808285,0.706034137542825,0.45612998839408925,13.167569290379104,0.38377047885260124,0.18541184417626824,291.0,3.095744680851064,7.94870437139541,0.41495564334320517,0.7521786412590563,2.408999506216198,0.7024673475604142,0.03253949065119278,118.0,1.2553191489361701,5.830516172509632,0.11804069307358252,0.9476493154312774,1.1847101996732756,0.9319991979151883,0.010638297872340425,0.30851063829787234,0.6276595744680851,0.7553191489361702,0.9680851063829787,0.3191489361702128,0.574468085106383,0.7659574468085106,0.9574468085106383,,,,94/74
qwen_0p6b_fsq_6e_from_bigdata_step28320_core,Qwen 0.6B FSQ 6e from bigdata step 28320 (core),core,generation,qwen_0p6b_fsq_6e_from_bigdata_step28320,chembl_count,0p6b_fsq_6e_from_bigdata_step28320,qwen_0p6b_fsq_6e_from_bigdata_step28320_chembl_count,Qwen 0.6B FSQ 6e from bigdata (step 28320),qwen_0p6b_fsq_6e_from_bigdata_step28320_chembl_count,94,7032.0,74.80851063829788,94.0,94.0,94.0,7629.0,7032.0,597.0,81.15957446808511,0.05828607512574843,0.9417139248742515,93886.0,0.0,0.0,0.0,0.0,0.0,7629.0,0.0,0.0,1.3834515367003721,1.980988089413831,87.83911270267191,39.989540089568955,96.83201430957325,48.91453343235933,8.904687487523054,0.6036424975003751,1.4143768593384938,0.6425912719693642,1.4287550799967037,3603.0,38.329787234042556,61.9333148655559,0.7886499702910291,0.3183573605013204,32.783799208238236,0.2704566844972672,0.626280641508127,1508.0,16.04255319148936,36.8347910743986,0.6624391955327061,0.4794003803522093,12.530193867190562,0.41466063995812297,0.3315804395865123,273.0,2.904255319148936,20.154350978949786,0.4031548240265431,0.7652421540955519,2.31642617300938,0.7174788325600554,0.1258635867678421,127.0,1.351063829787234,18.044207277793173,0.18044361084685917,0.9235710669947851,1.242088940074254,0.9052952895534471,0.10638297872340426,0.20212765957446807,0.5425531914893617,0.723404255319149,0.9787234042553191,0.20212765957446807,0.5106382978723404,0.723404255319149,0.9680851063829787,,,,94/75
qwen_core,Qwen (core),core,generation,qwen_0p6b_fsq_bigdata_pretrain,fixed,0p6b_fsq_bigdata_pretrain,qwen_0p6b_fsq_bigdata_pretrain_fixed,Qwen 0.6B fsq+bigdata-pretrain,qwen_0p6b_fsq_bigdata_pretrain_fixed,94,90886.0,966.8723404255319,94.0,94.0,94.0,93961.0,90886.0,3075.0,999.9893617021277,0.03274020465011655,0.9668829574255106,93961.0,0.0,0.0,0.0,0.0,0.0,93961.0,0.0,0.0,1.3285495509279404,1.889003848107087,104.47929950865452,37.381291631788365,785.6122675847356,49.30898849849071,32.83039134813514,0.31609637741729,1.3224294960362395,0.3706412704953289,1.3528930960876775,27321.0,290.6489361702128,31.035349287852416,0.8493128870347217,0.19567266162922775,247.04710791436884,0.14443806701547943,0.3791815116609391,7002.0,74.48936170212765,8.065061798334815,0.722038939016412,0.36159828542935424,55.189087352887995,0.3043677025396386,0.10327808083207404,427.0,4.542553191489362,0.4858634746983677,0.46675423009670436,0.6903551327542764,3.4453114053682348,0.6451446951031379,0.008190430904307117,144.0,1.5319148936170213,0.16100478230634338,0.24978405033349654,0.8855250795024332,1.3848011735483925,0.8587522042103427,0.0,0.5,0.7978723404255319,0.8936170212765957,1.0,0.48936170212765956,0.7872340425531915,0.8723404255319149,0.9893617021276596,,,,94/967
qwen_core,Qwen (core),core,generation,qwen_0p6b_fsq_bigdata_pretrain,dynamic,0p6b_fsq_bigdata_pretrain,qwen_0p6b_fsq_bigdata_pretrain_dynamic,Qwen 0.6B fsq+bigdata-pretrain,qwen_0p6b_fsq_bigdata_pretrain_dynamic,94,7160.0,76.17021276595744,94.0,94.0,94.0,7514.0,7160.0,354.0,79.93617021276596,0.03504469913035738,0.9649553008696427,93961.0,0.0,0.0,0.0,0.0,0.0,7514.0,0.0,0.0,1.3325725058383893,1.8640519000117903,100.13292375304673,39.70561472975851,619.960270493728,49.31913668701855,48.89346962862919,0.48968777827064486,1.3212526924581274,0.5436406158473368,1.3537584811544832,4982.0,53.0,57.66241015825477,0.8678347652433586,0.2405912826552767,49.48499646167976,0.18818061970804442,0.5603367899868464,2409.0,25.627659574468087,27.57215284292404,0.7544437999773178,0.3920652969827357,22.035824416668977,0.335511229048149,0.22420407408020157,321.0,3.4148936170212765,7.471477004329296,0.4433774511551509,0.718278263260658,2.840193900221363,0.6754307538908795,0.018556364315042925,126.0,1.3404255319148937,5.658281301174701,0.1765844628342952,0.9227392278281052,1.2328698949156072,0.9031305736477103,0.005319148936170213,0.32978723404255317,0.574468085106383,0.7659574468085106,1.0,0.2978723404255319,0.5638297872340425,0.7659574468085106,0.9893617021276596,,,,94/76
qwen_core,Qwen (core),core,generation,qwen_0p6b_fsq_bigdata_pretrain,chembl_count,0p6b_fsq_bigdata_pretrain,qwen_0p6b_fsq_bigdata_pretrain_chembl_count,Qwen 0.6B fsq+bigdata-pretrain,qwen_0p6b_fsq_bigdata_pretrain_chembl_count,94,7329.0,77.96808510638297,94.0,94.0,94.0,7629.0,7329.0,300.0,81.15957446808511,0.028756112827838732,0.9712438871721613,93961.0,0.0,0.0,0.0,0.0,0.0,7629.0,0.0,0.0,1.4203024756797886,1.947449635364514,89.59044242275225,40.67533893620821,153.2799119790657,49.61237654396329,14.297602333971025,0.5498562985203587,1.3123694958426988,0.6066192676841325,1.3417371150886033,5208.0,55.40425531914894,73.03918664264971,0.8224816381068992,0.29593622137666337,50.646022711937974,0.25358942387884503,0.7291894150187337,2198.0,23.382978723404257,39.975602292056834,0.6763631158784458,0.44862953152631285,19.585524467401648,0.3957330138716596,0.33757988051078547,305.0,3.24468085106383,19.564103422654714,0.4605866752335615,0.7141783868044315,2.7413751486008775,0.6719522628943939,0.10302723281446685,126.0,1.3404255319148937,17.146086734726996,0.19687611216075218,0.913019762179799,1.2436646817421526,0.8933071507712925,0.09131205673758865,0.20212765957446807,0.5,0.7659574468085106,1.0,0.1595744680851064,0.44680851063829785,0.7340425531914894,0.9893617021276596,,,,94/78
qwen_0p6b_fsq_bigdata_step70534_core,Qwen 0.6B FSQ bigdata step 70534 (core),core,generation,qwen_0p6b_fsq_bigdata_step70534,fixed,0p6b_fsq_bigdata_step70534,qwen_0p6b_fsq_bigdata_step70534_fixed,Qwen 0.6B FSQ bigdata (step 70534),qwen_0p6b_fsq_bigdata_step70534_fixed,94,91076.0,968.8936170212766,94.0,94.0,94.0,93956.0,91076.0,2880.0,1000.0,0.030671417392194457,0.9688936170212766,93956.0,0.0,0.0,0.0,0.0,0.0,93956.0,0.0,0.0,1.3213998952935608,1.8828551942783474,104.59700008701083,37.121716534969586,9686.85188293683,49.21053666071936,320.91649129723623,0.2921195134104951,1.324197168322645,0.3535065272922394,1.3562964939202715,27352.0,290.97872340425533,30.929745623526266,0.8524879760209307,0.19498588952363344,246.84916026024874,0.14293493262814885,0.37506713648175494,6902.0,73.42553191489361,7.9043418857025,0.722648519443118,0.3562434849561138,54.98916507208334,0.30302079877346194,0.10725053514914032,433.0,4.6063829787234045,0.4909890825186842,0.47016290499641283,0.6775939844027433,3.501244536828619,0.639256917070471,0.012248478171156346,144.0,1.5319148936170213,0.16034358080323108,0.2643558943462665,0.8820108599247964,1.3826579648766915,0.8533130472362951,0.0,0.5319148936170213,0.8191489361702128,0.9468085106382979,1.0,0.48936170212765956,0.776595744680851,0.9361702127659575,0.9893617021276596,,,,94/969
qwen_0p6b_fsq_bigdata_step70534_core,Qwen 0.6B FSQ bigdata step 70534 (core),core,generation,qwen_0p6b_fsq_bigdata_step70534,dynamic,0p6b_fsq_bigdata_step70534,qwen_0p6b_fsq_bigdata_step70534_dynamic,Qwen 0.6B FSQ bigdata (step 70534),qwen_0p6b_fsq_bigdata_step70534_dynamic,94,7190.0,76.48936170212765,94.0,94.0,94.0,7514.0,7190.0,324.0,79.93617021276596,0.0320693370281413,0.9679306629718587,93956.0,0.0,0.0,0.0,0.0,0.0,7514.0,0.0,0.0,1.31550982985173,1.8510748993616901,101.31468472950304,39.52072402568395,120.19646596078726,49.29846352736808,10.770401896389822,0.4466706225896239,1.3062796841326112,0.5002048404269133,1.3411240215215385,4990.0,53.08510638297872,56.905870364163505,0.8578839745728764,0.24651032722739308,49.61487541135673,0.1933915735172332,0.5452648369072269,2349.0,24.98936170212766,26.264285586316582,0.7244422979232791,0.41112573354245646,21.265386521182386,0.35463224874000393,0.21622487707067445,318.0,3.382978723404255,7.387208535658056,0.4289472121675564,0.7270079480423345,2.8068025900182505,0.685987478323661,0.013212023098702098,127.0,1.351063829787234,5.6524908815796175,0.17616949719273106,0.9135928086535161,1.2723053711832983,0.8993764061888146,0.002127659574468085,0.2978723404255319,0.6382978723404256,0.8404255319148937,1.0,0.2978723404255319,0.6170212765957447,0.8297872340425532,0.9893617021276596,,,,94/76
qwen_0p6b_fsq_bigdata_step70534_core,Qwen 0.6B FSQ bigdata step 70534 (core),core,generation,qwen_0p6b_fsq_bigdata_step70534,chembl_count,0p6b_fsq_bigdata_step70534,qwen_0p6b_fsq_bigdata_step70534_chembl_count,Qwen 0.6B FSQ bigdata (step 70534),qwen_0p6b_fsq_bigdata_step70534_chembl_count,94,7350.0,78.19148936170212,94.0,94.0,94.0,7629.0,7350.0,279.0,81.15957446808511,0.02577562726513269,0.9742243727348673,93956.0,0.0,0.0,0.0,0.0,0.0,7629.0,0.0,0.0,1.4124317156667594,1.9575009158557297,89.70888588710359,40.29314287485568,136.15788601182646,49.360199916702655,11.960055430620907,0.5262629622272971,1.2974620264081955,0.5778298155734877,1.3248463662101853,5147.0,54.755319148936174,71.43211122024398,0.8142709617326084,0.3002688400467787,50.10784854002787,0.2544918821673274,0.6869237375642414,2209.0,23.5,39.931991887612796,0.6802155261341464,0.4524516372195049,19.80636500208785,0.3927230714927306,0.32897291495311387,307.0,3.265957446808511,19.60647558464197,0.4515777754735776,0.7221439344618391,2.7240634190773254,0.677199453035253,0.10906059070952688,129.0,1.372340425531915,17.130260599220485,0.19280120511373802,0.9198673828491168,1.2417336336574831,0.8982551948183776,0.0851063829787234,0.22340425531914893,0.574468085106383,0.7978723404255319,1.0,0.19148936170212766,0.5425531914893617,0.7978723404255319,0.9893617021276596,,,,94/78
qwen_1p7b_4e_from_bigdata_step26400_core,Qwen 1.7B 4e from bigdata step 26400 (core),core,generation,qwen_1p7b_4e_from_bigdata_step26400,fixed,1p7b_4e_from_bigdata_step26400,qwen_1p7b_4e_from_bigdata_step26400_fixed,Qwen 1.7B 4e from bigdata (step 26400),qwen_1p7b_4e_from_bigdata_step26400_fixed,94,81829.0,870.5212765957447,94.0,94.0,94.0,93706.0,81829.0,11877.0,1000.0,0.12705517251644244,0.8705212765957446,93706.0,0.0,0.0,0.0,0.0,0.0,93706.0,0.0,0.0,1.3088548950676808,1.8939725871693724,103.78279575583396,45.63936867100837,839240.5071661167,64.40186444020752,30500.144490409206,0.4247408229732498,1.4546179253675815,0.4647695435191781,1.475936075182933,15466.0,164.53191489361703,23.45883984263573,0.8072599099801944,0.2015179856595337,122.50190495317163,0.14952620048656748,0.3379668452687868,3848.0,40.93617021276596,6.353040518994374,0.7037660098167332,0.3715612830907955,26.19709786525673,0.3114923433794593,0.12266747416217605,380.0,4.042553191489362,0.6172968625496713,0.45253579315707765,0.7068103622112484,2.933283171837895,0.6599937267722912,0.023128939618301318,136.0,1.446808510638298,0.195470665625782,0.19460418404782032,0.9117557603465297,1.280754523243801,0.8890940113711815,0.0070921985815602835,0.5106382978723404,0.723404255319149,0.851063829787234,0.9893617021276596,0.5,0.6914893617021277,0.8404255319148937,0.9787234042553191,,,,94/871
qwen_1p7b_4e_from_bigdata_step26400_core,Qwen 1.7B 4e from bigdata step 26400 (core),core,generation,qwen_1p7b_4e_from_bigdata_step26400,dynamic,1p7b_4e_from_bigdata_step26400,qwen_1p7b_4e_from_bigdata_step26400_dynamic,Qwen 1.7B 4e from bigdata (step 26400),qwen_1p7b_4e_from_bigdata_step26400_dynamic,94,6100.0,64.8936170212766,94.0,94.0,94.0,7514.0,6100.0,1414.0,79.93617021276596,0.1296479536940075,0.8703520463059925,93706.0,0.0,0.0,0.0,0.0,0.0,7514.0,0.0,0.0,1.296203043084127,1.8608498295606293,99.79839586188783,50.045673087031446,2220.4638399147643,64.48731166541471,245.50960466780666,0.6296965791357505,1.4459410310109002,0.6602166792501064,1.465302369037361,3405.0,36.223404255319146,50.571612455079766,0.8307654559562133,0.26267052374452166,31.94983440566414,0.20884145979910712,0.5050291052715925,1450.0,15.425531914893616,23.6468202593189,0.7052597507127909,0.4324879594316496,12.223155764943222,0.36926959122809916,0.21412822836173392,279.0,2.9680851063829787,8.208631305008337,0.4210643201049428,0.7469155008656146,2.3976110849012833,0.7027135437009346,0.03217950784440146,122.0,1.297872340425532,5.971372349373635,0.17320749977192632,0.9259968390548224,1.215278639943763,0.907173231379664,0.0,0.2553191489361702,0.5851063829787234,0.7340425531914894,0.9787234042553191,0.2553191489361702,0.5531914893617021,0.723404255319149,0.9680851063829787,,,,94/65
qwen_1p7b_4e_from_bigdata_step26400_core,Qwen 1.7B 4e from bigdata step 26400 (core),core,generation,qwen_1p7b_4e_from_bigdata_step26400,chembl_count,1p7b_4e_from_bigdata_step26400,qwen_1p7b_4e_from_bigdata_step26400_chembl_count,Qwen 1.7B 4e from bigdata (step 26400),qwen_1p7b_4e_from_bigdata_step26400_chembl_count,94,6282.0,66.82978723404256,94.0,94.0,94.0,7629.0,6282.0,1347.0,81.15957446808511,0.12203616949763164,0.8779638305023684,93706.0,0.0,0.0,0.0,0.0,0.0,7629.0,0.0,0.0,1.418013467839536,1.9804134932217239,89.34032936582896,51.63853386908991,557209.6573024968,64.51296693326412,57678.79534908218,0.6889068296320182,1.463817292390296,0.7268111130025292,1.4804779006458453,3416.0,36.340425531914896,66.64900409920688,0.8238110572494273,0.29261042325516345,31.369637737328535,0.2474836642456993,0.6643293184649246,1412.0,15.02127659574468,38.98041419473739,0.6958927365268045,0.4582500701694424,11.879356584095868,0.39308425785711276,0.3542635558245246,281.0,2.9893617021276597,20.496617707501386,0.43956549748897794,0.7423930692548514,2.4717328881008083,0.6980448078783114,0.12137975911918884,123.0,1.3085106382978724,17.739852829373298,0.1514322238902413,0.9311282893904316,1.2159661951248908,0.9155415298849899,0.09663120567375887,0.18085106382978725,0.5,0.7021276595744681,0.9574468085106383,0.18085106382978725,0.4574468085106383,0.6702127659574468,0.9574468085106383,,,,94/67
qwen_1p7b_4e_step29600_core,Qwen 1.7B 4e step 29600 (core),core,generation,qwen_1p7b_4e_step29600,fixed,1p7b_4e_step29600,qwen_1p7b_4e_step29600_fixed,Qwen 1.7B 4e (step 29600),qwen_1p7b_4e_step29600_fixed,94,75864.0,807.063829787234,94.0,94.0,94.0,93881.0,75864.0,18017.0,1000.0,0.19198595778864933,0.807063829787234,93881.0,0.0,0.0,0.0,0.0,0.0,93881.0,0.0,0.0,1.318685235454374,1.8851226012032494,104.47240998620289,46.12559550374266,21179.57791881191,65.91333154040838,811.7470402457475,0.4346002409716131,1.4832392148052875,0.4745434078372974,1.4978975377951145,15358.0,163.38297872340425,25.81662788201115,0.8148173094497547,0.19797118550620482,124.34876926651344,0.14947542241843145,0.3402897076149043,3941.0,41.92553191489362,7.195360239469928,0.7099597203675121,0.37105954009472253,28.028600489574462,0.30907514177804757,0.10583591294716214,400.0,4.25531914893617,0.7848776690419087,0.49810752573341543,0.685063528517403,3.1578664029851784,0.6328455097747502,0.011462311329332604,136.0,1.446808510638298,0.2825915810210889,0.1942553578984282,0.9112504414609314,1.3001758311475418,0.8884990737347821,0.008865248226950355,0.4574468085106383,0.7553191489361702,0.8191489361702128,0.9893617021276596,0.4787234042553192,0.7446808510638298,0.8191489361702128,0.9787234042553191,,,,94/807
qwen_1p7b_4e_step29600_core,Qwen 1.7B 4e step 29600 (core),core,generation,qwen_1p7b_4e_step29600,dynamic,1p7b_4e_step29600,qwen_1p7b_4e_step29600_dynamic,Qwen 1.7B 4e (step 29600),qwen_1p7b_4e_step29600_dynamic,94,5640.0,60.0,94.0,94.0,93.0,7514.0,5640.0,1874.0,79.93617021276596,0.1933772380103907,0.8066227619896092,93881.0,0.0,0.0,0.0,0.0,0.0,7514.0,0.0,0.0,1.3331190050761335,1.8965200254153733,98.68873737194505,50.63092725163755,706.754457825921,66.21091545169942,77.4454330180898,0.6476353575585303,1.4662615396966194,0.6646982058270876,1.4785691307996331,3287.0,35.344086021505376,54.13581341239968,0.8463809540983279,0.2527445144757365,31.566611317443726,0.1990920961392327,0.54524127246849,1498.0,16.107526881720432,27.312161701004875,0.7319950219247537,0.4225429570293941,13.064416946510088,0.3513446576100374,0.22964791334886414,285.0,3.064516129032258,9.365151295150117,0.47955113518527115,0.7185364049759133,2.5274167001819974,0.6695563063569328,0.040765043745408396,115.0,1.2365591397849462,6.7295034827569395,0.13002289152822682,0.9437964750897001,1.1833405661100516,0.9280463079733013,0.014336917562724014,0.26881720430107525,0.5053763440860215,0.6774193548387096,0.978494623655914,0.22580645161290322,0.5376344086021505,0.6989247311827957,0.967741935483871,,,,94/60
qwen_1p7b_4e_step29600_core,Qwen 1.7B 4e step 29600 (core),core,generation,qwen_1p7b_4e_step29600,chembl_count,1p7b_4e_step29600,qwen_1p7b_4e_step29600_chembl_count,Qwen 1.7B 4e (step 29600),qwen_1p7b_4e_step29600_chembl_count,94,5674.0,60.361702127659576,94.0,94.0,93.0,7629.0,5674.0,1955.0,81.15957446808511,0.19716043159812632,0.8028395684018736,93881.0,0.0,0.0,0.0,0.0,0.0,7629.0,0.0,0.0,1.4592026408498153,2.02767059021308,88.01902731070285,52.70881066795524,1718.7507317435286,66.549764107019,235.76833418616485,0.6665982270277065,1.4573932814790032,0.6881966520009635,1.4740255697528448,3301.0,35.494623655913976,70.42853764162588,0.8356077000022193,0.2954575155636479,31.151778461544556,0.24813296849641286,0.700567692733329,1443.0,15.516129032258064,42.29937963608273,0.6750481807444898,0.4666818759781241,12.303268231405772,0.4032458538821977,0.3723171159752353,290.0,3.118279569892473,23.158009833774248,0.45393102626638976,0.7299099273858799,2.5101764438169982,0.6784520477148303,0.16722545025490326,119.0,1.2795698924731183,19.91082851948405,0.14269178267863014,0.9412321163075281,1.194341964719667,0.9247742558596861,0.12903225806451613,0.20430107526881722,0.5053763440860215,0.6774193548387096,0.978494623655914,0.1935483870967742,0.5053763440860215,0.6881720430107527,0.978494623655914,,,,94/60
qwen_core,Qwen (core),core,generation,qwen_1p7b_bigdata,fixed,1p7b_bigdata,qwen_1p7b_bigdata_fixed,Qwen 1.7B bigdata,qwen_1p7b_bigdata_fixed,94,83134.0,884.4042553191489,94.0,94.0,94.0,93659.0,83134.0,10525.0,999.9787234042553,0.11257018088050748,0.8844227604144459,93659.0,0.0,0.0,0.0,0.0,0.0,93659.0,0.0,0.0,1.3202886446398898,1.8426063432064246,105.07523432128806,43.91605024023712,137806.04675764102,64.25099674787337,6007.3377525143505,0.3209263303365726,1.2924064286115138,0.3734243365768768,1.3255538497430757,25795.0,274.4148936170213,34.46545116459297,0.8478140361821546,0.17254257560509528,233.76047400529325,0.12421638052574942,0.42736424494959624,7007.0,74.54255319148936,9.730290886789163,0.7113954750521891,0.344574150978283,55.1567800828584,0.2903997549087777,0.15832279748924677,450.0,4.787234042553192,0.6190760011508968,0.4422553250079578,0.705116360352181,3.4580433549419953,0.6580102259334759,0.027278678660044596,130.0,1.3829787234042554,0.16988760786676757,0.213051054327071,0.9027963575321046,1.2940796462660848,0.8809700015534149,0.0,0.5425531914893617,0.7553191489361702,0.9148936170212766,1.0,0.43617021276595747,0.7978723404255319,0.8723404255319149,0.9893617021276596,,,,94/884
qwen_core,Qwen (core),core,generation,qwen_1p7b_bigdata,dynamic,1p7b_bigdata,qwen_1p7b_bigdata_dynamic,Qwen 1.7B bigdata,qwen_1p7b_bigdata_dynamic,94,2190.0,23.29787234042553,94.0,94.0,94.0,2520.0,2190.0,330.0,26.80851063829787,0.11179711246200608,0.8882028875379939,93659.0,0.0,0.0,0.0,0.0,0.0,2520.0,0.0,0.0,1.3094995407914987,1.8147147900376204,101.69238327484642,49.88722628079177,3162.345608770852,64.04832384604524,731.2535252681124,0.6160601643570411,1.286918473223471,0.6620634916995232,1.3200856516489543,1321.0,14.053191489361701,64.20410631720998,0.8830584271514402,0.25979643020573207,12.871335986761482,0.20152086881770181,0.6570646468566638,747.0,7.946808510638298,38.71574981435362,0.7612076669139358,0.4315476135949632,7.171585187253845,0.3679704547788615,0.3411831344061599,215.0,2.2872340425531914,11.276250086086955,0.4193342711269292,0.7684792133549199,2.0861133218974364,0.7259387605762693,0.038095562829605384,105.0,1.1170212765957446,5.383724176393756,0.08578050032873874,0.9659131426517289,1.0878588591580027,0.9575873151400471,0.008865248226950355,0.2978723404255319,0.5106382978723404,0.6808510638297872,1.0,0.2978723404255319,0.48936170212765956,0.6595744680851063,0.9893617021276596,,,,94/23
qwen_core,Qwen (core),core,generation,qwen_1p7b_bigdata,chembl_count,1p7b_bigdata,qwen_1p7b_bigdata_chembl_count,Qwen 1.7B bigdata,qwen_1p7b_bigdata_chembl_count,94,6450.0,68.61702127659575,94.0,94.0,94.0,7629.0,6450.0,1179.0,81.15957446808511,0.11411371466827891,0.8858862853317211,93659.0,0.0,0.0,0.0,0.0,0.0,7629.0,0.0,0.0,1.4265667151439345,1.9516288817717924,92.08179466537722,50.34678828911851,8123.998467525043,65.17945706070957,848.7091782746658,0.5468097916438808,1.301777006746631,0.5982469748843277,1.3408343081322522,4748.0,50.51063829787234,76.91217814310295,0.8522710198964698,0.27210103540596425,46.4901587498775,0.22955429215742632,0.7775350879295925,2114.0,22.48936170212766,43.100050735024,0.6930424113450928,0.43936795556055336,19.092736435604394,0.38301612874715335,0.372939363998976,299.0,3.1808510638297873,20.704639589722913,0.44619698570161165,0.7335601832189148,2.64583507526144,0.6889424377679766,0.1306413759554914,122.0,1.297872340425532,17.97539217877175,0.16158125187146952,0.9278836493265336,1.2135647850512532,0.9115003492807545,0.09574468085106383,0.1595744680851064,0.6063829787234043,0.776595744680851,1.0,0.1276595744680851,0.5425531914893617,0.776595744680851,0.9893617021276596,,,,94/69
qwen_1p7b_bigdata_step74000_core,Qwen 1.7B bigdata step 74000 (core),core,generation,qwen_1p7b_bigdata_step74000,fixed,1p7b_bigdata_step74000,qwen_1p7b_bigdata_step74000_fixed,Qwen 1.7B bigdata (step 74000),qwen_1p7b_bigdata_step74000_fixed,94,83496.0,888.2553191489362,94.0,94.0,94.0,93924.0,83496.0,10428.0,1000.0,0.11109931030296948,0.8882553191489362,93924.0,0.0,0.0,0.0,0.0,0.0,93924.0,0.0,0.0,1.3182514292479384,1.8440622768280022,105.07336667598784,44.14975334862977,165069.7299768855,63.720531580663334,5545.92390593629,0.3213236327445264,1.2944826798457576,0.3689196795508513,1.3283368797451245,25575.0,272.0744680851064,33.8026698696384,0.8470406261081669,0.16805354124380392,231.53087064164754,0.12077436660697567,0.4372401600699386,6774.0,72.06382978723404,9.245493287985093,0.7332887195031947,0.3346628243230195,53.80225204662895,0.2825364152243335,0.1420892308699669,436.0,4.638297872340425,0.5846585728717367,0.4832631617901357,0.6791368922309358,3.447868730475815,0.6380276529250074,0.014824599635855636,128.0,1.3617021276595744,0.16471955081624848,0.18306693551924477,0.919273751704183,1.2576992482772493,0.8974502617645798,0.0,0.5212765957446809,0.7872340425531915,0.9042553191489362,1.0,0.4787234042553192,0.7659574468085106,0.9042553191489362,0.9893617021276596,,,,94/888
qwen_1p7b_bigdata_step74000_core,Qwen 1.7B bigdata step 74000 (core),core,generation,qwen_1p7b_bigdata_step74000,dynamic,1p7b_bigdata_step74000,qwen_1p7b_bigdata_step74000_dynamic,Qwen 1.7B bigdata (step 74000),qwen_1p7b_bigdata_step74000_dynamic,94,6376.0,67.82978723404256,94.0,94.0,94.0,7514.0,6376.0,1138.0,79.93617021276596,0.11287189376379181,0.8871281062362082,93924.0,0.0,0.0,0.0,0.0,0.0,7514.0,0.0,0.0,1.3162495822725055,1.8182637467443545,102.59423760832541,48.02457357215586,683.4901623714388,63.930635852940966,73.22980898391806,0.48914026862387455,1.295087189635256,0.5382485209464678,1.3248764039695908,4502.0,47.8936170212766,60.41138478047255,0.8616279718573016,0.22465162967259966,44.73976329528404,0.18214487740151253,0.5831563491611572,2161.0,22.98936170212766,28.70950859886937,0.7358854051186559,0.3944307668351613,19.79761908446843,0.3390320155594513,0.24077098755510307,314.0,3.3404255319148937,7.9546221113313305,0.4314630962897908,0.7338511532756763,2.70115643474371,0.6893236458320506,0.031869981442136854,123.0,1.3085106382978724,5.884523531376611,0.17781258901917757,0.9268787116745794,1.2213341431288922,0.9044345742817951,0.0026595744680851063,0.2765957446808511,0.6063829787234043,0.776595744680851,1.0,0.23404255319148937,0.6276595744680851,0.7659574468085106,0.9893617021276596,,,,94/68
qwen_1p7b_bigdata_step74000_core,Qwen 1.7B bigdata step 74000 (core),core,generation,qwen_1p7b_bigdata_step74000,chembl_count,1p7b_bigdata_step74000,qwen_1p7b_bigdata_step74000_chembl_count,Qwen 1.7B bigdata (step 74000),qwen_1p7b_bigdata_step74000_chembl_count,94,6488.0,69.02127659574468,94.0,94.0,94.0,7629.0,6488.0,1141.0,81.15957446808511,0.10305656986262775,0.8969434301373722,93924.0,0.0,0.0,0.0,0.0,0.0,7629.0,0.0,0.0,1.4125212669234901,1.9125399825349036,89.60767044308503,49.38558443826303,7098.987034781993,64.12573689653955,780.1906434758397,0.553123606591373,1.2686644614863107,0.5932532587377826,1.3050166098612048,4787.0,50.92553191489362,76.8822552390084,0.8548688652028209,0.2645828970058616,46.786637977600066,0.2259171032824395,0.7610653013962477,2072.0,22.04255319148936,42.462841651326904,0.7167973812247808,0.4269415896213529,18.52855932296089,0.371366839796477,0.3515752848674636,295.0,3.1382978723404253,20.072857586823492,0.4278527566912756,0.7434041266442024,2.5488701813351695,0.6956306933287889,0.11841131681557213,119.0,1.2659574468085106,17.427038179190543,0.14606281653973316,0.9352493074418843,1.1980699222757858,0.9190016367386721,0.08865248226950355,0.1702127659574468,0.5425531914893617,0.7553191489361702,1.0,0.1702127659574468,0.5425531914893617,0.723404255319149,0.9893617021276596,,,,94/69
qwen_core,Qwen (core),core,generation,qwen_1p7b_bigdata_to_revisited,fixed,1p7b_bigdata_to_revisited,qwen_1p7b_bigdata_to_revisited_fixed,Qwen 1.7B bigdata->revisited,qwen_1p7b_bigdata_to_revisited_fixed,94,81928.0,871.5744680851063,94.0,94.0,94.0,93619.0,81928.0,11691.0,999.968085106383,0.12544432579681772,0.8715965347302703,93619.0,0.0,0.0,0.0,0.0,0.0,93619.0,0.0,0.0,1.3159968518105498,1.8976655710696964,103.91629415668353,45.48289287370836,746014.0117020357,64.88117730746129,26607.50055292161,0.453569110767218,1.4708970556576235,0.48515974813985324,1.490229795609855,15629.0,166.2659574468085,23.72131113438088,0.8147173261037103,0.20181623224522913,124.31967545046582,0.146446318901979,0.35397455115279747,4007.0,42.62765957446808,6.633950687621132,0.6989049792028792,0.3699632271352701,26.939592871603605,0.3049768978607079,0.12857391651022418,406.0,4.319148936170213,0.6617687705410789,0.4814116955261765,0.68975202009168,3.1202917114067574,0.63900121458558,0.02433569354621986,144.0,1.5319148936170213,0.2091428448040326,0.24393034890525922,0.8878628691708158,1.3443826665267233,0.8625901407836196,0.016843971631205674,0.5319148936170213,0.7127659574468085,0.8297872340425532,0.9680851063829787,0.5319148936170213,0.7021276595744681,0.8085106382978723,0.9574468085106383,,,,94/872
qwen_core,Qwen (core),core,generation,qwen_1p7b_bigdata_to_revisited,dynamic,1p7b_bigdata_to_revisited,qwen_1p7b_bigdata_to_revisited_dynamic,Qwen 1.7B bigdata->revisited,qwen_1p7b_bigdata_to_revisited_dynamic,94,2162.0,23.0,94.0,94.0,94.0,2520.0,2162.0,358.0,26.80851063829787,0.12490501519756839,0.8750949848024316,93619.0,0.0,0.0,0.0,0.0,0.0,2520.0,0.0,0.0,1.3027933748327478,1.8769029280191865,100.02971456289028,51.265928805745624,3789.6153568952714,65.42778006376093,854.457533031875,0.7220002285303018,1.469857325033031,0.755633742083673,1.4861580466201305,1143.0,12.159574468085106,57.164670040554654,0.8576626393740143,0.29558276893293056,11.04911932072153,0.23191983391182827,0.5630057372797511,587.0,6.24468085106383,31.96822003909775,0.7324387752051394,0.48905461736868555,5.396103468858993,0.4116142712609492,0.29396721265216424,204.0,2.1702127659574466,11.922309398325256,0.42965598971440677,0.7785544186722146,1.9059619735636437,0.7294740797723704,0.07649864910503208,113.0,1.202127659574468,6.358702027925643,0.15214604949696006,0.9377766859877651,1.172353158723238,0.9223820053379463,0.0026595744680851063,0.2872340425531915,0.5319148936170213,0.6382978723404256,0.9361702127659575,0.23404255319148937,0.5531914893617021,0.6382978723404256,0.9361702127659575,,,,94/23
qwen_core,Qwen (core),core,generation,qwen_1p7b_bigdata_to_revisited,chembl_count,1p7b_bigdata_to_revisited,qwen_1p7b_bigdata_to_revisited_chembl_count,Qwen 1.7B bigdata->revisited,qwen_1p7b_bigdata_to_revisited_chembl_count,94,6268.0,66.68085106382979,94.0,94.0,94.0,7629.0,6268.0,1361.0,81.15957446808511,0.12787221563191767,0.8721277843680824,93619.0,0.0,0.0,0.0,0.0,0.0,7629.0,0.0,0.0,1.4350418057401404,1.9901689940660103,89.93214532355822,51.71691901800389,187279.8048832645,65.21477620068941,19677.87982881312,0.7013201094096776,1.4780075805903587,0.7151817203815927,1.49532116137865,3385.0,36.01063829787234,64.95710444875161,0.811304660482342,0.3100454914826403,30.88877441035512,0.2600953046544893,0.6260395367892694,1459.0,15.52127659574468,40.153971068148415,0.7010054282298728,0.45160110429404343,12.358048716899889,0.390939131226154,0.3657626800328539,282.0,3.0,20.780543214750722,0.4205391670314587,0.755494251221774,2.4387942807011194,0.7048800104018147,0.123264294806848,124.0,1.3191489361702127,17.90211217347988,0.1589387559233169,0.9255221856378855,1.2444775322360853,0.9085659480568796,0.08776595744680851,0.18085106382978725,0.5106382978723404,0.6702127659574468,0.9468085106382979,0.20212765957446807,0.4787234042553192,0.6914893617021277,0.9468085106382979,,,,94/67
qwen_core,Qwen (core),core,generation,qwen_1p7b_fsq,fixed,1p7b_fsq,qwen_1p7b_fsq_fixed,Qwen 1.7B fsq,qwen_1p7b_fsq_fixed,94,90053.0,958.0106382978723,94.0,94.0,94.0,93905.0,90053.0,3852.0,999.9893617021277,0.0410973476479593,0.9580191787532213,93905.0,0.0,0.0,0.0,0.0,0.0,93905.0,0.0,0.0,1.252459750798282,1.8565123369238818,101.98445463622615,37.50494556818828,694.8790579117137,48.55813212833898,26.8437930818305,0.4147701517293621,1.4514073421975096,0.46111168417474313,1.4540045489119895,15596.0,165.91489361702128,18.723902870338,0.7711845473070954,0.254796884027095,122.141241240394,0.1882853673710956,0.27881308731791127,3968.0,42.212765957446805,4.901755456067705,0.6763716891467727,0.41219380456897875,26.94579810952081,0.34194545102890644,0.08965628434913622,406.0,4.319148936170213,0.5023885172946349,0.46427089753720724,0.7049913564437771,3.150520861381012,0.6510892680966441,0.012149023141382007,137.0,1.4574468085106382,0.1587858223732377,0.1868607374470139,0.9161830287955164,1.286643060429392,0.8956360619808954,0.0,0.4787234042553192,0.723404255319149,0.8723404255319149,0.9787234042553191,0.4574468085106383,0.7446808510638298,0.851063829787234,0.9680851063829787,,,,94/958
qwen_core,Qwen (core),core,generation,qwen_1p7b_fsq,dynamic,1p7b_fsq,qwen_1p7b_fsq_dynamic,Qwen 1.7B fsq,qwen_1p7b_fsq_dynamic,94,2397.0,25.5,94.0,94.0,94.0,2520.0,2397.0,123.0,26.80851063829787,0.039545339412360686,0.9604546605876393,93905.0,0.0,0.0,0.0,0.0,0.0,2520.0,0.0,0.0,1.2550630216551648,1.8376980904270745,99.29835599703127,40.95879012817367,70.93956422252836,48.78517606117359,7.143190219157946,0.7436794791743061,1.450722567650084,0.7563972384302109,1.457049861339706,1204.0,12.808510638297872,52.37208943986823,0.8486128605599615,0.30367667269050985,11.515311686771756,0.23959331184979238,0.5181748369569976,656.0,6.9787234042553195,30.21759025287507,0.7405021345475054,0.4675539956481669,6.044049271048797,0.3975358793658651,0.2748061169027344,210.0,2.234042553191489,10.067716887471574,0.4008343169014164,0.7936019004623625,1.9506238048045448,0.7451585403244703,0.06648936170212766,112.0,1.1914893617021276,5.245172240028161,0.11662469086183676,0.9527308568705424,1.1428169325186741,0.9390924061800987,0.014184397163120567,0.2978723404255319,0.48936170212765956,0.648936170212766,0.9361702127659575,0.2872340425531915,0.5212765957446809,0.6702127659574468,0.9361702127659575,,,,94/26
qwen_core,Qwen (core),core,generation,qwen_1p7b_fsq,chembl_count,1p7b_fsq,qwen_1p7b_fsq_chembl_count,Qwen 1.7B fsq,qwen_1p7b_fsq_chembl_count,94,7146.0,76.02127659574468,94.0,94.0,94.0,7629.0,7146.0,483.0,81.15957446808511,0.03970017209881602,0.960299827901184,93905.0,0.0,0.0,0.0,0.0,0.0,7629.0,0.0,0.0,1.3617236504668502,1.9488443136439173,85.2666220780419,40.23423361928591,100.2228205101266,48.50360543960826,8.368145294423089,0.652610091718916,1.4458867488586862,0.6697372156456152,1.4510345333546888,3502.0,37.255319148936174,58.395767892099116,0.7847287208380664,0.33939630255229725,31.715225629006227,0.2822956191291603,0.5482440307503714,1491.0,15.861702127659575,35.126590684232674,0.6605676220036697,0.48643606910156734,12.600006865318761,0.4205501171073047,0.28676528549167357,272.0,2.893617021276596,20.088458810053798,0.42570470754055917,0.7528051661606632,2.4340303796473526,0.7057928820686559,0.10976003791859137,125.0,1.3297872340425532,17.354151663017376,0.18578314844296764,0.9194798921101026,1.2564816136131265,0.8997371223464886,0.09308510638297872,0.2127659574468085,0.5106382978723404,0.7127659574468085,0.9574468085106383,0.20212765957446807,0.5212765957446809,0.7340425531914894,0.9574468085106383,,,,94/76
qwen_1p7b_fsq_6e_from_bigdata_step28320_core,Qwen 1.7B FSQ 6e from bigdata step 28320 (core),core,generation,qwen_1p7b_fsq_6e_from_bigdata_step28320,fixed,1p7b_fsq_6e_from_bigdata_step28320,qwen_1p7b_fsq_6e_from_bigdata_step28320_fixed,Qwen 1.7B FSQ 6e from bigdata (step 28320),qwen_1p7b_fsq_6e_from_bigdata_step28320_fixed,94,89980.0,957.2340425531914,94.0,94.0,94.0,93919.0,89980.0,3939.0,1000.0,0.0420010173605874,0.9572340425531914,93919.0,0.0,0.0,0.0,0.0,0.0,93919.0,0.0,0.0,1.2482693346425167,1.8485989217300562,101.89169533223951,37.51705880876518,398.17626773447614,48.51484138552808,17.69823056683507,0.41558519708649333,1.4481336991767926,0.4564760143064434,1.4519423921084627,15286.0,162.61702127659575,18.365519062269588,0.7754143768325927,0.2483185195221925,119.93597738668257,0.18676271669859132,0.2785806588772181,3928.0,41.787234042553195,4.8423508363401595,0.6722459715571164,0.4156474262596044,26.393187037633048,0.3449338861377227,0.0945271179280915,389.0,4.138297872340425,0.4821770683378402,0.4632756912191412,0.7139536083376977,2.9468233647795885,0.6599101225274767,0.009181982320280191,137.0,1.4574468085106382,0.1603659260958217,0.20870877700937973,0.9078310443236896,1.300132508785865,0.8856273088770176,0.0017730496453900702,0.5212765957446809,0.7659574468085106,0.8723404255319149,0.9787234042553191,0.5,0.7553191489361702,0.8723404255319149,0.9574468085106383,,,,94/957
qwen_1p7b_fsq_6e_from_bigdata_step28320_core,Qwen 1.7B FSQ 6e from bigdata step 28320 (core),core,generation,qwen_1p7b_fsq_6e_from_bigdata_step28320,dynamic,1p7b_fsq_6e_from_bigdata_step28320,qwen_1p7b_fsq_6e_from_bigdata_step28320_dynamic,Qwen 1.7B FSQ 6e from bigdata (step 28320),qwen_1p7b_fsq_6e_from_bigdata_step28320_dynamic,94,7105.0,75.58510638297872,94.0,94.0,94.0,7514.0,7105.0,409.0,79.93617021276596,0.041293229254468204,0.9587067707455318,93919.0,0.0,0.0,0.0,0.0,0.0,7514.0,0.0,0.0,1.2672112719375543,1.8414766032666499,97.32792850426951,39.5883783651705,276.01511050391576,48.662811190723204,23.35101518300961,0.5955803241964801,1.4775430987343112,0.6196669759783769,1.4778353958764494,3692.0,39.276595744680854,44.19474848715057,0.8187742503965495,0.2932594438431344,33.94912604795528,0.22975426109209537,0.46508230268602274,1589.0,16.904255319148938,21.69588027575408,0.7038903845754495,0.45864577377909244,13.108143766235388,0.3851067683606138,0.19682439484215544,282.0,3.0,8.007906078982515,0.43833789282536423,0.7440262752933692,2.431209348160526,0.696303575055202,0.0360170857511283,125.0,1.3297872340425532,5.7738419166639385,0.16646468761734948,0.9319731222643628,1.2169010398592643,0.912125803668452,0.002127659574468085,0.3191489361702128,0.5851063829787234,0.7553191489361702,0.9468085106382979,0.2765957446808511,0.5851063829787234,0.7659574468085106,0.9468085106382979,,,,94/76
qwen_1p7b_fsq_6e_from_bigdata_step28320_core,Qwen 1.7B FSQ 6e from bigdata step 28320 (core),core,generation,qwen_1p7b_fsq_6e_from_bigdata_step28320,chembl_count,1p7b_fsq_6e_from_bigdata_step28320,qwen_1p7b_fsq_6e_from_bigdata_step28320_chembl_count,Qwen 1.7B FSQ 6e from bigdata (step 28320),qwen_1p7b_fsq_6e_from_bigdata_step28320_chembl_count,94,7116.0,75.70212765957447,94.0,94.0,94.0,7629.0,7116.0,513.0,81.15957446808511,0.044121316368604,0.955878683631396,93919.0,0.0,0.0,0.0,0.0,0.0,7629.0,0.0,0.0,1.3389375744620684,1.943274392718471,86.04873333460716,40.121923858423095,80.61448534017505,48.76309979033773,7.178771536266765,0.6535797782956967,1.426601087750077,0.6756678673658378,1.4273524967700173,3411.0,36.287234042553195,57.94136327838519,0.7910424537918275,0.34391307477937283,30.79614706673227,0.28355852787328967,0.588774927754938,1482.0,15.76595744680851,34.48951297951801,0.6378336597232982,0.5107531917774685,12.264254951964768,0.4355170296415296,0.30020702263468424,286.0,3.0425531914893615,19.62730450417099,0.431289140259507,0.750098164625351,2.5270025686346633,0.7051550455704277,0.10323143553948365,122.0,1.297872340425532,17.107095035804644,0.13749296740055372,0.939598510169186,1.2002684258537395,0.9224978657002246,0.09078014184397164,0.22340425531914893,0.5,0.723404255319149,0.9468085106382979,0.23404255319148937,0.5,0.723404255319149,0.9468085106382979,,,,94/76
qwen_core,Qwen (core),core,generation,qwen_1p7b_fsq_bigdata_pretrain,fixed,1p7b_fsq_bigdata_pretrain,qwen_1p7b_fsq_bigdata_pretrain_fixed,Qwen 1.7B fsq+bigdata-pretrain,qwen_1p7b_fsq_bigdata_pretrain_fixed,94,91519.0,973.6063829787234,94.0,94.0,94.0,93981.0,91519.0,2462.0,999.9893617021277,0.02620139573377758,0.9736169893297553,93981.0,0.0,0.0,0.0,0.0,0.0,93981.0,0.0,0.0,1.3148728275571857,1.8841053898185218,104.99799082677332,37.211802541558015,3799.8433652919803,48.90641082588685,135.3054509227164,0.3020808723977165,1.3169613056906582,0.35258623161649033,1.3489792473165738,27060.0,287.8723404255319,30.303572521439836,0.8495439890065039,0.1972849828583153,246.02798532661163,0.1432963736860694,0.3704055332840875,6933.0,73.75531914893617,7.863325103449709,0.7337501568726386,0.35981752591067145,55.13482586694572,0.30722129860012065,0.09850238411750221,419.0,4.457446808510638,0.4704737218014305,0.47827352568674963,0.6813561562569653,3.4899106486910005,0.6379690444454141,0.01189860072838796,142.0,1.5106382978723405,0.15685488954108504,0.21890614920752108,0.8961999510895965,1.3450131489748194,0.8731084610677587,0.0,0.5,0.8191489361702128,0.9468085106382979,1.0,0.46808510638297873,0.776595744680851,0.925531914893617,0.9893617021276596,,,,94/974
qwen_core,Qwen (core),core,generation,qwen_1p7b_fsq_bigdata_pretrain,dynamic,1p7b_fsq_bigdata_pretrain,qwen_1p7b_fsq_bigdata_pretrain_dynamic,Qwen 1.7B fsq+bigdata-pretrain,qwen_1p7b_fsq_bigdata_pretrain_dynamic,94,7260.0,77.23404255319149,94.0,94.0,94.0,7514.0,7260.0,254.0,79.93617021276596,0.024276865239699245,0.9757231347603007,93981.0,0.0,0.0,0.0,0.0,0.0,7514.0,0.0,0.0,1.3104579911264669,1.8523950469358812,101.96662679325138,39.170985947540814,191.93626459969653,48.930969312073806,16.86615779381041,0.4845932957402037,1.3290325940037981,0.5314844469782208,1.3571737545381932,5070.0,53.93617021276596,56.36767332938079,0.8373590285518236,0.25370387705176295,50.55531175901057,0.203469517160388,0.5412264350791807,2380.0,25.319148936170212,26.205127584571034,0.7121266030694063,0.40994134829957357,21.660618362274423,0.355154954303655,0.21870115490644793,315.0,3.351063829787234,7.357653814392382,0.45820170367402513,0.7117860050760998,2.792525605462728,0.6730256314176015,0.017894624039640834,123.0,1.3085106382978724,5.626965815745428,0.16677374026070674,0.926118911995503,1.2179195967516587,0.9086799378431273,0.0,0.30851063829787234,0.6276595744680851,0.7872340425531915,1.0,0.2553191489361702,0.5851063829787234,0.7872340425531915,0.9893617021276596,,,,94/77
qwen_core,Qwen (core),core,generation,qwen_1p7b_fsq_bigdata_pretrain,chembl_count,1p7b_fsq_bigdata_pretrain,qwen_1p7b_fsq_bigdata_pretrain_chembl_count,Qwen 1.7B fsq+bigdata-pretrain,qwen_1p7b_fsq_bigdata_pretrain_chembl_count,94,7350.0,78.19148936170212,94.0,94.0,94.0,7629.0,7350.0,279.0,81.15957446808511,0.023477780503287672,0.9765222194967124,93981.0,0.0,0.0,0.0,0.0,0.0,7629.0,0.0,0.0,1.416616821401649,1.9848953208608615,90.40129117331206,40.17422537091432,1047.1045598099927,49.14685059004485,80.70670323505473,0.5112870691733102,1.3038843734857863,0.5561757804417238,1.3321814265202208,5153.0,54.819148936170215,70.31457663272074,0.8216319929683097,0.30074843963266334,50.78340049879713,0.261347954695744,0.6767161302892148,2165.0,23.03191489361702,38.90800832981786,0.6752238071348727,0.45151516523248386,19.446316392541235,0.39495964775329273,0.3131413798389235,303.0,3.223404255319149,19.281548815630813,0.43217277714862207,0.7301752192326072,2.714591951576218,0.6871030505468394,0.10828160687087607,122.0,1.297872340425532,17.091534929118804,0.19699170865571775,0.9143153123646897,1.2470627879937564,0.8947673047280355,0.0851063829787234,0.1702127659574468,0.574468085106383,0.8085106382978723,1.0,0.20212765957446807,0.5851063829787234,0.7872340425531915,0.9893617021276596,,,,94/78
qwen_1p7b_fsq_bigdata_step47023_core,Qwen 1.7B FSQ bigdata step 47023 (core),core,generation,qwen_1p7b_fsq_bigdata_step47023,fixed,1p7b_fsq_bigdata_step47023,qwen_1p7b_fsq_bigdata_step47023_fixed,Qwen 1.7B FSQ bigdata (step 47023),qwen_1p7b_fsq_bigdata_step47023_fixed,94,91421.0,972.563829787234,94.0,94.0,94.0,93983.0,91421.0,2562.0,1000.0,0.027269104212445085,0.972563829787234,93983.0,0.0,0.0,0.0,0.0,0.0,93983.0,0.0,0.0,1.320404016047013,1.8893137415992705,105.12039914119359,37.326254166628495,18523.53224567499,48.82098258275718,660.5470724272253,0.3069240369775868,1.3179221377594759,0.35840656043222213,1.3505662025032548,26740.0,284.468085106383,30.00256201381497,0.8461730866966645,0.1982171801835147,243.00190588042517,0.146092853161005,0.3632341718743052,6842.0,72.7872340425532,7.786290494234202,0.7227796177404596,0.36024040689257225,54.03311644145231,0.30643603618649207,0.09992191066432983,436.0,4.638297872340425,0.49288165775078513,0.48475956818471416,0.6785287037416531,3.5163737785283042,0.6352404430118739,0.006091569434911917,138.0,1.4680851063829787,0.1530515258897791,0.22186230611466107,0.8971433730977122,1.3282856676034418,0.8726871950519658,0.0,0.5319148936170213,0.7872340425531915,0.9148936170212766,1.0,0.4787234042553192,0.8085106382978723,0.9042553191489362,0.9893617021276596,,,,94/973
qwen_1p7b_fsq_bigdata_step47023_core,Qwen 1.7B FSQ bigdata step 47023 (core),core,generation,qwen_1p7b_fsq_bigdata_step47023,dynamic,1p7b_fsq_bigdata_step47023,qwen_1p7b_fsq_bigdata_step47023_dynamic,Qwen 1.7B FSQ bigdata (step 47023),qwen_1p7b_fsq_bigdata_step47023_dynamic,94,7224.0,76.85106382978724,94.0,94.0,94.0,7514.0,7224.0,290.0,79.93617021276596,0.026790502291505588,0.9732094977084944,93983.0,0.0,0.0,0.0,0.0,0.0,7514.0,0.0,0.0,1.3191822898409447,1.8630285357412393,99.11434952778546,39.56450638029348,82.79909806282072,48.87256237544006,7.152548826821776,0.4540026665116145,1.325080524396452,0.5012775631296179,1.362372532269502,4959.0,52.755319148936174,55.989374092153895,0.8430048381088202,0.24848960256571484,49.179387943937336,0.1996069466056871,0.5528822287895943,2363.0,25.138297872340427,26.59295993346635,0.7269056901832656,0.4227743292167525,21.45519744333364,0.35795065053735386,0.22908996117492314,315.0,3.351063829787234,7.392673022862652,0.45925640078555685,0.7207139104755866,2.797907402594566,0.6724005593733038,0.011411224709097046,128.0,1.3617021276595744,5.682755037845065,0.21784556859865487,0.9109708436347849,1.2612404513177051,0.8863645472439325,0.0035460992907801418,0.3404255319148936,0.6382978723404256,0.7978723404255319,1.0,0.2872340425531915,0.648936170212766,0.8085106382978723,0.9893617021276596,,,,94/77
qwen_1p7b_fsq_bigdata_step47023_core,Qwen 1.7B FSQ bigdata step 47023 (core),core,generation,qwen_1p7b_fsq_bigdata_step47023,chembl_count,1p7b_fsq_bigdata_step47023,qwen_1p7b_fsq_bigdata_step47023_chembl_count,Qwen 1.7B FSQ bigdata (step 47023),qwen_1p7b_fsq_bigdata_step47023_chembl_count,94,7356.0,78.25531914893617,94.0,94.0,94.0,7629.0,7356.0,273.0,81.15957446808511,0.028197493740536067,0.971802506259464,93983.0,0.0,0.0,0.0,0.0,0.0,7629.0,0.0,0.0,1.4273593357646264,1.981125948535184,92.78722925601716,40.20333061716504,80.96199539675237,49.11485211200172,7.028951557725995,0.5056330030580359,1.2918400002937505,0.54008823714926,1.3216673965777097,5196.0,55.276595744680854,71.71457798546064,0.8208858443290487,0.2964307254018396,51.13885352124938,0.25194753272034437,0.6965779886411889,2130.0,22.659574468085108,39.95454735977519,0.6924180811157151,0.44091472627515743,19.096304694161685,0.3856369766466426,0.334981957029022,305.0,3.24468085106383,19.551488907456033,0.46760667725125477,0.7152746339158893,2.736297342396328,0.6711722097619586,0.10179990859582125,127.0,1.351063829787234,17.197988558603065,0.2085974471130279,0.90514492099492,1.2797188072011911,0.8845864225781628,0.08776595744680851,0.24468085106382978,0.5638297872340425,0.8085106382978723,1.0,0.26595744680851063,0.5851063829787234,0.7978723404255319,0.9893617021276596,,,,94/78
qwen_core,Qwen (core),core,generation,qwen_1p7b_revisited,fixed,1p7b_revisited,qwen_1p7b_revisited_fixed,Qwen 1.7B revisited,qwen_1p7b_revisited_fixed,94,75623.0,804.5,94.0,94.0,94.0,93753.0,75623.0,18130.0,999.9893617021277,0.19384382124508534,0.8045001916810427,93753.0,0.0,0.0,0.0,0.0,0.0,93753.0,0.0,0.0,1.3270183668058568,1.893706693420268,104.70918211072704,45.65049028311074,323617.43726275815,66.20887063464048,12494.566014573591,0.43916048147752573,1.4813612552447997,0.4691055210549883,1.4919440051787587,15644.0,166.4255319148936,27.008489858359923,0.8160200301718803,0.2007197834334126,126.08721911713536,0.14807783045899434,0.36604024160680204,4098.0,43.59574468085106,7.67735411677482,0.7171794923702686,0.35897294620393,28.437630811599828,0.2955857414972016,0.13435822923789473,427.0,4.542553191489362,0.8115872077683656,0.47165323630257,0.6849124774402683,3.241467859986609,0.6366128986872787,0.030222370463049597,132.0,1.4042553191489362,0.27505194085136025,0.1919502159051093,0.9113148313831746,1.29932703640238,0.8885144476699429,0.0,0.46808510638297873,0.7127659574468085,0.8297872340425532,0.9893617021276596,0.425531914893617,0.7340425531914894,0.8191489361702128,0.9787234042553191,,,,94/804
qwen_core,Qwen (core),core,generation,qwen_1p7b_revisited,dynamic,1p7b_revisited,qwen_1p7b_revisited_dynamic,Qwen 1.7B revisited,qwen_1p7b_revisited_dynamic,94,1916.0,20.382978723404257,94.0,94.0,94.0,2520.0,1916.0,604.0,26.80851063829787,0.19772669706180346,0.8022733029381965,93753.0,0.0,0.0,0.0,0.0,0.0,2520.0,0.0,0.0,1.340048591980695,1.9063096485521138,99.48129221938926,53.39979870090842,5301.03363643626,66.92874598790364,1106.5120966226984,0.7864408573918472,1.5035183116623378,0.79842154770135,1.5156067881526871,1060.0,11.27659574468085,60.998132842915936,0.8552627337881458,0.29878177869934225,10.368701487435754,0.23863477598921723,0.6158782215838761,601.0,6.3936170212765955,37.872882760417376,0.7431176626667846,0.4747418894347764,5.6617404766111585,0.4061020213811128,0.3369437925445435,197.0,2.095744680851064,14.234671164998119,0.45919444228870143,0.7780914443952015,1.873792337461144,0.7219585036005189,0.08215130023640661,110.0,1.1702127659574468,8.448613915897463,0.11184297614980622,0.96122442869034,1.1167939346603755,0.9458461265357853,0.024822695035460994,0.22340425531914893,0.425531914893617,0.574468085106383,0.9468085106382979,0.2127659574468085,0.43617021276595747,0.574468085106383,0.9361702127659575,,,,94/20
qwen_core,Qwen (core),core,generation,qwen_1p7b_revisited,chembl_count,1p7b_revisited,qwen_1p7b_revisited_chembl_count,Qwen 1.7B revisited,qwen_1p7b_revisited_chembl_count,94,5612.0,59.702127659574465,94.0,94.0,93.0,7629.0,5612.0,2017.0,81.15957446808511,0.19646600164142258,0.8035339983585774,93753.0,0.0,0.0,0.0,0.0,0.0,7629.0,0.0,0.0,1.4572276239445903,2.0150311897294557,90.24766302778,52.46764729451863,72881.66853272537,66.5832875832574,6526.175731913951,0.6905566136983439,1.4615695076468778,0.7104148955232497,1.4791356262432935,3304.0,35.526881720430104,69.74874667846605,0.8063402370685803,0.3040424837821992,30.932069904724496,0.25947562730238516,0.686661198197627,1474.0,15.849462365591398,43.9746377266028,0.7161315503822607,0.4442700481259158,12.679321889301953,0.37921194757013554,0.399353637724678,285.0,3.064516129032258,22.254181421367942,0.45066849535108144,0.741100503523956,2.522227296683664,0.686228079874106,0.1290758972210585,119.0,1.2795698924731183,18.95469228116442,0.15999546311166074,0.9272228812019572,1.2228946946124886,0.911460149010254,0.0967741935483871,0.22580645161290322,0.4838709677419355,0.6021505376344086,0.967741935483871,0.20430107526881722,0.4838709677419355,0.6559139784946236,0.967741935483871,,,,94/60
qwen_4b_4e_from_bigdata_step20000_core,Qwen 4B 4e from bigdata step 20000 (core),core,generation,qwen_4b_4e_from_bigdata_step20000,fixed,4b_4e_from_bigdata_step20000,qwen_4b_4e_from_bigdata_step20000_fixed,Qwen 4B 4e from bigdata (step 20000),qwen_4b_4e_from_bigdata_step20000_fixed,94,84160.0,895.3191489361702,94.0,94.0,94.0,93741.0,84160.0,9581.0,1000.0,0.10239719176932992,0.8953191489361702,93741.0,0.0,0.0,0.0,0.0,0.0,93741.0,0.0,0.0,1.2935538716059105,1.9007138935551484,103.98391744690181,45.133660111204144,68795.36316123075,63.89312681978476,2682.3879605008797,0.42898290809919104,1.4625703999946291,0.4588192957815402,1.4711760985744164,15646.0,166.4468085106383,22.022873231417606,0.8046335674910077,0.2187364797966933,124.54528617268377,0.16052082468754222,0.3065198437604391,4018.0,42.744680851063826,6.052622642470281,0.6847465104475831,0.3964865066221186,27.251090535578708,0.32758221374515195,0.10684915685739405,397.0,4.223404255319149,0.601748169861162,0.4454982918042977,0.7150854557250123,2.9523805526255,0.6610875027844135,0.011665830634854412,136.0,1.446808510638298,0.1851661928898077,0.21786683373234642,0.9046811899602443,1.308205045777417,0.8811030073710461,0.0,0.5106382978723404,0.723404255319149,0.8617021276595744,0.9787234042553191,0.5106382978723404,0.723404255319149,0.8404255319148937,0.9787234042553191,,,,94/895
qwen_4b_4e_from_bigdata_step20000_core,Qwen 4B 4e from bigdata step 20000 (core),core,generation,qwen_4b_4e_from_bigdata_step20000,dynamic,4b_4e_from_bigdata_step20000,qwen_4b_4e_from_bigdata_step20000_dynamic,Qwen 4B 4e from bigdata (step 20000),qwen_4b_4e_from_bigdata_step20000_dynamic,94,6419.0,68.2872340425532,94.0,94.0,94.0,7514.0,6419.0,1095.0,79.93617021276596,0.098278780706705,0.901721219293295,93741.0,0.0,0.0,0.0,0.0,0.0,7514.0,0.0,0.0,1.2990271909555182,1.8724838148603835,98.6155227637871,49.123587927575926,6855.883992412415,64.23483079540965,687.8965117870492,0.6050297809730978,1.4726936528447492,0.6241571553400483,1.4811508209070032,3544.0,37.702127659574465,48.73542432127827,0.8325332231845076,0.27278702888606876,33.310559051898025,0.21706253238679357,0.48706134994040734,1514.0,16.106382978723403,23.154455882677343,0.720913819704346,0.43485238094524253,12.79884782258193,0.37061828604012254,0.2040746071197156,274.0,2.9148936170212765,7.975667635466194,0.42028863383190773,0.7524295975798295,2.3425954905788986,0.702778653388118,0.0345660249915569,120.0,1.2765957446808511,5.972088990612398,0.17046433285516752,0.9246962858087914,1.2173599800446246,0.9086982004477021,0.0035460992907801418,0.2765957446808511,0.5531914893617021,0.7446808510638298,0.9574468085106383,0.23404255319148937,0.5638297872340425,0.723404255319149,0.9574468085106383,,,,94/68
qwen_4b_4e_from_bigdata_step20000_core,Qwen 4B 4e from bigdata step 20000 (core),core,generation,qwen_4b_4e_from_bigdata_step20000,chembl_count,4b_4e_from_bigdata_step20000,qwen_4b_4e_from_bigdata_step20000_chembl_count,Qwen 4B 4e from bigdata (step 20000),qwen_4b_4e_from_bigdata_step20000_chembl_count,94,6654.0,70.7872340425532,94.0,94.0,94.0,7629.0,6654.0,975.0,81.15957446808511,0.09828747312449217,0.9017125268755078,93741.0,0.0,0.0,0.0,0.0,0.0,7629.0,0.0,0.0,1.41126060917955,1.9920259731773382,89.21056490386327,51.169936098738155,11657.302145215275,64.51442955102634,1181.6129512230427,0.6917265165754739,1.4665109724646126,0.7157641227020745,1.4754217606833608,3492.0,37.148936170212764,64.12635878372873,0.7808646357178054,0.31983786189460645,32.018169374688185,0.2742275411250611,0.6377601024484011,1494.0,15.893617021276595,39.32056077270622,0.6853162899567188,0.46302185708164323,12.386347462377012,0.40052884513369563,0.3636890602391344,281.0,2.9893617021276597,20.933302864472875,0.40787813602060435,0.7646163591863722,2.372914447182033,0.710821539381135,0.1250299755960615,124.0,1.3191489361702127,18.316142703861725,0.16888972464751761,0.9260658180976244,1.2112787508529257,0.9090057018319088,0.10372340425531915,0.18085106382978725,0.4574468085106383,0.6702127659574468,0.9680851063829787,0.1595744680851064,0.425531914893617,0.6595744680851063,0.9680851063829787,,,,94/71
qwen_4b_4e_step20000_core,Qwen 4B 4e step 20000 (core),core,generation,qwen_4b_4e_step20000,fixed,4b_4e_step20000,qwen_4b_4e_step20000_fixed,Qwen 4B 4e (step 20000),qwen_4b_4e_step20000_fixed,94,75636.0,804.6382978723404,94.0,94.0,94.0,92352.0,75636.0,16716.0,1000.0,0.18739210189730074,0.8046382978723404,92352.0,0.0,0.0,0.0,0.0,0.0,92352.0,0.0,0.0,1.3176470983321174,1.8963052922893529,102.72234923684854,46.12653329331232,169240.99039009257,66.38560674369047,6399.251826015381,0.4667378755092694,1.4935486422394444,0.49435069724607356,1.5132141701582338,14207.0,151.13829787234042,24.97432271127116,0.8007652817291672,0.22573078593647075,112.4066437571932,0.1682602106141673,0.3336551427224323,3652.0,38.851063829787236,7.847326036314465,0.6717403370055406,0.3901093501405513,24.745538835278726,0.3266513271404934,0.14284380553927842,404.0,4.297872340425532,1.8099758067102358,0.48583705965738155,0.6944457378136369,2.9771396498928135,0.6338477825782529,0.03828938852783313,136.0,1.446808510638298,1.304252729928472,0.17130546826532497,0.9239696739469074,1.255455414310087,0.90094271563645,0.018617021276595744,0.4574468085106383,0.6914893617021277,0.8191489361702128,0.9893617021276596,0.425531914893617,0.6914893617021277,0.851063829787234,0.9787234042553191,,,,94/805
qwen_4b_4e_step20000_core,Qwen 4B 4e step 20000 (core),core,generation,qwen_4b_4e_step20000,dynamic,4b_4e_step20000,qwen_4b_4e_step20000_dynamic,Qwen 4B 4e (step 20000),qwen_4b_4e_step20000_dynamic,94,5708.0,60.723404255319146,94.0,94.0,92.0,7514.0,5708.0,1806.0,79.93617021276596,0.19321899199463982,0.8067810080053601,92352.0,0.0,0.0,0.0,0.0,0.0,7514.0,0.0,0.0,1.3232566624819238,1.9001078741661928,98.87489906260922,50.52642599806661,21914.873107617157,66.63336379583903,2721.552758946205,0.659006552389639,1.5061211217942003,0.6761071143984083,1.5276160133312988,3176.0,34.52173913043478,51.36167678726521,0.8315635981154085,0.2643250154782459,30.313871334617446,0.20437112389555467,0.5107578053142922,1421.0,15.445652173913043,25.755073071047306,0.7193369233563234,0.4283132454697735,12.272278345311555,0.35700571904421163,0.22556316442578492,285.0,3.097826086956522,8.80050835852675,0.4075482379696149,0.760223129349785,2.3917456462669433,0.7057755150382639,0.0494047619047619,119.0,1.2934782608695652,6.3421073476705825,0.17285997957729266,0.9254877740239766,1.2122633334960946,0.9075597021214048,0.016304347826086956,0.22826086956521738,0.532608695652174,0.6847826086956522,0.9456521739130435,0.18478260869565216,0.5434782608695652,0.6956521739130435,0.9456521739130435,,,,94/61
qwen_4b_4e_step20000_core,Qwen 4B 4e step 20000 (core),core,generation,qwen_4b_4e_step20000,chembl_count,4b_4e_step20000,qwen_4b_4e_step20000_chembl_count,Qwen 4B 4e (step 20000),qwen_4b_4e_step20000_chembl_count,94,5810.0,61.808510638297875,94.0,94.0,91.0,7629.0,5810.0,1819.0,81.15957446808511,0.19317270938393766,0.8068272906160624,92352.0,0.0,0.0,0.0,0.0,0.0,7629.0,0.0,0.0,1.4161916264330738,1.9660579431293481,90.1663026466241,53.473149015373764,12385.09877061863,67.64197995734298,1160.1085645387461,0.6968276330638252,1.4819839219488289,0.7208927891458895,1.499338807285664,3159.0,34.714285714285715,65.02701671118517,0.8149895587477846,0.3048231839676373,30.05939295423582,0.25803445563693145,0.6386034854700988,1366.0,15.010989010989011,38.28002940494155,0.6550627632852708,0.47172025889453145,11.726508666181783,0.41229486825064504,0.33508457995390145,265.0,2.912087912087912,19.979512568481017,0.4369480860241561,0.7495952784101988,2.3532846972613846,0.6952511355364333,0.10914194183850225,121.0,1.3296703296703296,17.073296342398233,0.20075092475132317,0.9161416237088124,1.2367622450636815,0.8949319792012563,0.08516483516483517,0.16483516483516483,0.42857142857142855,0.6923076923076923,0.9560439560439561,0.12087912087912088,0.4175824175824176,0.6923076923076923,0.9560439560439561,,,,94/62
qwen_core,Qwen (core),core,generation,qwen_4b_bigdata,fixed,4b_bigdata,qwen_4b_bigdata_fixed,Qwen 4B bigdata,qwen_4b_bigdata_fixed,94,85221.0,906.6063829787234,94.0,94.0,94.0,93731.0,85221.0,8510.0,999.9574468085107,0.0909799443108057,0.9066423449314143,93731.0,0.0,0.0,0.0,0.0,0.0,93731.0,0.0,0.0,1.3083424267739105,1.826698405555723,105.74446232018711,43.89148654389837,452311.2620356171,65.08055464856336,17549.145043368633,0.32145766349144067,1.304637964006734,0.37010448085822983,1.3317342982676834,25851.0,275.01063829787233,33.073627315238404,0.8507164695565492,0.1692501791281157,231.23043690068184,0.1185763513346,0.4415087041081201,6998.0,74.44680851063829,9.331899896692521,0.7051483636327913,0.3438099289874982,54.06987145117828,0.2887446369268339,0.14828666474106822,443.0,4.712765957446808,0.5851700079581983,0.44856348686851194,0.6980844990978491,3.3928821121648696,0.6529977485508869,0.016119732808562593,134.0,1.425531914893617,0.16779213434452442,0.18027912618613495,0.9144146366117474,1.2664116519746302,0.8937663545167039,0.0035460992907801418,0.5425531914893617,0.7659574468085106,0.9042553191489362,1.0,0.4574468085106383,0.776595744680851,0.8723404255319149,0.9893617021276596,,,,94/907
qwen_core,Qwen (core),core,generation,qwen_4b_bigdata,dynamic,4b_bigdata,qwen_4b_bigdata_dynamic,Qwen 4B bigdata,qwen_4b_bigdata_dynamic,94,2287.0,24.329787234042552,94.0,94.0,94.0,2520.0,2287.0,233.0,26.80851063829787,0.08029381965552178,0.9197061803444783,93731.0,0.0,0.0,0.0,0.0,0.0,2520.0,0.0,0.0,1.2997065972204627,1.8066854122684894,103.20396217827661,50.09646244129235,5306.424417917003,65.3594045086816,1131.9065818762801,0.6241332486218791,1.3018667563759316,0.6651957743441985,1.3302965207509312,1371.0,14.585106382978724,63.193302882475926,0.9132291033305343,0.23585876364781008,13.406116313215776,0.17995006769503186,0.6127597230289776,745.0,7.925531914893617,36.437190797605375,0.7425368221926257,0.4436612660620583,7.077938787845608,0.3771325950488847,0.3241821809904446,212.0,2.25531914893617,10.44912645612487,0.414692592451748,0.7794928426261385,1.9898780469251218,0.7330224376359792,0.047247551502870654,108.0,1.148936170212766,5.2100288334229745,0.0944077191769606,0.9606100116130531,1.1130196051127734,0.9506669781747322,0.005319148936170213,0.2765957446808511,0.5106382978723404,0.6595744680851063,0.9893617021276596,0.26595744680851063,0.5,0.648936170212766,0.9787234042553191,,,,94/24
qwen_core,Qwen (core),core,generation,qwen_4b_bigdata,chembl_count,4b_bigdata,qwen_4b_bigdata_chembl_count,Qwen 4B bigdata,qwen_4b_bigdata_chembl_count,94,6736.0,71.65957446808511,94.0,94.0,94.0,7629.0,6736.0,893.0,81.15957446808511,0.08567705753839652,0.9143229424616035,93731.0,0.0,0.0,0.0,0.0,0.0,7629.0,0.0,0.0,1.4085261092535022,1.9061403176059262,92.79272461268349,49.9594751013114,177170.45870134697,66.20812772403582,19486.842844024544,0.5444665344741516,1.3071638838959585,0.5859362424860677,1.333880042527822,4869.0,51.797872340425535,74.87758562175424,0.8262306052559425,0.2852750721108796,47.02757002444394,0.23918916895812642,0.7574198567003647,2142.0,22.78723404255319,42.218449443744824,0.6903321186497633,0.44440591344482033,19.211877585996138,0.38675918267938103,0.3797804320337306,302.0,3.2127659574468086,19.990912813808087,0.416831343660331,0.7358695844018935,2.7137765518904895,0.6959619269292906,0.113690415594111,119.0,1.2659574468085106,17.329707843890933,0.14400489873478228,0.9308498557905814,1.201002503699628,0.9176037700428374,0.08865248226950355,0.20212765957446807,0.5851063829787234,0.7340425531914894,1.0,0.19148936170212766,0.5638297872340425,0.7659574468085106,0.9893617021276596,,,,94/72
qwen_4b_bigdata_step110000_core,Qwen 4B bigdata step 110000 (core),core,generation,qwen_4b_bigdata_step110000,fixed,4b_bigdata_step110000,qwen_4b_bigdata_step110000_fixed,Qwen 4B bigdata (step 110000),qwen_4b_bigdata_step110000_fixed,94,85457.0,909.1170212765958,94.0,94.0,94.0,93908.0,85457.0,8451.0,1000.0,0.09014130012479919,0.9091170212765958,93908.0,0.0,0.0,0.0,0.0,0.0,93908.0,0.0,0.0,1.3049139416171176,1.8196176144644467,105.96074924330473,44.120573925903955,23828.330561280167,64.42215916478786,942.1861879246026,0.3095705081323664,1.3084964614271997,0.35245168502550367,1.3360500492796368,25550.0,271.8085106382979,32.53580178766413,0.8416769867884991,0.1692841859906394,228.18458636875332,0.12116337526715829,0.4307394933907754,6686.0,71.12765957446808,8.841324833047526,0.7269133680650557,0.3403088056347786,52.49889000153275,0.2883086471012304,0.14125377027900643,420.0,4.468085106382978,0.5443628467590278,0.4512399275298676,0.6995715858404464,3.3435646497281506,0.6529449527965866,0.009139328221318578,135.0,1.4361702127659575,0.16693292902854243,0.20658559302729404,0.9025205748439283,1.304036871544569,0.8808555239469935,0.0,0.5425531914893617,0.776595744680851,0.9148936170212766,1.0,0.5,0.7872340425531915,0.9361702127659575,0.9893617021276596,,,,94/909
qwen_4b_bigdata_step110000_core,Qwen 4B bigdata step 110000 (core),core,generation,qwen_4b_bigdata_step110000,dynamic,4b_bigdata_step110000,qwen_4b_bigdata_step110000_dynamic,Qwen 4B bigdata (step 110000),qwen_4b_bigdata_step110000_dynamic,94,6601.0,70.22340425531915,94.0,94.0,94.0,7514.0,6601.0,913.0,79.93617021276596,0.08838533479218144,0.9116146652078185,93908.0,0.0,0.0,0.0,0.0,0.0,7514.0,0.0,0.0,1.3086663396686133,1.8106657707687213,104.41782703866016,48.17950025664149,4785.231432739664,64.80544822173876,466.9881336862599,0.47537323876682,1.2951819961939606,0.5285175699159428,1.3239848747489706,4576.0,48.680851063829785,59.08700976624249,0.8740012966997296,0.22359129010397463,44.90413648262395,0.17150432804660806,0.5807085103582875,2122.0,22.574468085106382,27.165945949305367,0.7286832460726895,0.40552810477550183,19.177502484041703,0.34144195222091656,0.2247122723935319,310.0,3.297872340425532,7.730058467368093,0.43271153514226873,0.7397649931701491,2.666205821527459,0.6947292388399748,0.03700225834884289,123.0,1.3085106382978724,5.784377842657621,0.15543972796649436,0.929047362960129,1.2218970663018307,0.9106521809350121,0.0035460992907801418,0.32978723404255317,0.6808510638297872,0.7978723404255319,1.0,0.2553191489361702,0.6702127659574468,0.776595744680851,0.9893617021276596,,,,94/70
qwen_4b_bigdata_step110000_core,Qwen 4B bigdata step 110000 (core),core,generation,qwen_4b_bigdata_step110000,chembl_count,4b_bigdata_step110000,qwen_4b_bigdata_step110000_chembl_count,Qwen 4B bigdata (step 110000),qwen_4b_bigdata_step110000_chembl_count,94,6739.0,71.69148936170212,94.0,94.0,94.0,7629.0,6739.0,890.0,81.15957446808511,0.08201624542860529,0.9179837545713947,93908.0,0.0,0.0,0.0,0.0,0.0,7629.0,0.0,0.0,1.3950761989044949,1.8933101724493615,93.37668236298275,50.023563887681256,572.7608198367137,65.02317019529441,49.41540825185016,0.517606697301126,1.2766881084185528,0.5692760276759774,1.3086708700864291,4869.0,51.797872340425535,75.06251385778326,0.8404051724123656,0.2730011572137782,47.233883075945506,0.23306053629060405,0.7511612307094692,2104.0,22.382978723404257,41.33747633451997,0.6985864230703359,0.4354555257215063,18.87810438727222,0.38063270634720664,0.34894083306948154,303.0,3.223404255319149,19.810556829283232,0.4122593968132632,0.7430968871592256,2.608959668071896,0.7019509309999782,0.11468465520858315,118.0,1.2553191489361701,17.313866282861028,0.16893755506150085,0.9304666151124065,1.1911112625739204,0.9133580753540688,0.09042553191489362,0.2765957446808511,0.648936170212766,0.7872340425531915,1.0,0.22340425531914893,0.6063829787234043,0.7978723404255319,0.9893617021276596,,,,94/72
qwen_core,Qwen (core),core,generation,qwen_4b_revisited,fixed,4b_revisited,qwen_4b_revisited_fixed,Qwen 4B revisited,qwen_4b_revisited_fixed,94,75730.0,805.6382978723404,94.0,94.0,93.0,92330.0,75730.0,16600.0,999.9893617021277,0.18639681430702945,0.8056413967158648,92330.0,0.0,0.0,0.0,0.0,0.0,92330.0,0.0,0.0,1.3214959798635506,1.9036617274755014,103.98929383254989,45.9181264114072,689903.8888788985,66.82757542016338,26988.06791699317,0.45078719230334646,1.5081548449744109,0.48186783664337546,1.5256384309067585,14473.0,155.6236559139785,24.64759557896823,0.8119907141502226,0.21035840994554247,115.48092722624014,0.15329990067790245,0.3367038463999552,3765.0,40.483870967741936,7.142522195847442,0.6800801983397001,0.38019637595980316,25.788244142568725,0.3150351212732658,0.13982823842604036,422.0,4.537634408602151,0.7952066710397598,0.4755964711570849,0.6876298672590494,3.1579569915542485,0.6321877947078794,0.03082077798688666,135.0,1.4516129032258065,0.23696862969940505,0.21077996236354585,0.9147086305432377,1.2713149504974015,0.8877924846670888,0.005376344086021506,0.5053763440860215,0.7096774193548387,0.8172043010752689,0.978494623655914,0.44086021505376344,0.7311827956989247,0.8279569892473119,0.967741935483871,,,,94/806
qwen_core,Qwen (core),core,generation,qwen_4b_revisited,dynamic,4b_revisited,qwen_4b_revisited_dynamic,Qwen 4B revisited,qwen_4b_revisited_dynamic,94,1922.0,20.4468085106383,94.0,94.0,93.0,2520.0,1922.0,598.0,26.80851063829787,0.19123606889564337,0.8087639311043566,92330.0,0.0,0.0,0.0,0.0,0.0,2520.0,0.0,0.0,1.329144982595606,1.9106307589300688,99.03287241162376,52.9393390528935,2370.6666349427987,211.59521420191425,660.5247167570108,0.7964111430364107,1.523918861208371,0.8125837385018149,1.5438986710443758,1053.0,11.32258064516129,59.267074005859236,0.8809679921308984,0.2845297310053996,10.355516121979651,0.22085381091244197,0.5732627665494616,590.0,6.344086021505376,36.01428518259464,0.727685408739815,0.49042285061248453,5.562891358149466,0.41374464458955845,0.3142636347732223,196.0,2.10752688172043,13.222599766142075,0.399945055905187,0.7873096140189136,1.867110837557097,0.7406750635146532,0.06541218637992831,108.0,1.1612903225806452,7.448536350566972,0.10943633793217022,0.9586145665600526,1.1162248166702515,0.9452257760024461,0.017921146953405017,0.23655913978494625,0.4731182795698925,0.6344086021505376,0.9139784946236559,0.1935483870967742,0.4731182795698925,0.6451612903225806,0.9247311827956989,,,,94/20
qwen_core,Qwen (core),core,generation,qwen_4b_revisited,chembl_count,4b_revisited,qwen_4b_revisited_chembl_count,Qwen 4B revisited,qwen_4b_revisited_chembl_count,94,5857.0,62.308510638297875,94.0,94.0,93.0,7629.0,5857.0,1772.0,81.15957446808511,0.1843616995209011,0.8156383004790989,92330.0,0.0,0.0,0.0,0.0,0.0,7629.0,0.0,0.0,1.4199884433834775,1.9967099078791055,88.07576271862487,52.970534832675845,132881.4188287046,67.12722639753858,10157.597435272397,0.7028940733027738,1.5016068761295487,0.7286040202474341,1.519654736111785,3255.0,35.0,65.54125754557148,0.7676631648973528,0.3277501607475101,30.28682787636712,0.28354692143729465,0.634115550340511,1386.0,14.903225806451612,40.99704685931703,0.6645225803630915,0.4697200985543706,11.7321532890062,0.40882630078340065,0.3651899251467292,285.0,3.064516129032258,22.782421536399273,0.4548138570287504,0.7394954193157046,2.4234634242657154,0.6829230076961008,0.1646677993452187,118.0,1.2688172043010753,19.194135245130784,0.14285896456813257,0.9397659255684975,1.1932031627125381,0.922095951318232,0.11290322580645161,0.16129032258064516,0.4731182795698925,0.6559139784946236,0.967741935483871,0.17204301075268819,0.4838709677419355,0.6344086021505376,0.967741935483871,,,,94/62
rdkit_torsion_core,RDKit random & Torsion perturb (core),core,generation,rdkit_random_minimized,fixed,,rdkit_random_minimized_fixed,RDKit random (minimized),rdkit_random_minimized_fixed,94,93997.0,999.968085106383,94.0,94.0,94.0,94000.0,93997.0,3.0,1000.0,3.1914893617021275e-05,0.999968085106383,94000.0,0.0,0.0,0.0,0.0,0.0,94000.0,94000.0,0.0,1.1953217058799326,1.786354423377383,109.41330390210275,23.34832604196755,42.06203105118056,26.59598967957552,2.767766571049074,0.5123233508532129,1.335645130015122,0.5561696141030767,1.3767980660912327,4901.0,52.138297872340424,5.213864999253079,0.8235169833531293,0.297259832689558,37.76928091973095,0.2581603294700037,0.07936623343611811,1901.0,20.22340425531915,2.0223628331803924,0.7193130104811918,0.4409366717172795,13.984580971413001,0.39512783635800375,0.03470976834174582,284.0,3.021276595744681,0.30213726285238696,0.4443638066557838,0.7338352504321475,2.6045073550322866,0.699392434057117,0.004758440928653694,118.0,1.2553191489361701,0.12553511598625663,0.14535746494236615,0.9345212765957447,1.2210082399698836,0.9188771276595744,0.0,0.24468085106382978,0.574468085106383,0.7872340425531915,1.0,0.2127659574468085,0.5319148936170213,0.7872340425531915,0.9893617021276596,,,,94/1000
rdkit_torsion_core,RDKit random & Torsion perturb (core),core,generation,rdkit_random_minimized,dynamic,,rdkit_random_minimized_dynamic,RDKit random (minimized),rdkit_random_minimized_dynamic,94,7513.0,79.92553191489361,94.0,94.0,94.0,7514.0,7513.0,1.0,79.93617021276596,0.00015644555694618273,0.9998435544430538,94000.0,0.0,0.0,0.0,0.0,0.0,7514.0,94000.0,0.0,1.1805517009414817,1.7366862619274335,104.12943720741887,23.515906018437832,37.23682840804959,26.851549481204465,2.8321128537796727,0.5685428217017334,1.3536548015946341,0.6107697574440294,1.3840742097921546,2363.0,25.138297872340427,26.095248622251628,0.8172348954070765,0.33857959711945973,21.18522578683369,0.28456660955591867,0.18827178293752492,1179.0,12.542553191489361,14.948100199361779,0.7229820135687932,0.46758510483131777,9.971555654416363,0.4130942064232622,0.08065540849802538,247.0,2.627659574468085,6.6253469405353025,0.4299557830607458,0.7557941945610691,2.3388774521707245,0.7191198456624803,0.0027186761229314412,113.0,1.202127659574468,5.487784243539703,0.1261960103652307,0.9407090177473633,1.1806609721662304,0.9299393804818599,0.0,0.20212765957446807,0.5319148936170213,0.7553191489361702,1.0,0.18085106382978725,0.5,0.7553191489361702,0.9893617021276596,,,,94/80
rdkit_torsion_core,RDKit random & Torsion perturb (core),core,generation,rdkit_random_minimized,chembl_count,,rdkit_random_minimized_chembl_count,RDKit random (minimized),rdkit_random_minimized_chembl_count,94,7629.0,81.15957446808511,94.0,94.0,94.0,7629.0,7629.0,0.0,81.15957446808511,0.0,1.0,94000.0,0.0,0.0,0.0,0.0,0.0,7629.0,94000.0,0.0,1.2635564136576496,1.8368039605068887,91.91221075064567,23.551627263134982,35.50891704988181,26.42045194735935,2.6740413381281387,0.617848057912921,1.337070939889018,0.6608675233284441,1.3754503166027068,2041.0,21.71276595744681,41.152139605035465,0.7563201277186508,0.3842558424781056,18.047005755609025,0.3319405589956797,0.35123114187147253,1033.0,10.98936170212766,29.21934474604056,0.6687609269856511,0.4983809527529087,8.786249446962543,0.4439368585619131,0.21317283726123107,248.0,2.6382978723404253,18.58497351920565,0.43515950964773625,0.7472910361646014,2.331567857433095,0.7086553568525318,0.09254513217279174,115.0,1.2234042553191489,17.028809013329752,0.14965232414362742,0.9379657220909271,1.1785536912451346,0.9216192746178989,0.08776595744680851,0.19148936170212766,0.4574468085106383,0.7021276595744681,1.0,0.14893617021276595,0.44680851063829785,0.7021276595744681,0.9893617021276596,,,,94/81
rdkit_torsion_core,RDKit random & Torsion perturb (core),core,generation,rdkit_random_raw,fixed,,rdkit_random_raw_fixed,RDKit random (raw),rdkit_random_raw_fixed,94,93995.0,999.9468085106383,94.0,94.0,94.0,94000.0,93995.0,5.0,1000.0,5.319148936170213e-05,0.9999468085106383,94000.0,0.0,0.0,0.0,0.0,0.0,94000.0,0.0,0.0,1.2425478766158893,1.7607748701843502,107.10154105086421,58.19537409508551,140.7539470812615,80.31279516039349,10.20536712093246,0.43700384419146104,1.3295346920336741,0.4946945816055674,1.3588694307511966,10775.0,114.62765957446808,11.464241056389183,0.8161985347318254,0.2432898006094612,88.16910569705887,0.20843151654487005,0.15264726521941135,3377.0,35.92553191489362,3.592845220182874,0.7396366183170934,0.39234042642821904,26.941031153783463,0.3502795527154352,0.03934513665784643,326.0,3.4680851063829787,0.3468340873171812,0.4744508192189165,0.7162057735260524,2.9753896389936374,0.67486334550753,0.00036683785766691065,118.0,1.2553191489361701,0.1255415053479267,0.14189421729675897,0.9294680211486803,1.21136966308227,0.9169742546396678,0.0,0.3191489361702128,0.648936170212766,0.8085106382978723,1.0,0.32978723404255317,0.6276595744680851,0.8297872340425532,0.9893617021276596,,,,94/1000
rdkit_torsion_core,RDKit random & Torsion perturb (core),core,generation,rdkit_random_raw,dynamic,,rdkit_random_raw_dynamic,RDKit random (raw),rdkit_random_raw_dynamic,94,7513.0,79.92553191489361,94.0,94.0,94.0,7514.0,7513.0,1.0,79.93617021276596,6.819421713038734e-05,0.9999318057828697,94000.0,0.0,0.0,0.0,0.0,0.0,7514.0,0.0,0.0,1.2346966989678638,1.7355065287446343,99.0311664987299,62.47454320053598,115.57258085736358,80.37859020910163,9.922807062571144,0.546753057740174,1.3338159175880417,0.6019733669724788,1.3546871694900406,3498.0,37.212765957446805,37.70609911165034,0.8045768801418194,0.2954231085333303,32.983393767616285,0.24848900563986392,0.3054489398138386,1628.0,17.319148936170212,18.850763017820732,0.7474435129463437,0.42372747769203456,14.571858981849644,0.37523824733272004,0.11517556697749944,271.0,2.882978723404255,6.896112758131312,0.4446458546694477,0.7433149579416335,2.511505935976655,0.7010470093096179,0.004366574075420658,117.0,1.2446808510638299,5.50271217755892,0.12121673444618056,0.9416969274225162,1.1907794857169673,0.9299173180999675,0.005319148936170213,0.23404255319148937,0.5106382978723404,0.6914893617021277,1.0,0.20212765957446807,0.5212765957446809,0.7127659574468085,0.9893617021276596,,,,94/80
rdkit_torsion_core,RDKit random & Torsion perturb (core),core,generation,rdkit_random_raw,chembl_count,,rdkit_random_raw_chembl_count,RDKit random (raw),rdkit_random_raw_chembl_count,94,7629.0,81.15957446808511,94.0,94.0,94.0,7629.0,7629.0,0.0,81.15957446808511,0.0,1.0,94000.0,0.0,0.0,0.0,0.0,0.0,7629.0,0.0,0.0,1.3221292101028639,1.8318802787779618,89.83293045840364,64.31879118792806,112.09205133012718,80.41687587231854,9.2835141467882,0.6008553763626936,1.332615938970447,0.661716978804147,1.3597425193956378,3221.0,34.265957446808514,52.46828477669194,0.76835115882904,0.33658118405976933,29.492041177235045,0.29199592444160455,0.46848361861673804,1382.0,14.702127659574469,32.557903147666,0.6909477629392863,0.46128076513370564,12.32193998717305,0.40947359412476086,0.238125178297497,261.0,2.776595744680851,18.90962527583525,0.43543582840479034,0.7462218497872758,2.425435979146266,0.7061747000948607,0.09729635890461923,114.0,1.2127659574468086,16.938783217786355,0.12652518162588478,0.9379072988862696,1.1894533366906002,0.9277381049293076,0.0851063829787234,0.19148936170212766,0.43617021276595747,0.6595744680851063,1.0,0.14893617021276595,0.44680851063829785,0.6702127659574468,0.9893617021276596,,,,94/81
rdkit_torsion_core,RDKit random & Torsion perturb (core),core,generation,torsion_minimized,fixed,,torsion_minimized_fixed,Torsion perturb (minimized),torsion_minimized_fixed,94,93997.0,999.968085106383,94.0,94.0,94.0,94000.0,93997.0,3.0,1000.0,3.1914893617021275e-05,0.999968085106383,234000.0,0.0,52571.0,0.0,0.0,0.0,94000.0,141000.0,0.0,1.1196262354627895,1.7693001134357569,101.49876136966,23.427101385433943,34.08870494602849,26.038205540954827,2.560162472364814,0.5352257014187696,1.2855466651587009,0.5807148780774554,1.32986021859195,5642.0,60.02127659574468,6.002325729985304,0.7411262588503674,0.389904074287053,36.366277202396546,0.30448763357984526,0.1070297390168966,2356.0,25.06382978723404,2.5064543266670927,0.603408817600058,0.5352989904798415,13.984225142058397,0.44965442576734294,0.05683725820214907,319.0,3.393617021276596,0.33936915639043297,0.39514303661563255,0.7683539816412157,2.5430111275251606,0.7129061362937278,0.004875886524822695,128.0,1.3617021276595744,0.1361734074500032,0.1858001624189877,0.920468085106383,1.2602320310892692,0.8972553617021277,0.0,0.19148936170212766,0.5425531914893617,0.7978723404255319,0.9893617021276596,0.1702127659574468,0.5425531914893617,0.7978723404255319,0.9787234042553191,,,,94/1000
rdkit_torsion_core,RDKit random & Torsion perturb (core),core,generation,torsion_minimized,dynamic,,torsion_minimized_dynamic,Torsion perturb (minimized),torsion_minimized_dynamic,94,7514.0,79.93617021276596,94.0,94.0,94.0,7514.0,7514.0,0.0,79.93617021276596,0.0,1.0,234000.0,0.0,52571.0,0.0,0.0,0.0,7514.0,141000.0,0.0,1.1228983538377326,1.7619089627059292,94.48605000729592,23.46326222911276,32.866027438237175,26.019963753264424,2.5495155150602065,0.6120128154481066,1.2994288597908468,0.6473804570181061,1.3399572255582095,2350.0,25.0,25.886223588856232,0.7560304595966785,0.4053672444274458,19.298726148527802,0.32348800171651504,0.24920872289550122,1242.0,13.212765957446809,15.746866585252617,0.6168348138909975,0.5521658687537292,9.282904933407167,0.467751291152362,0.13493731094914493,270.0,2.872340425531915,6.972141169009786,0.394652189649261,0.7841430416415913,2.255969010684959,0.7304396414427424,0.023697652819993247,122.0,1.297872340425532,5.5790344008022705,0.1648200203643704,0.9279301134300306,1.220248648992401,0.9089888728728539,0.0035460992907801418,0.14893617021276595,0.44680851063829785,0.7127659574468085,0.9893617021276596,0.1276595744680851,0.4574468085106383,0.7340425531914894,0.9787234042553191,,,,94/80
rdkit_torsion_core,RDKit random & Torsion perturb (core),core,generation,torsion_minimized,chembl_count,,torsion_minimized_chembl_count,Torsion perturb (minimized),torsion_minimized_chembl_count,94,7629.0,81.15957446808511,94.0,94.0,94.0,7629.0,7629.0,0.0,81.15957446808511,0.0,1.0,234000.0,0.0,52571.0,0.0,0.0,0.0,7629.0,141000.0,0.0,1.2370898279566411,1.889928940236288,86.28678405475928,23.547547685392132,32.41305634240068,26.210931874540517,2.4114560093349877,0.6438555574117769,1.2797301928184202,0.676045793763204,1.31437063567353,2055.0,21.861702127659573,41.933067788453485,0.7471556557562371,0.4245773391007798,15.93401351918015,0.3455992357459713,0.4080732154469469,1097.0,11.670212765957446,29.931878170155148,0.5938521142174439,0.5644846921102279,8.02641500414594,0.48288413473597597,0.26834430241617574,255.0,2.7127659574468086,18.781917454933716,0.36704697880042714,0.7940509907747906,2.161901114561158,0.744298434378504,0.09860757723711415,122.0,1.297872340425532,17.132921487181523,0.17882513817797557,0.9245359927670646,1.2377958213055438,0.9039609063012803,0.0851063829787234,0.1595744680851064,0.46808510638297873,0.6808510638297872,0.9893617021276596,0.13829787234042554,0.4574468085106383,0.7021276595744681,0.9787234042553191,,,,94/81
rdkit_torsion_core,RDKit random & Torsion perturb (core),core,generation,torsion_raw,fixed,,torsion_raw_fixed,Torsion perturb (raw),torsion_raw_fixed,94,84269.0,896.4787234042553,94.0,94.0,94.0,94000.0,84269.0,9731.0,1000.0,0.10352127659574469,0.8964787234042553,167000.0,0.0,37963.0,0.0,0.0,0.0,94000.0,0.0,0.0,1.2745066628482973,1.8107510449419257,95.6961621165087,37.31217668166632,124273.00400428602,73.47027318337689,4781.647953802452,0.47731011309251736,1.3365640517170505,0.5284979968674406,1.3787669985791458,27902.0,296.82978723404256,34.605750143045064,0.9493299636368399,0.14615064561014823,277.41484709496405,0.11861305479574,0.3264762584974019,6973.0,74.18085106382979,8.823415832550658,0.761637337539882,0.35884506068765376,61.60890163829558,0.32054807911003724,0.0787441595736959,408.0,4.340425531914893,0.5085223373083322,0.4681996674097839,0.7023211432381343,3.5148867573609976,0.6549214003613615,0.0037854083206826754,134.0,1.425531914893617,0.1645283394323839,0.1986398902651351,0.9109709786259339,1.3210847634985623,0.8857037790932791,0.002127659574468085,0.3191489361702128,0.5957446808510638,0.7872340425531915,0.9893617021276596,0.2872340425531915,0.5851063829787234,0.7872340425531915,0.9787234042553191,,,,94/896
rdkit_torsion_core,RDKit random & Torsion perturb (core),core,generation,torsion_raw,dynamic,,torsion_raw_dynamic,Torsion perturb (raw),torsion_raw_dynamic,94,6557.0,69.75531914893617,94.0,94.0,94.0,7514.0,6557.0,957.0,79.93617021276596,0.09498926347130644,0.9050107365286936,167000.0,0.0,37963.0,0.0,0.0,0.0,7514.0,0.0,0.0,1.2829829004098514,1.7920649532102015,92.98418235615443,41.56484282866074,16943.28535236292,73.6136944422078,2169.891852912217,0.6215400725541355,1.337304280194907,0.669305343655428,1.3837396698584183,4832.0,51.40425531914894,61.38154480805491,0.9408133946585051,0.1903520761800241,49.753640031399534,0.15486193417968164,0.5554529490315022,2253.0,23.96808510638298,27.492854534596237,0.7446412678841418,0.4110378491993579,21.223838167319617,0.35718625822995564,0.19960340422954154,303.0,3.223404255319149,7.579476743834754,0.38431775102365195,0.7542352827922262,2.6989722435919505,0.7126897214712398,0.014192395883325331,121.0,1.2872340425531914,5.7476245235679535,0.15652033190308848,0.9325975526263026,1.213734679068611,0.9137447124275625,0.0,0.18085106382978725,0.4148936170212766,0.6595744680851063,0.9893617021276596,0.1595744680851064,0.425531914893617,0.6382978723404256,0.9787234042553191,,,,94/70
rdkit_torsion_core,RDKit random & Torsion perturb (core),core,generation,torsion_raw,chembl_count,,torsion_raw_chembl_count,Torsion perturb (raw),torsion_raw_chembl_count,94,6688.0,71.14893617021276,94.0,94.0,94.0,7629.0,6688.0,941.0,81.15957446808511,0.1024262918653259,0.8975737081346741,167000.0,0.0,37963.0,0.0,0.0,0.0,7629.0,0.0,0.0,1.3956793410457402,1.921091414742865,81.82535892824133,46.127015968898974,10627.858402977701,74.99350254933077,910.3324265655767,0.6785579645953087,1.334110495617325,0.7370939885010406,1.3770460591769178,5091.0,54.159574468085104,76.67636850636808,0.8507004627764067,0.27503638974157146,52.01313014340775,0.24045741867282772,0.7405927249829862,2052.0,21.829787234042552,41.28368805208354,0.6751514878005006,0.4437568817793253,18.92520519766656,0.4001412546089092,0.32134065347090013,291.0,3.095744680851064,21.21285360980532,0.391008575453834,0.7508555537211358,2.606278824492127,0.7095787530380997,0.12664491328446273,121.0,1.2872340425531914,18.447874976581783,0.17294277248710938,0.9282680158140533,1.226580629400571,0.90596002001812,0.10638297872340426,0.10638297872340426,0.35106382978723405,0.6595744680851063,0.9893617021276596,0.09574468085106383,0.32978723404255317,0.6382978723404256,0.9787234042553191,,,,94/71
torsional_diffusion_core,Torsional Diffusion (core),core,generation,torsional_diffusion_raw,fixed,,torsional_diffusion_raw_fixed,Torsional Diffusion,torsional_diffusion_raw_fixed,94,82854.0,881.4255319148937,94.0,94.0,94.0,94000.0,82854.0,11146.0,1000.0,0.11857446808510638,0.8814255319148936,94000.0,0.0,0.0,0.0,0.0,0.0,94000.0,0.0,0.0,1.398094194627891,1.992207200548306,107.38416812833725,56.24173421796302,114922.19710911017,85.18302512097148,5374.511008959979,0.370667059298077,1.449472901254014,0.4211007591536054,1.4643260287735025,17644.0,187.70212765957447,25.738064156713243,0.8187855787348963,0.2020194956117491,150.78784923426258,0.15926176906640668,0.3330943973025136,5160.0,54.8936170212766,8.286908287147403,0.729104428395695,0.3568757405270417,39.86331361407826,0.3071217962446421,0.11595552987547622,491.0,5.223404255319149,0.7619380394925968,0.5077883680275374,0.6607710489777675,4.0060652241798,0.618261850076627,0.005416890160319445,140.0,1.4893617021276595,0.1952155747483542,0.19633193739966545,0.8995055835885178,1.3731156352375236,0.8781263879624787,0.0,0.425531914893617,0.7872340425531915,0.8936170212765957,1.0,0.40425531914893614,0.776595744680851,0.8936170212765957,0.9893617021276596,,,,94/881
torsional_diffusion_core,Torsional Diffusion (core),core,generation,torsional_diffusion_raw,dynamic,,torsional_diffusion_raw_dynamic,Torsional Diffusion,torsional_diffusion_raw_dynamic,94,6205.0,66.01063829787235,94.0,94.0,94.0,7514.0,6205.0,1309.0,79.93617021276596,0.11622396867485447,0.8837760313251455,94000.0,0.0,0.0,0.0,0.0,0.0,7514.0,0.0,0.0,1.391961666342605,1.9617154128356915,103.28460652647973,62.7851934853298,54522.06338082384,87.00857520470005,5276.231272216231,0.5349703445656853,1.439869646441485,0.5766675076968583,1.4574897512421625,3619.0,38.5,51.73262817191136,0.8576426922321941,0.23928191012171515,34.76490737277866,0.19148524628860983,0.51034326768131,1720.0,18.29787234042553,25.89685898811467,0.7390155607060914,0.4051632921167843,15.592600883093452,0.34656839110859067,0.19445831324622198,331.0,3.521276595744681,8.690461717076836,0.44161173537436105,0.7151340643915345,2.946546142413382,0.6723347779578475,0.022015388317910344,136.0,1.446808510638298,6.086719476738923,0.23022852918488868,0.88735381646662,1.360287387114634,0.8654614843828697,0.0035460992907801418,0.2765957446808511,0.6063829787234043,0.7659574468085106,0.9893617021276596,0.23404255319148937,0.6063829787234043,0.776595744680851,0.9787234042553191,,,,94/66
torsional_diffusion_core,Torsional Diffusion (core),core,generation,torsional_diffusion_raw,chembl_count,,torsional_diffusion_raw_chembl_count,Torsional Diffusion,torsional_diffusion_raw_chembl_count,94,6516.0,69.31914893617021,94.0,94.0,94.0,7629.0,6516.0,1113.0,81.15957446808511,0.12693837313295991,0.8730616268670401,94000.0,0.0,0.0,0.0,0.0,0.0,7629.0,0.0,0.0,1.5090171957358283,2.0849470108610793,90.30770544440142,63.3532725535009,17913.208991213538,85.46445633836811,2018.5193661752062,0.582070319346061,1.4473005190215469,0.6184345997107287,1.4638050873819042,3849.0,40.9468085106383,67.46107874598229,0.8046316729225522,0.30392153177258446,36.413145367767136,0.265017691143504,0.6639579011609503,1646.0,17.51063829787234,41.89881698974458,0.6880297080754127,0.44728815962421553,14.262630335373581,0.3920965770880435,0.35907018247921035,329.0,3.5,22.43513119609667,0.468399276520521,0.7065768554458246,2.9270878166033927,0.6596796622765817,0.13546553802613479,130.0,1.3829787234042554,18.73539651840407,0.19467448928942283,0.9071696432157061,1.2989186886709447,0.8875896303064083,0.10195035460992907,0.19148936170212766,0.5638297872340425,0.7340425531914894,0.9787234042553191,0.19148936170212766,0.5212765957446809,0.7446808510638298,0.9680851063829787,,,,94/69
reference_core,Reference datasets (core),core,reference,casf_crystal,reference,,casf_crystal,CASF crystal,casf_crystal,94,94.0,1.0,,,,94.0,,1.0,,,,,,,,,,,,,,,0.0,60.720057418289244,60.720057418289244,60.720057418289244,0.0,,,,,94.0,1.0,100.0,0.0,1.0,1.0,1.0,1.0,94.0,1.0,100.0,0.0,1.0,1.0,1.0,1.0,94.0,1.0,100.0,0.0,1.0,1.0,1.0,1.0,94.0,1.0,100.0,0.0,1.0,1.0,1.0,1.0,,,,,,,,,0.0,0.0,0.010638297872340425,94/1
reference_core,Reference datasets (core),core,reference,casf_opt,reference,,casf_opt,CASF optimized,casf_opt,94,94.0,1.0,,,,94.0,,3.0,,,,,,,,,,,,,,,0.0,50.87094247875891,50.87094247875891,50.87094247875891,0.0,,,,,94.0,1.0,100.0,0.0,1.0,1.0,1.0,1.0,94.0,1.0,100.0,0.0,1.0,1.0,1.0,1.0,94.0,1.0,100.0,0.0,1.0,1.0,1.0,1.0,94.0,1.0,100.0,0.0,1.0,1.0,1.0,1.0,,,,,,,,,1.0,0.010638297872340425,0.031914893617021274,94/1
reference_core,Reference datasets (core),core,reference,chembl3d_gt,reference,,chembl3d_gt,ChEMBL3D ground truth,chembl3d_gt,94,7629.0,81.15957446808511,,,,7629.0,,0.0,,,,,,,,,,,,,1.3337952399673372,1.903530987684773,81.07604710161806,32.4429203883167,41.992559327685186,36.81368865810291,2.5900425064942474,0.5253817379090603,1.3261205584541649,0.5728213900171986,1.3528475236317279,2041.0,21.71276595744681,45.29527408086125,0.8205794660098911,0.3175219662736054,17.888474951196855,0.2764454817803766,0.37027876354748124,723.0,7.691489361702128,28.488082389887563,0.7228635462791325,0.47200255574909783,6.294381513652006,0.41829223152719974,0.19694049328114935,199.0,2.117021276595745,18.336994107244454,0.42071056178761856,0.7797228992461458,1.896924715791525,0.7375742443623227,0.08865248226950355,113.0,1.202127659574468,16.974455892756254,0.1548233200951255,0.9319699164865716,1.1769608820298672,0.9193129392503355,0.0851063829787234,0.2553191489361702,0.6382978723404256,0.7872340425531915,0.9787234042553191,0.20212765957446807,0.6170212765957447,0.7659574468085106,0.9787234042553191,0.0,0.0,0.0,94/81
reference_core,Reference datasets (core),core,reference,chembl3d_gt_pb,reference,,chembl3d_gt_pb,ChEMBL3D ground truth PB,chembl3d_gt_pb,94,7629.0,81.15957446808511,,,,7629.0,,0.0,,,,,,,,,,,,,1.3337952399673372,1.903530987684773,81.07604710161806,32.4429203883167,41.992559327685186,36.81368865810291,2.5900425064942474,0.5253817379090603,1.3261205584541649,0.5728213900171986,1.3528475236317279,2041.0,21.71276595744681,45.29527408086125,0.8205794660098911,0.3175219662736054,17.888474951196855,0.2764454817803766,0.37027876354748124,723.0,7.691489361702128,28.488082389887563,0.7228635462791325,0.47200255574909783,6.294381513652006,0.41829223152719974,0.19694049328114935,199.0,2.117021276595745,18.336994107244454,0.42071056178761856,0.7797228992461458,1.896924715791525,0.7375742443623227,0.08865248226950355,113.0,1.202127659574468,16.974455892756254,0.1548233200951255,0.9319699164865716,1.1769608820298672,0.9193129392503355,0.0851063829787234,0.2553191489361702,0.6382978723404256,0.7872340425531915,0.9787234042553191,0.20212765957446807,0.6170212765957447,0.7659574468085106,0.9787234042553191,0.0,0.0,0.0,94/81
reference_core,Reference datasets (core),core,reference,chembl3d_sdf,reference,,chembl3d_sdf,ChEMBL3D topology SDF,chembl3d_sdf,94,94.0,1.0,,,,94.0,,0.0,,,,,,,,,,,,,,,0.0,37.97928028916962,37.97928028916962,37.97928028916962,0.0,,,,,94.0,1.0,100.0,0.0,1.0,1.0,1.0,1.0,94.0,1.0,100.0,0.0,1.0,1.0,1.0,1.0,94.0,1.0,100.0,0.0,1.0,1.0,1.0,1.0,94.0,1.0,100.0,0.0,1.0,1.0,1.0,1.0,,,,,,,,,0.0,0.0,0.0,94/1
flowr_raw_ref,FlowR (ref),ref,generation,flowr_raw,fixed,,flowr_raw_fixed,FlowR,flowr_raw_fixed,1236,1113055.0,900.5299352750809,1236.0,1236.0,1236.0,1227684.0,1113055.0,114629.0,1000.0,0.09342556978128626,0.9005299352750809,1227684.0,0.0,0.0,0.0,0.0,0.0,1227684.0,0.0,0.0,1.3574283755256322,1.8848046682021258,108.13821035745416,18.04129673046855,231.98316815915865,28.918268617752762,19.690960761107345,0.42343758941022397,1.4344789548641093,,,337488.0,273.0485436893204,32.98970319031437,0.7639374854921408,0.23214753055190193,233.9097324030895,0.1988299724987742,0.47663431343133766,130248.0,105.37864077669903,13.671269946776771,0.6870175902622936,0.35949091978686004,83.6925323686196,0.31890692509496316,0.21767324742745647,11617.0,9.398867313915858,1.668491115774279,0.47005042772345507,0.6510831198305831,7.178524969982819,0.6086955956005763,0.021822175106285025,2440.0,1.9741100323624596,0.38789679205701755,0.2551074898560279,0.8687570282360705,1.7435461972426856,0.8421920546780616,0.002089108389847112,0.38754045307443363,0.6941747572815534,0.8551779935275081,0.9927184466019418,,,,,,,,1236/901
flowr_raw_ref,FlowR (ref),ref,generation,flowr_raw,dynamic,,flowr_raw_dynamic,FlowR,flowr_raw_dynamic,1236,87778.0,71.01779935275081,1236.0,1236.0,1235.0,99905.0,87778.0,12127.0,80.93284789644012,0.09392371490310476,0.9057818766107392,1227684.0,0.0,0.0,0.0,0.0,0.0,99905.0,0.0,0.0,1.3698872153084067,1.890072885823066,102.87897293357888,18.707848458011373,128.7709310858505,28.860019203401567,17.78257739295468,0.593546304757483,1.4319409572826258,,,57483.0,46.54493927125506,54.771458722115604,0.8284010526689226,0.2700159141814554,44.01150853682862,0.229611839243997,0.5386762417069136,33606.0,27.211336032388665,32.760907028462036,0.7174937472534286,0.40557545487994123,24.269776715317022,0.35879778205667623,0.29779980827147495,6587.0,5.333603238866397,10.376373106783506,0.46156545604465404,0.6919957978680822,4.5053703711992785,0.6488117973134835,0.05219091965073522,2004.0,1.6226720647773278,6.588817044618649,0.19722290993017816,0.8995376022175107,1.500160293516304,0.8799670212813956,0.015567500704134733,0.22834008097165992,0.5044534412955466,0.71417004048583,0.988663967611336,,,,,,,,1236/71
flowr_raw_ref,FlowR (ref),ref,generation,flowr_raw,chembl_count,,flowr_raw_chembl_count,FlowR,flowr_raw_chembl_count,1236,72075.0,58.31310679611651,1236.0,1236.0,1232.0,81962.0,72075.0,9887.0,66.31229773462783,0.09088873278532408,0.9091112672146759,1227684.0,0.0,0.0,0.0,0.0,0.0,81962.0,0.0,0.0,1.4588583623164646,1.981025721201022,91.91531139138631,19.019919211603828,124.32467482913607,28.892902635274712,17.663697181765233,0.6506780661957755,1.4251466073668775,,,51369.0,41.695616883116884,69.50848626453286,0.8114402971860369,0.31056905531679174,39.34514691548759,0.2723209183699379,0.6582179149133794,29761.0,24.156655844155843,46.34182298590654,0.7001425895020037,0.4355448812797695,21.603923526627327,0.3888854395454643,0.3990275210415631,5747.0,4.6647727272727275,21.698181476679633,0.4444279092176862,0.7035934225593352,3.9330625104099384,0.6635587294730854,0.13678154177684948,1918.0,1.5568181818181819,17.196368295301163,0.19791252156715744,0.9006025994656423,1.445178759709347,0.8803573516120784,0.08657137122832612,0.19074675324675325,0.4375,0.6631493506493507,0.9788961038961039,,,,,,,,1236/58
loqi_ref,LOQI (ref),ref,generation,loqi_raw,fixed,,loqi_raw_fixed,LOQI,loqi_raw_fixed,1236,1231021.0,995.9716828478964,1236.0,1236.0,1236.0,1236000.0,1231021.0,4979.0,1000.0,0.00402831715210356,0.9959716828478964,1236000.0,0.0,0.0,0.0,0.0,0.0,1236000.0,0.0,0.0,1.0456813521153212,1.5924771473186365,101.87481199819618,24.461215811414792,5991873963670.766,30.47054586248362,195823268111.12314,0.3816590837663093,1.300345426343367,,,106525.0,86.18527508090615,8.691469175466507,0.6945033671483567,0.33135432468097364,56.01822598882493,0.2685230806014503,0.19883279100827697,30171.0,24.410194174757283,2.4825334334333276,0.6076937798110547,0.5047386250787852,15.588186329479164,0.4423551806947469,0.07130353213362839,4564.0,3.692556634304207,0.37779712193792825,0.3338409534672438,0.8019537991429935,2.551468362265454,0.7659446804642983,0.012828271632335608,1732.0,1.401294498381877,0.14195075567953602,0.10513999660834777,0.9509320717969678,1.2235662143786348,0.9386499065847562,0.0035987355899786888,0.5097087378640777,0.761326860841424,0.8681229773462783,0.988673139158576,,,,,,,,1236/996
loqi_ref,LOQI (ref),ref,generation,loqi_raw,dynamic,,loqi_raw_dynamic,LOQI,loqi_raw_dynamic,1236,126130.0,102.04692556634305,1236.0,1236.0,1236.0,126705.0,126130.0,575.0,102.5121359223301,0.003921727280856702,0.9960782727191433,1236000.0,0.0,0.0,0.0,0.0,0.0,126705.0,0.0,0.0,1.0459377887801962,1.587210434322905,98.86720229410342,25.356216660803224,58315625947.326485,30.47289441303561,3424390966.7700553,0.5109179567592511,1.291537594313709,,,37663.0,30.47168284789644,23.678655454345687,0.7430571973323818,0.3690966263575042,23.9591072189766,0.2990459509310905,0.2821213865335793,15065.0,12.18851132686084,10.821220339136142,0.6294531644618429,0.5382853385405176,9.100008833048465,0.47261494500226453,0.1103933475106719,3423.0,2.7694174757281553,4.740676240752085,0.3317291310099933,0.8191837719143266,2.1859686468677175,0.7854907194420881,0.016587010183388255,1581.0,1.279126213592233,3.8796911643154295,0.08635653295117425,0.960365981340003,1.1764286248814695,0.9507267214900755,0.0024436159549428155,0.3705501618122977,0.6529126213592233,0.7847896440129449,0.9773462783171522,,,,,,,,1236/102
loqi_ref,LOQI (ref),ref,generation,loqi_raw,chembl_count,,loqi_raw_chembl_count,LOQI,loqi_raw_chembl_count,1236,81598.0,66.01779935275081,1236.0,1236.0,1236.0,81962.0,81598.0,364.0,66.31229773462783,0.003330281145660096,0.9966697188543399,1236000.0,0.0,0.0,0.0,0.0,0.0,81962.0,0.0,0.0,1.1171018132064545,1.660163174131193,87.33888233197206,25.984494834462836,111079728042.9507,30.51509987339175,8396699501.547632,0.5848287027147206,1.2916037332894679,,,27476.0,22.22977346278317,42.80434001670931,0.724624610436046,0.412694225403739,17.473995974605764,0.3453180862587316,0.42034548179234005,11306.0,9.147249190938512,26.530647601432936,0.6042939415783477,0.5675338383547769,6.855795039836197,0.5028496547756643,0.2208989760120995,2968.0,2.401294498381877,17.448616862563195,0.3122818914072739,0.8328442826750191,1.980739651980219,0.7991018951575185,0.0984534010078973,1523.0,1.2322006472491909,15.910576215258693,0.0874514667274556,0.9597209913175493,1.1547256457414214,0.950905638855092,0.0786269702907564,0.29692556634304207,0.5760517799352751,0.7427184466019418,0.9676375404530745,,,,,,,,1236/66
mcf_drugs_l_ref,MCF drugs-L (ref),ref,generation,mcf_drugs_l_raw,fixed,,mcf_drugs_l_raw_fixed,MCF drugs-L,mcf_drugs_l_raw_fixed,1236,1079976.0,873.7669902912621,1236.0,1236.0,1236.0,1236000.0,1079976.0,156024.0,1000.0,0.12623300970873785,0.8737669902912621,1236000.0,0.0,0.0,0.0,0.0,0.0,1236000.0,0.0,0.0,1.2743766048446403,1.8530895163837535,105.76430051631512,27.864347018539362,85130.14554497415,39.19077325478051,3960.83565688568,0.4494819534466644,1.4334982539446857,,,125414.0,101.46763754045307,14.367650224286253,0.7943215964412037,0.2362816268521044,69.68767366165625,0.18416245633091255,0.23021068897837363,33931.0,27.452265372168284,4.674792935727014,0.7052399549077105,0.4007583610526575,17.646773817657856,0.34497952638831614,0.08427938215211271,4740.0,3.8349514563106797,0.9169579751372456,0.42984671602801106,0.7279834882035952,2.914751014287327,0.6837592234360753,0.014457687003588725,1779.0,1.4393203883495145,0.3545187403967887,0.18404202780838497,0.9164235375859294,1.3130856856811568,0.8959369271620639,0.00085910583483399,0.4401294498381877,0.7127831715210357,0.8462783171521036,0.970873786407767,,,,,,,,1236/874
mcf_drugs_l_ref,MCF drugs-L (ref),ref,generation,mcf_drugs_l_raw,dynamic,,mcf_drugs_l_raw_dynamic,MCF drugs-L,mcf_drugs_l_raw_dynamic,1236,84768.0,68.58252427184466,1236.0,1236.0,1228.0,100033.0,84768.0,15265.0,80.93284789644012,0.12665670550804953,0.8733432944919505,1236000.0,0.0,0.0,0.0,0.0,0.0,100033.0,0.0,0.0,1.2837525834464936,1.8464730882952014,100.72228902774589,29.762963847342192,13594.523929452887,39.52559505022567,1574.2208721626764,0.5914599955843801,1.4240211538440306,,,39220.0,31.938110749185668,42.01154850609932,0.8246304826080135,0.2901969684317828,27.293708304355032,0.23264701395140486,0.40281372853649733,16206.0,13.197068403908794,21.483248404463477,0.7128698408852646,0.4513992525261133,10.361032777438275,0.38991299752388525,0.17583254869078893,3582.0,2.916938110749186,9.218279076849216,0.40222261720057734,0.7599672601054728,2.401825321239272,0.7183766874381214,0.03792819447039043,1642.0,1.3371335504885993,7.161427093340368,0.15866277092056846,0.930546392966529,1.2446460605697856,0.9122872215697814,0.016230094100615274,0.2996742671009772,0.5602605863192183,0.7361563517915309,0.9617263843648208,,,,,,,,1236/69
mcf_drugs_l_ref,MCF drugs-L (ref),ref,generation,mcf_drugs_l_raw,chembl_count,,mcf_drugs_l_raw_chembl_count,MCF drugs-L,mcf_drugs_l_raw_chembl_count,1236,68498.0,55.419093851132686,1236.0,1236.0,1221.0,81962.0,68498.0,13464.0,66.31229773462783,0.1264276515853607,0.8735723484146393,1236000.0,0.0,0.0,0.0,0.0,0.0,81962.0,0.0,0.0,1.3615469858550746,1.915544924621401,88.27183599350369,31.016430398835613,10260.15783383103,53.336035473190435,1173.9080906384859,0.6665569160517352,1.429928774274745,,,33850.0,27.723177723177724,58.1838891871623,0.7849155600063348,0.3443716676992964,23.74380644949005,0.29388086904814825,0.5463044131726364,14290.0,11.703521703521703,35.75009822474931,0.6709425565103035,0.48498621123217694,9.28722604412116,0.42750449440674876,0.2855913203220248,3325.0,2.723177723177723,21.14924286270135,0.3946047584328806,0.7692110489045109,2.297320049674047,0.7281038548313576,0.11975504436055719,1603.0,1.312858312858313,18.52158481342915,0.15341013893726813,0.9334441601904396,1.2299152029375358,0.9160352302509387,0.09428509428509428,0.2072072072072072,0.48976248976248976,0.7067977067977068,0.9565929565929566,,,,,,,,1236/55
nextmol_dmt_l_ref,NextMol DMT-L (ref),ref,generation,nextmol_dmt_l_raw,fixed,,nextmol_dmt_l_raw_fixed,NextMol DMT-L,nextmol_dmt_l_raw_fixed,1236,1089456.0,881.4368932038835,1236.0,1236.0,1233.0,1236000.0,1089456.0,146544.0,1000.0,0.11856310679611651,0.8814368932038835,1236000.0,0.0,0.0,0.0,0.0,0.0,1236000.0,0.0,0.0,1.2311149410759146,1.7981672710229517,105.2503203232323,25.87596759764158,334.26357676181414,32.866447796016644,13.192345996215526,0.4483991346303847,1.3988139925816028,,,121290.0,98.3698296836983,13.103952331764193,0.7655449097503693,0.26300869864784265,68.79661193930438,0.2136708418251187,0.2136766328049303,34387.0,27.88888888888889,4.287103354909454,0.6927119265676921,0.4177185857725487,18.799598573359045,0.36611285215865125,0.07276505239532692,5091.0,4.128953771289538,0.9634925332807092,0.4111823400481684,0.7405716692454885,3.0991535552397367,0.7006368469422756,0.01245256421162538,1844.0,1.4955393349553934,0.5046521967104043,0.18011005951774536,0.9183722573450896,1.3436633505789577,0.898038931308642,0.00325408005008466,0.41362530413625304,0.7104622871046229,0.8499594484995945,0.9724249797242498,,,,,,,,1236/881
nextmol_dmt_l_ref,NextMol DMT-L (ref),ref,generation,nextmol_dmt_l_raw,dynamic,,nextmol_dmt_l_raw_dynamic,NextMol DMT-L,nextmol_dmt_l_raw_dynamic,1236,85837.0,69.44741100323624,1236.0,1236.0,1225.0,100033.0,85837.0,14196.0,80.93284789644012,0.11962966284980998,0.88037033715019,1236000.0,0.0,0.0,0.0,0.0,0.0,100033.0,0.0,0.0,1.2401143090374722,1.7993164842642981,99.52022919964791,27.237511835274788,78.16840065037646,32.96756965328349,6.674940118462666,0.5822424149310456,1.3914026505007628,,,38522.0,31.4465306122449,39.431720919985935,0.8054813460260282,0.30995216577671697,26.989408575258985,0.2535244571441453,0.3745082891945043,16568.0,13.524897959183674,20.242436006006034,0.7044612900696781,0.4626735318958004,10.807803997242457,0.4038208297224974,0.1576128521186629,3760.0,3.0693877551020408,8.797592979591615,0.39815230669865725,0.7648751123989682,2.5251342431803367,0.7239392579249851,0.03268951674598243,1673.0,1.3657142857142857,6.870856216566942,0.1481959478805294,0.934160952645186,1.2652059479682713,0.9176102553196941,0.014254008638948821,0.28408163265306124,0.5706122448979591,0.7526530612244898,0.9608163265306122,,,,,,,,1236/69
nextmol_dmt_l_ref,NextMol DMT-L (ref),ref,generation,nextmol_dmt_l_raw,chembl_count,,nextmol_dmt_l_raw_chembl_count,NextMol DMT-L,nextmol_dmt_l_raw_chembl_count,1236,69744.0,56.42718446601942,1236.0,1236.0,1220.0,81962.0,69744.0,12218.0,66.31229773462783,0.11811417791760792,0.8818858220823921,1236000.0,0.0,0.0,0.0,0.0,0.0,81962.0,0.0,0.0,1.323511196051308,1.8833962400903346,88.67852058756888,28.31544615046422,76.83256203601161,33.470124908430485,7.265646884138622,0.6420215968260921,1.3962657337451239,,,33746.0,27.660655737704918,55.9867443082961,0.7751401809327139,0.3527596895664795,23.76576549701625,0.30066076449926543,0.5218203310096474,14584.0,11.954098360655738,34.57764428985433,0.6720367932834379,0.4892180084078701,9.64413637308843,0.4328883431683364,0.27637017239656264,3477.0,2.85,20.32869244098565,0.3724298603920151,0.7808019981807608,2.3616412272151277,0.7420330127872817,0.12088057527397142,1634.0,1.339344262295082,17.988174489358297,0.13807965813312567,0.938607727204071,1.2431430752179284,0.9227427489579049,0.09456945528666841,0.21721311475409835,0.5147540983606558,0.7155737704918033,0.9573770491803278,,,,,,,,1236/56
qwen_0p6b_fsq_6e_from_bigdata_step28320_ref,Qwen 0.6B FSQ 6e from bigdata step 28320 (ref),ref,generation,qwen_0p6b_fsq_6e_from_bigdata_step28320,fixed,0p6b_fsq_6e_from_bigdata_step28320,qwen_0p6b_fsq_6e_from_bigdata_step28320_fixed,Qwen 0.6B FSQ 6e from bigdata (step 28320),qwen_0p6b_fsq_6e_from_bigdata_step28320_fixed,1236,1153577.0,933.3147249190938,1236.0,1236.0,1236.0,1233014.0,1153577.0,79437.0,1000.0,0.06481208628939061,0.9333147249190938,1233014.0,0.0,0.0,0.0,0.0,0.0,1233014.0,0.0,0.0,1.224827905975371,1.7812517543631607,100.67531103807353,36.87957187764295,2314.6534706849484,47.819883685635205,95.19350405698025,0.4599907966349971,1.4353497741717003,,,183032.0,148.084142394822,17.552024677248202,0.7939579392947236,0.23249978014229966,103.2837468067017,0.17414734849310318,0.265341583136625,43199.0,34.950647249190936,4.668402466708278,0.6825989060680778,0.41389295578643465,21.40969215809171,0.34336788551659364,0.08874176702909127,5072.0,4.1035598705501615,0.6170994818306064,0.40582450922168023,0.7471026504600096,2.8383589768285566,0.6988036701987591,0.011642368726149516,1820.0,1.4724919093851132,0.2010729829509,0.16694814934757984,0.9260738310008428,1.2846470465128532,0.9054994764168056,0.0014560946830280991,0.4741100323624595,0.7111650485436893,0.8203883495145631,0.9741100323624595,,,,,,,,1236/933
qwen_0p6b_fsq_6e_from_bigdata_step28320_ref,Qwen 0.6B FSQ 6e from bigdata step 28320 (ref),ref,generation,qwen_0p6b_fsq_6e_from_bigdata_step28320,dynamic,0p6b_fsq_6e_from_bigdata_step28320,qwen_0p6b_fsq_6e_from_bigdata_step28320_dynamic,Qwen 0.6B FSQ 6e from bigdata (step 28320),qwen_0p6b_fsq_6e_from_bigdata_step28320_dynamic,1236,90954.0,73.5873786407767,1236.0,1236.0,1236.0,100033.0,90954.0,9079.0,80.93284789644012,0.06536455863394303,0.9346354413660569,1233014.0,0.0,0.0,0.0,0.0,0.0,100033.0,0.0,0.0,1.2310409004451253,1.7741721782725068,97.83878681096904,38.83646819883562,565.3327597140124,47.83013730690801,50.951521472638596,0.6203041594317923,1.4295224246679907,,,46311.0,37.46844660194175,44.407594789477365,0.8190574139497148,0.2832992799667078,32.119077290264244,0.22137413417254695,0.4397801125861181,17816.0,14.414239482200648,20.096903037525646,0.698250250731812,0.4617307108461551,11.038224292458834,0.3895203612812217,0.17982771880590548,3597.0,2.9101941747572817,7.896011913004672,0.37654613388055946,0.7808733022095093,2.2988091452689514,0.7366873290812097,0.03174735347873561,1617.0,1.308252427184466,6.192549798417944,0.1319941155993176,0.9445919093844412,1.200986030831046,0.9283255472064739,0.015014832793959007,0.29207119741100324,0.5711974110032363,0.7249190938511327,0.9571197411003236,,,,,,,,1236/74
qwen_0p6b_fsq_6e_from_bigdata_step28320_ref,Qwen 0.6B FSQ 6e from bigdata step 28320 (ref),ref,generation,qwen_0p6b_fsq_6e_from_bigdata_step28320,chembl_count,0p6b_fsq_6e_from_bigdata_step28320,qwen_0p6b_fsq_6e_from_bigdata_step28320_chembl_count,Qwen 0.6B FSQ 6e from bigdata (step 28320),qwen_0p6b_fsq_6e_from_bigdata_step28320_chembl_count,1236,74779.0,60.500809061488674,1236.0,1236.0,1236.0,81962.0,74779.0,7183.0,66.31229773462783,0.06368917804933645,0.9363108219506635,1233014.0,0.0,0.0,0.0,0.0,0.0,81962.0,0.0,0.0,1.2980494954165356,1.8418522595947422,88.52300640843067,39.897286212098074,185.82730594926767,48.0699154022828,19.345377736477012,0.6946082151305781,1.435045739788355,,,39602.0,32.04045307443366,60.178339347753386,0.7874695599802042,0.33255820833123895,27.24848372307905,0.2782866506070641,0.5797677823560851,15346.0,12.415857605177994,33.932172529212,0.6604341100950417,0.4950494131151031,9.586652002221205,0.42817016312123873,0.2828048335381924,3343.0,2.704692556634304,19.47937362816096,0.3744629501106032,0.7882534864371934,2.1953326619818934,0.7432740713038658,0.11723479231713917,1594.0,1.2896440129449838,17.046164718314458,0.1260651137128995,0.9451160472035999,1.193225724392264,0.9301856398348822,0.08911619664046848,0.20469255663430422,0.494336569579288,0.68042071197411,0.9474110032362459,,,,,,,,1236/61
qwen_0p6b_fsq_bigdata_step70534_ref,Qwen 0.6B FSQ bigdata step 70534 (ref),ref,generation,qwen_0p6b_fsq_bigdata_step70534,fixed,0p6b_fsq_bigdata_step70534,qwen_0p6b_fsq_bigdata_step70534_fixed,Qwen 0.6B FSQ bigdata (step 70534),qwen_0p6b_fsq_bigdata_step70534_fixed,1236,1190991.0,963.5849514563107,1236.0,1236.0,1236.0,1235372.0,1190991.0,44381.0,1000.0,0.03594748733533224,0.9635849514563106,1235372.0,0.0,0.0,0.0,0.0,0.0,1235372.0,0.0,0.0,1.2519654711913741,1.7954270490372688,101.88401870839452,36.790909214114116,8372.95604850913,49.04593661552799,299.03274954415355,0.32113665465653163,1.3059028187376713,,,325648.0,263.46925566343043,28.38866679676743,0.818691134395649,0.22385505413765538,210.57567305415856,0.16599729611841693,0.3613853714429112,81347.0,65.81472491909385,7.3658914112981755,0.7006768201260126,0.39091165270428935,47.57466269621759,0.32846552931239403,0.1055675471783833,6569.0,5.314724919093851,0.626908434812057,0.4219571982430717,0.7290570620797493,3.9767852882642774,0.6849367826271602,0.009965794629437532,1908.0,1.5436893203883495,0.17030258153010458,0.1851747362248509,0.913114599944229,1.3784445112542592,0.892904007956509,0.0013410313853538841,0.5080906148867314,0.7855987055016181,0.9247572815533981,1.0,,,,,,,,1236/964
qwen_0p6b_fsq_bigdata_step70534_ref,Qwen 0.6B FSQ bigdata step 70534 (ref),ref,generation,qwen_0p6b_fsq_bigdata_step70534,dynamic,0p6b_fsq_bigdata_step70534,qwen_0p6b_fsq_bigdata_step70534_dynamic,Qwen 0.6B FSQ bigdata (step 70534),qwen_0p6b_fsq_bigdata_step70534_dynamic,1236,94701.0,76.61893203883496,1236.0,1236.0,1236.0,100033.0,94701.0,5332.0,80.93284789644012,0.03629768852986149,0.9637023114701385,1235372.0,0.0,0.0,0.0,0.0,0.0,100033.0,0.0,0.0,1.2614061606389722,1.7956752045850624,99.17372412721595,39.02201673591147,887.2543188908348,49.185489194163814,68.49518617745939,0.477881551097379,1.30359320316461,,,61994.0,50.15695792880259,54.791375207234466,0.8331841578637088,0.2671391899080426,45.24262450555848,0.20894229677730966,0.551143249130068,28136.0,22.763754045307444,24.656482833604343,0.7082044190614689,0.4375905896335797,18.773432303467143,0.37253141218003466,0.21481752646183516,4514.0,3.6521035598705502,7.780391905622603,0.38889874709946315,0.7630514267254518,3.0170179604083467,0.7229853725056846,0.028369207184433316,1715.0,1.3875404530744337,5.9483043091006484,0.15273472398562596,0.9293976998479051,1.287138668758365,0.9123349343573833,0.010364787644230447,0.32119741100323623,0.5995145631067961,0.8009708737864077,0.9975728155339806,,,,,,,,1236/77
qwen_0p6b_fsq_bigdata_step70534_ref,Qwen 0.6B FSQ bigdata step 70534 (ref),ref,generation,qwen_0p6b_fsq_bigdata_step70534,chembl_count,0p6b_fsq_bigdata_step70534,qwen_0p6b_fsq_bigdata_step70534_chembl_count,Qwen 0.6B FSQ bigdata (step 70534),qwen_0p6b_fsq_bigdata_step70534_chembl_count,1236,77735.0,62.89239482200647,1236.0,1236.0,1235.0,81962.0,77735.0,4227.0,66.31229773462783,0.03828649788250597,0.9617135021174941,1235372.0,0.0,0.0,0.0,0.0,0.0,81962.0,0.0,0.0,1.3214340338426591,1.852101040729917,90.16166651729446,40.316008603553485,828.7859741688937,49.303910130301794,95.49887439773298,0.5680281354689868,1.309454862960869,,,53634.0,43.42834008097166,69.08410648931694,0.797469438672832,0.3218161373584544,39.3378128754792,0.27108508014659877,0.6749898521379457,23397.0,18.94493927125506,38.0544956245907,0.6683678231182136,0.47469310722744495,15.537886773547926,0.41235250857879285,0.314508562833421,3897.0,3.1554655870445343,18.81755577007182,0.37734556186381635,0.7744691754271038,2.6402677324945643,0.7343028570583924,0.10625872753488178,1644.0,1.331174089068826,16.296997971302492,0.14458719766431385,0.93337105261976,1.2458719792512418,0.9178917109864244,0.07999970328225176,0.20323886639676114,0.5076923076923077,0.7481781376518218,0.9927125506072875,,,,,,,,1236/63
qwen_1p7b_4e_from_bigdata_step26400_ref,Qwen 1.7B 4e from bigdata step 26400 (ref),ref,generation,qwen_1p7b_4e_from_bigdata_step26400,fixed,1p7b_4e_from_bigdata_step26400,qwen_1p7b_4e_from_bigdata_step26400_fixed,Qwen 1.7B 4e from bigdata (step 26400),qwen_1p7b_4e_from_bigdata_step26400_fixed,1236,1064658.0,861.3737864077669,1236.0,1236.0,1236.0,1229712.0,1064658.0,165054.0,1000.0,0.1359743745844678,0.861373786407767,1229712.0,0.0,0.0,0.0,0.0,0.0,1229712.0,0.0,0.0,1.2510366080107844,1.7944522966263299,101.42649448399798,44.15745099693134,189106.44573571548,62.472833608837114,8373.53530483494,0.4960689103949226,1.4604506910001085,,,175322.0,141.8462783171521,20.460329013811982,0.808324194024705,0.21102894163417651,99.55095320823484,0.1578371960466522,0.3043335722418603,38106.0,30.83009708737864,5.631079622162311,0.6987482586125942,0.39022576387721936,19.164643895083277,0.32488572382317477,0.10564516958190821,4493.0,3.635113268608414,1.0440077786768376,0.4197368734812067,0.7362401968859005,2.6844225455973763,0.6915541877001957,0.02320410466547421,1695.0,1.3713592233009708,0.4363788865239925,0.1558905787391503,0.9304696402663475,1.248202718002213,0.9124324233659056,0.00411267984083518,0.4603559870550162,0.7006472491909385,0.8090614886731392,0.9668284789644013,,,,,,,,1236/861
qwen_1p7b_4e_from_bigdata_step26400_ref,Qwen 1.7B 4e from bigdata step 26400 (ref),ref,generation,qwen_1p7b_4e_from_bigdata_step26400,dynamic,1p7b_4e_from_bigdata_step26400,qwen_1p7b_4e_from_bigdata_step26400_dynamic,Qwen 1.7B 4e from bigdata (step 26400),qwen_1p7b_4e_from_bigdata_step26400_dynamic,1236,80404.0,65.05177993527508,1236.0,1236.0,1234.0,100033.0,80404.0,19629.0,80.93284789644012,0.137862711557694,0.862137288442306,1229712.0,0.0,0.0,0.0,0.0,0.0,100033.0,0.0,0.0,1.2623384297069105,1.7954555198072848,97.99365196671364,48.016895940543854,6487.054805481232,62.5135273335633,924.9248805206279,0.6674375250298586,1.4593596973502458,,,42511.0,34.44975688816856,48.90773361341432,0.841315059124047,0.26114234197815456,29.85689798244712,0.20256468508126305,0.4828503448505828,15752.0,12.764991896272285,22.151872587467413,0.7189083919291231,0.44190309017345775,9.897048265532066,0.3732928052779731,0.19013478389638808,3198.0,2.591572123176661,8.669986761346765,0.3997852730021981,0.7740027561383821,2.169612229253792,0.730678257890293,0.038940021198088544,1545.0,1.2520259319286873,6.624034152985887,0.1323613385745869,0.9440792494255748,1.186083421261563,0.9290770789917581,0.014094434738681091,0.2779578606158833,0.553484602917342,0.7074554294975689,0.9457050243111832,,,,,,,,1236/65
qwen_1p7b_4e_from_bigdata_step26400_ref,Qwen 1.7B 4e from bigdata step 26400 (ref),ref,generation,qwen_1p7b_4e_from_bigdata_step26400,chembl_count,1p7b_4e_from_bigdata_step26400,qwen_1p7b_4e_from_bigdata_step26400_chembl_count,Qwen 1.7B 4e from bigdata (step 26400),qwen_1p7b_4e_from_bigdata_step26400_chembl_count,1236,66152.0,53.5210355987055,1236.0,1236.0,1232.0,81962.0,66152.0,15810.0,66.31229773462783,0.13629927230749037,0.8637007276925096,1229712.0,0.0,0.0,0.0,0.0,0.0,81962.0,0.0,0.0,1.3326322946493276,1.858919912109886,89.36306740879799,55.56642078210273,40472.34727693613,91.6624051911113,3815.892921057051,0.7577363387629019,1.4624769049932569,,,37235.0,30.223214285714285,64.72503931830353,0.8110053680989636,0.3162542163295245,26.083719426273785,0.26566580045691157,0.6281701929248278,13854.0,11.24512987012987,36.156599730312244,0.6813327984685866,0.480254402804372,8.784953543951662,0.4155050075452506,0.299186970929765,2963.0,2.4050324675324677,20.154221254531816,0.3806710993418174,0.7884498845292138,2.0298285363071336,0.7460062968576111,0.11961748830427626,1508.0,1.224025974025974,17.504792896912495,0.1147641176869657,0.9505684038394341,1.1617117948010127,0.937861201444295,0.08822568800247371,0.1875,0.4512987012987013,0.6574675324675324,0.9366883116883117,,,,,,,,1236/54
qwen_1p7b_4e_step29600_ref,Qwen 1.7B 4e step 29600 (ref),ref,generation,qwen_1p7b_4e_step29600,fixed,1p7b_4e_step29600,qwen_1p7b_4e_step29600_fixed,Qwen 1.7B 4e (step 29600),qwen_1p7b_4e_step29600_fixed,1236,1015533.0,821.6286407766991,1236.0,1236.0,1236.0,1232101.0,1015533.0,216568.0,1000.0,0.17686861622226385,0.8216286407766991,1232101.0,0.0,0.0,0.0,0.0,0.0,1232101.0,0.0,0.0,1.258364225862971,1.7968419546857648,102.07784949301393,44.99460447889064,384749.78106980893,63.729342899675,14698.382338366697,0.5036832821641033,1.474266323593046,,,174043.0,140.81148867313917,22.659999775473846,0.8061323056598322,0.2072973040359485,100.50564611819868,0.15817706948513094,0.3223820956020796,38796.0,31.388349514563107,6.514294593426739,0.6950600421363429,0.3825920778979671,19.486871952811857,0.31933105780251053,0.12740378635657737,4667.0,3.7758899676375406,1.2757035964297312,0.42063442117857713,0.7325783279330638,2.7217396688566935,0.6860353134706421,0.02625601593613102,1741.0,1.4085760517799353,0.6057554426173248,0.16397956045702367,0.9267246149031196,1.2631423066737273,0.9073268508502496,0.011212727956731384,0.44741100323624594,0.6998381877022654,0.8058252427184466,0.9635922330097088,,,,,,,,1236/822
qwen_1p7b_4e_step29600_ref,Qwen 1.7B 4e step 29600 (ref),ref,generation,qwen_1p7b_4e_step29600,dynamic,1p7b_4e_step29600,qwen_1p7b_4e_step29600_dynamic,Qwen 1.7B 4e (step 29600),qwen_1p7b_4e_step29600_dynamic,1236,75957.0,61.45388349514563,1236.0,1236.0,1231.0,100018.0,75957.0,24061.0,80.93284789644012,0.17719541597627717,0.8225236598957113,1232101.0,0.0,0.0,0.0,0.0,0.0,100018.0,0.0,0.0,1.2663261398133496,1.7906086851352745,97.70688175347047,49.224424869307434,13673.721477195839,63.72300468501579,1578.0361343037462,0.6741477638022614,1.471005254074962,,,41141.0,33.42079610073111,51.525429837878185,0.8385612094306932,0.2623403573239138,29.223806179274845,0.2070231023783361,0.5030443110153363,15697.0,12.751421608448416,24.56012001320443,0.7135894467718442,0.44058624138554614,10.018283104531715,0.37183358552566015,0.21704283035350277,3240.0,2.6320064987814784,9.779987103982783,0.3965796205745145,0.7743214933256254,2.168215987785245,0.7299015000509914,0.050596100146687105,1539.0,1.2502030869212022,7.470792081895221,0.1217690771136309,0.9482154782330826,1.1729364662021422,0.9342851819470879,0.02422698025866182,0.27051177904142976,0.5467099918765231,0.7034930950446792,0.942323314378554,,,,,,,,1236/61
qwen_1p7b_4e_step29600_ref,Qwen 1.7B 4e step 29600 (ref),ref,generation,qwen_1p7b_4e_step29600,chembl_count,1p7b_4e_step29600,qwen_1p7b_4e_step29600_chembl_count,Qwen 1.7B 4e (step 29600),qwen_1p7b_4e_step29600_chembl_count,1236,61826.0,50.0210355987055,1236.0,1236.0,1223.0,81962.0,61826.0,20136.0,66.31229773462783,0.17783833660460396,0.8221616633953961,1232101.0,0.0,0.0,0.0,0.0,0.0,81962.0,0.0,0.0,1.3350554518860485,1.8513596758273358,88.6243511395342,51.06901626719218,28006.48089372896,65.83706939966727,2673.7517021376257,0.7599089230458012,1.4638895599673492,,,36078.0,29.49959116925593,66.42257756146388,0.7954114280859148,0.323406411021516,25.716249543409823,0.27752622678052663,0.636106699511481,14003.0,11.44971381847915,38.60284070767833,0.6790793977307489,0.47801947522086324,8.991362635854708,0.4151219040387551,0.32688942552665,3051.0,2.4946852003270648,21.333040247950425,0.3772379850424199,0.7838193087911274,2.089978707258234,0.7412597495558645,0.12493712856225482,1509.0,1.2338511856091579,18.472712960054675,0.12193442280953222,0.9490874618456807,1.1646693155989087,0.9347856358556362,0.09429105917249826,0.18070318887980377,0.446443172526574,0.6508585445625511,0.9321340964840557,,,,,,,,1236/50
qwen_1p7b_bigdata_step74000_ref,Qwen 1.7B bigdata step 74000 (ref),ref,generation,qwen_1p7b_bigdata_step74000,fixed,1p7b_bigdata_step74000,qwen_1p7b_bigdata_step74000_fixed,Qwen 1.7B bigdata (step 74000),qwen_1p7b_bigdata_step74000_fixed,1236,1109360.0,897.5404530744337,1236.0,1236.0,1236.0,1234641.0,1109360.0,125281.0,1000.0,0.10160337490001602,0.8975404530744336,1234641.0,0.0,0.0,0.0,0.0,0.0,1234641.0,0.0,0.0,1.2857774532552222,1.8084781709827928,103.01274159481815,43.12872825031583,1151290.3032791605,63.824079661742005,41079.026528014845,0.33988799983960194,1.3211538344650235,,,324701.0,262.703074433657,32.0434515076552,0.8325950245410144,0.18403646084581968,211.5295212265938,0.13370869398020988,0.4197728134622512,74498.0,60.273462783171524,8.012802016612605,0.7040187023251347,0.36052724166083483,42.39676454379074,0.3015642305123409,0.13316005446567705,5824.0,4.711974110032362,0.6820242542513328,0.435955777374092,0.7174148765700987,3.4218522273507848,0.6727924378768879,0.022686330071048706,1828.0,1.4789644012944985,0.19013700358766183,0.18008556645646925,0.9176721049686634,1.3218602230556353,0.8972989673302828,0.004843613551137823,0.5169902912621359,0.7807443365695793,0.9004854368932039,0.9967637540453075,,,,,,,,1236/898
qwen_1p7b_bigdata_step74000_ref,Qwen 1.7B bigdata step 74000 (ref),ref,generation,qwen_1p7b_bigdata_step74000,dynamic,1p7b_bigdata_step74000,qwen_1p7b_bigdata_step74000_dynamic,Qwen 1.7B bigdata (step 74000),qwen_1p7b_bigdata_step74000_dynamic,1236,85565.0,69.22734627831716,1236.0,1236.0,1236.0,100033.0,85565.0,14468.0,80.93284789644012,0.10127926745756698,0.898720732542433,1234641.0,0.0,0.0,0.0,0.0,0.0,100033.0,0.0,0.0,1.2934408582033974,1.805901100857481,99.46168436289514,47.55350043214917,11780.892185222503,64.18783860298247,1123.9060076011185,0.49497167540250275,1.317053857018287,,,58865.0,47.62540453074433,59.33540785110349,0.8549890113375731,0.23622815251322743,43.64569861287866,0.18352335804921174,0.5826135663561506,25802.0,20.875404530744337,26.693283441306054,0.7403885590904695,0.40870979766307636,17.28722311204738,0.34413120925670543,0.22690391099783402,3943.0,3.190129449838188,7.990171418121036,0.4039846201195971,0.7596688290112354,2.6265833678735366,0.717549082819154,0.03102546468043207,1633.0,1.3211974110032363,6.047697876842912,0.14083349280185653,0.9385527947801304,1.2285073909206885,0.922468116631292,0.011284915426958484,0.3284789644012945,0.6003236245954693,0.7944983818770227,0.9927184466019418,,,,,,,,1236/69
qwen_1p7b_bigdata_step74000_ref,Qwen 1.7B bigdata step 74000 (ref),ref,generation,qwen_1p7b_bigdata_step74000,chembl_count,1p7b_bigdata_step74000,qwen_1p7b_bigdata_step74000_chembl_count,Qwen 1.7B bigdata (step 74000),qwen_1p7b_bigdata_step74000_chembl_count,1236,70073.0,56.69336569579288,1236.0,1236.0,1233.0,81962.0,70073.0,11889.0,66.31229773462783,0.10156588598639095,0.8984341140136091,1234641.0,0.0,0.0,0.0,0.0,0.0,81962.0,0.0,0.0,1.3617980749081136,1.873248138360165,91.41523212234294,49.95213831399418,300005.8218998473,64.52084949564197,27841.463451119107,0.5868693705579044,1.3166585813712905,,,51515.0,41.78021086780211,74.03924596543665,0.8223222419324496,0.29137943888457046,38.27886240319074,0.24621901451334335,0.7205213764854139,21907.0,17.767234387672342,40.68154938334,0.6883851275194207,0.4513879635962963,14.568012450858307,0.39124411058963626,0.3449494979632584,3524.0,2.8580697485806974,19.345647197867216,0.40265664914828536,0.7662491094792379,2.4049504771870462,0.7237104064097738,0.10757868803328717,1592.0,1.2911597729115978,16.634549011932453,0.13481332483008712,0.9403620631220861,1.2097918921657829,0.9249442003143298,0.08287857722164292,0.19383617193836172,0.49716139497161393,0.7429034874290349,0.9829683698296837,,,,,,,,1236/57
qwen_1p7b_fsq_6e_from_bigdata_step28320_ref,Qwen 1.7B FSQ 6e from bigdata step 28320 (ref),ref,generation,qwen_1p7b_fsq_6e_from_bigdata_step28320,fixed,1p7b_fsq_6e_from_bigdata_step28320,qwen_1p7b_fsq_6e_from_bigdata_step28320_fixed,Qwen 1.7B FSQ 6e from bigdata (step 28320),qwen_1p7b_fsq_6e_from_bigdata_step28320_fixed,1236,1155975.0,935.254854368932,1236.0,1236.0,1236.0,1233700.0,1155975.0,77725.0,1000.0,0.06316659262669544,0.9352548543689321,1233700.0,0.0,0.0,0.0,0.0,0.0,1233700.0,0.0,0.0,1.2260498400871294,1.793717198757827,100.12829719989769,36.87357471317412,3396.8867225771296,47.42993850338869,135.18446757085655,0.46032559112403165,1.4373652452983543,,,171279.0,138.5752427184466,16.474244004577177,0.7815203040744823,0.24312589789170932,94.4427950442736,0.18102390785514172,0.2564693395615578,41779.0,33.80177993527508,4.423178334566965,0.6773793387311441,0.4191813702314104,20.42387964559678,0.34694570306083133,0.08820624449158271,5109.0,4.133495145631068,0.5810838062765911,0.41103531202630733,0.7455484913795221,2.829584318347816,0.6952532195862607,0.01218087370071949,1816.0,1.4692556634304208,0.19823096733597378,0.1656860262406297,0.9247705010988658,1.2864609824058346,0.9050721376674289,0.0012707824712806827,0.47572815533980584,0.7087378640776699,0.8252427184466019,0.9741100323624595,,,,,,,,1236/935
qwen_1p7b_fsq_6e_from_bigdata_step28320_ref,Qwen 1.7B FSQ 6e from bigdata step 28320 (ref),ref,generation,qwen_1p7b_fsq_6e_from_bigdata_step28320,dynamic,1p7b_fsq_6e_from_bigdata_step28320,qwen_1p7b_fsq_6e_from_bigdata_step28320_dynamic,Qwen 1.7B FSQ 6e from bigdata (step 28320),qwen_1p7b_fsq_6e_from_bigdata_step28320_dynamic,1236,91580.0,74.09385113268608,1236.0,1236.0,1235.0,100033.0,91580.0,8453.0,80.93284789644012,0.06309415234023617,0.9369058476597638,1233700.0,0.0,0.0,0.0,0.0,0.0,100033.0,0.0,0.0,1.2335232763288058,1.788743748042011,97.04486494462935,38.60791158539781,336.3119280444543,47.46692227768383,30.634831709229175,0.6320338306227788,1.4405639991971924,,,44814.0,36.28663967611336,42.87121812386608,0.8169676554015821,0.29043461005453625,30.71013214846358,0.22590497251185832,0.42462451103945414,17608.0,14.25748987854251,20.027989465211874,0.6999948161971673,0.46328625389612677,10.904322081613076,0.3895517343513133,0.1739044212516723,3669.0,2.97085020242915,8.088016081421145,0.39488041455462203,0.7718598988294113,2.3481678838533098,0.7277283398422769,0.03243664903678059,1637.0,1.3255060728744938,6.333832573753187,0.13600929691920932,0.9394893440553415,1.2216839229695349,0.9233461750791506,0.012753357753357753,0.30121457489878545,0.5578947368421052,0.728744939271255,0.9530364372469635,,,,,,,,1236/74
qwen_1p7b_fsq_6e_from_bigdata_step28320_ref,Qwen 1.7B FSQ 6e from bigdata step 28320 (ref),ref,generation,qwen_1p7b_fsq_6e_from_bigdata_step28320,chembl_count,1p7b_fsq_6e_from_bigdata_step28320,qwen_1p7b_fsq_6e_from_bigdata_step28320_chembl_count,Qwen 1.7B FSQ 6e from bigdata (step 28320),qwen_1p7b_fsq_6e_from_bigdata_step28320_chembl_count,1236,75284.0,60.909385113268605,1236.0,1236.0,1233.0,81962.0,75284.0,6678.0,66.31229773462783,0.06283395725044848,0.9371660427495515,1233700.0,0.0,0.0,0.0,0.0,0.0,81962.0,0.0,0.0,1.3091188999895496,1.8622281257152205,87.17895710565467,39.52937942231962,143.66892350471898,47.471216002337755,14.998685542655036,0.7091055697458418,1.4380830515609002,,,38336.0,31.091646390916463,59.13951699285414,0.7855921403945596,0.33589989331052444,26.167551391214484,0.2806036107754549,0.5719979802956626,15235.0,12.356042173560422,34.09979900425668,0.6636412364374769,0.4937145631096274,9.408628653561614,0.42651923454229207,0.2861160674867162,3412.0,2.7672343876723438,19.524507038801833,0.37704779011497624,0.7853235494103434,2.215441604225417,0.7410784835530473,0.1160258061871451,1612.0,1.3073803730738038,17.167305134813734,0.13542079546515773,0.9410593609254624,1.2096496748008636,0.9247294550096404,0.08802631539857818,0.21735604217356042,0.48256285482562855,0.6707218167072182,0.9464720194647201,,,,,,,,1236/61
qwen_1p7b_fsq_bigdata_step47023_ref,Qwen 1.7B FSQ bigdata step 47023 (ref),ref,generation,qwen_1p7b_fsq_bigdata_step47023,fixed,1p7b_fsq_bigdata_step47023,qwen_1p7b_fsq_bigdata_step47023_fixed,Qwen 1.7B FSQ bigdata (step 47023),qwen_1p7b_fsq_bigdata_step47023_fixed,1236,1196378.0,967.9433656957929,1236.0,1236.0,1236.0,1235747.0,1196378.0,39369.0,1000.0,0.03187205776460241,0.9679433656957929,1235747.0,0.0,0.0,0.0,0.0,0.0,1235747.0,0.0,0.0,1.2431567617392145,1.7913037639057798,101.56908393079581,36.69549880437392,3081.027619523025,48.515190696690006,116.84356953602034,0.31629907344706415,1.2968347638277486,,,318026.0,257.30258899676375,27.558422629979614,0.8140024015890337,0.22952595763378653,205.7886801998486,0.17025031888496664,0.35138666653263384,78695.0,63.669093851132686,7.079082186056803,0.6998786429040976,0.39547880824586656,46.46524063712389,0.33390173436733095,0.09653938130222095,6404.0,5.181229773462783,0.6014714172519546,0.42007104419157854,0.7292531722918467,3.873490358504524,0.6853285831775547,0.009102202196191804,1890.0,1.529126213592233,0.16722852598507879,0.18272964786268794,0.9106693020994056,1.3826144784927283,0.8922721388069068,0.0010021767606719063,0.5186084142394822,0.7912621359223301,0.9247572815533981,0.9991909385113269,,,,,,,,1236/968
qwen_1p7b_fsq_bigdata_step47023_ref,Qwen 1.7B FSQ bigdata step 47023 (ref),ref,generation,qwen_1p7b_fsq_bigdata_step47023,dynamic,1p7b_fsq_bigdata_step47023,qwen_1p7b_fsq_bigdata_step47023_dynamic,Qwen 1.7B FSQ bigdata (step 47023),qwen_1p7b_fsq_bigdata_step47023_dynamic,1236,95156.0,76.98705501618123,1236.0,1236.0,1236.0,100033.0,95156.0,4877.0,80.93284789644012,0.0325567758549374,0.9674432241450626,1235747.0,0.0,0.0,0.0,0.0,0.0,100033.0,0.0,0.0,1.249177856080151,1.7841704396449023,98.25532784672718,38.789917676035905,967.2489307186962,48.55542148710749,75.77460927293238,0.4775723455285618,1.2957846072910406,,,61263.0,49.56553398058252,53.499246136922,0.826155780031425,0.27451577090716106,44.75042841936084,0.2144992539552551,0.5402979191724997,27664.0,22.381877022653722,24.169439994999298,0.7045265291877894,0.4442424288702252,18.603074787966545,0.37891958093307054,0.20849611533338994,4443.0,3.5946601941747574,7.688893711175099,0.3954034828283346,0.7620533321952412,2.956582493669679,0.7214010130527002,0.028114445435877433,1726.0,1.396440129449838,5.911554091714108,0.1562487923790815,0.9281433311641241,1.289354494809336,0.911238960906003,0.01059085197434712,0.32524271844660196,0.6076051779935275,0.8025889967637541,0.9975728155339806,,,,,,,,1236/77
qwen_1p7b_fsq_bigdata_step47023_ref,Qwen 1.7B FSQ bigdata step 47023 (ref),ref,generation,qwen_1p7b_fsq_bigdata_step47023,chembl_count,1p7b_fsq_bigdata_step47023,qwen_1p7b_fsq_bigdata_step47023_chembl_count,Qwen 1.7B FSQ bigdata (step 47023),qwen_1p7b_fsq_bigdata_step47023_chembl_count,1236,78271.0,63.32605177993528,1236.0,1236.0,1236.0,81962.0,78271.0,3691.0,66.31229773462783,0.030969564990433615,0.9690304350095664,1235747.0,0.0,0.0,0.0,0.0,0.0,81962.0,0.0,0.0,1.3182389759640925,1.8543776006942259,89.9022625279158,39.91367050946781,621.0397586691311,48.595601090021106,66.0369036070099,0.5577965038888855,1.2970818997264804,,,53024.0,42.89967637540453,68.46682176648889,0.7967886314541719,0.3233895378875044,38.73733488023638,0.27285313966933417,0.6762449730128279,22958.0,18.57443365695793,37.48927027124527,0.6576895234675785,0.4825987534123615,15.27020648016644,0.42092802287723924,0.3170761177704957,3936.0,3.1844660194174756,18.830583340446843,0.384390792100549,0.7722808975260389,2.6514855873949807,0.7306572762764798,0.10428846696330928,1660.0,1.343042071197411,16.260520779090076,0.1408726855074087,0.9349101310292036,1.2509950289638452,0.9197364118284459,0.07976672060409924,0.21440129449838188,0.5372168284789643,0.7629449838187702,0.9927184466019418,,,,,,,,1236/63
qwen_4b_4e_from_bigdata_step20000_ref,Qwen 4B 4e from bigdata step 20000 (ref),ref,generation,qwen_4b_4e_from_bigdata_step20000,fixed,4b_4e_from_bigdata_step20000,qwen_4b_4e_from_bigdata_step20000_fixed,Qwen 4B 4e from bigdata (step 20000),qwen_4b_4e_from_bigdata_step20000_fixed,1236,1094297.0,885.3535598705502,1236.0,1236.0,1236.0,1231494.0,1094297.0,137197.0,1000.0,0.11155702500483432,0.8853535598705502,1231494.0,0.0,0.0,0.0,0.0,0.0,1231494.0,0.0,0.0,1.2460569516977809,1.7921160135091334,101.61641403502584,44.06601621422681,304140.5911785946,61.75966140219118,10742.905522632558,0.48254556059929454,1.4524171660841574,,,175952.0,142.3559870550162,19.32196976817885,0.806115804095988,0.2105080225316858,99.17761803534091,0.15728109008708063,0.29027412395997876,39173.0,31.69336569579288,5.300315089349057,0.6925237275073872,0.3921849453508609,19.604354251330616,0.32779445101551835,0.10436877183217802,4679.0,3.7855987055016183,0.8847370047766235,0.41630122835313993,0.7380799756409587,2.7344056836666506,0.6932976389960338,0.022044984942137066,1761.0,1.424757281553398,0.3593535144335307,0.15246399911388708,0.9298121413015433,1.2697001879386405,0.9112004370022897,0.006185893500285276,0.46601941747572817,0.7079288025889967,0.8268608414239482,0.9692556634304207,,,,,,,,1236/885
qwen_4b_4e_from_bigdata_step20000_ref,Qwen 4B 4e from bigdata step 20000 (ref),ref,generation,qwen_4b_4e_from_bigdata_step20000,dynamic,4b_4e_from_bigdata_step20000,qwen_4b_4e_from_bigdata_step20000_dynamic,Qwen 4B 4e from bigdata (step 20000),qwen_4b_4e_from_bigdata_step20000_dynamic,1236,83629.0,67.66100323624596,1236.0,1236.0,1235.0,100033.0,83629.0,16404.0,80.93284789644012,0.1134649947417187,0.8865350052582813,1231494.0,0.0,0.0,0.0,0.0,0.0,100033.0,0.0,0.0,1.2527866556223084,1.790196532334253,97.9596754879086,47.82298510074784,99984.41727997611,61.875483949287556,8382.241622595278,0.6438715465918116,1.4503140436345998,,,43229.0,35.003238866396764,47.12218600849633,0.8354537064633649,0.26670192595177256,30.209092591973327,0.20660384155711733,0.46154130250647846,15995.0,12.951417004048583,21.10076334214232,0.7113411778037331,0.45006317439863813,10.050327665771933,0.3808177047946176,0.17822012607764812,3290.0,2.6639676113360324,8.466815634093557,0.3967536160994971,0.7744811075524752,2.1886247270412316,0.7312051018812104,0.039716089587249384,1569.0,1.2704453441295547,6.551862718743611,0.1316721157148635,0.9443773312829699,1.187212400608573,0.9291404865896721,0.015059151374940849,0.28663967611336033,0.5732793522267207,0.7311740890688259,0.9481781376518219,,,,,,,,1236/68
qwen_4b_4e_from_bigdata_step20000_ref,Qwen 4B 4e from bigdata step 20000 (ref),ref,generation,qwen_4b_4e_from_bigdata_step20000,chembl_count,4b_4e_from_bigdata_step20000,qwen_4b_4e_from_bigdata_step20000_chembl_count,Qwen 4B 4e from bigdata (step 20000),qwen_4b_4e_from_bigdata_step20000_chembl_count,1236,69026.0,55.846278317152105,1236.0,1236.0,1234.0,81962.0,69026.0,12936.0,66.31229773462783,0.11312994362689312,0.8868700563731069,1231494.0,0.0,0.0,0.0,0.0,0.0,81962.0,0.0,0.0,1.3287843219623392,1.8554984665657905,89.33151077668289,50.22472115990606,66681.76944114327,62.17685603929655,5269.955473025943,0.7381843942959917,1.4465158538905083,,,37814.0,30.643435980551054,63.315508081301694,0.8018649822171215,0.3188868251049321,26.380133023251712,0.2685648970052327,0.6086431064984916,14251.0,11.548622366288493,35.76074834336615,0.6809341365338314,0.48164006110641205,9.009461471364478,0.41732991788190305,0.2978879829073175,3109.0,2.5194489465153973,20.264187179407784,0.3772050898924014,0.7883991376809502,2.09590414812558,0.7459124342374691,0.12507041370284952,1531.0,1.2406807131280388,17.590890245435546,0.11531291822770404,0.9503052704238616,1.1665913897720928,0.9374429575378116,0.09015171979110391,0.19854132901134522,0.47487844408427876,0.6685575364667747,0.940032414910859,,,,,,,,1236/56
qwen_4b_4e_step20000_ref,Qwen 4B 4e step 20000 (ref),ref,generation,qwen_4b_4e_step20000,fixed,4b_4e_step20000,qwen_4b_4e_step20000_fixed,Qwen 4B 4e (step 20000),qwen_4b_4e_step20000_fixed,1236,1021726.0,826.6391585760517,1236.0,1236.0,1236.0,1226137.0,1021726.0,204411.0,1000.0,0.16987484840721329,0.8266391585760517,1226137.0,0.0,0.0,0.0,0.0,0.0,1226137.0,0.0,0.0,1.2543957125867318,1.8010432713668818,102.01068848053578,45.987793759503475,884358.4256064225,64.48770495708581,35643.909096299714,0.508218237195731,1.465837763526463,,,163050.0,131.91747572815535,21.219138037758775,0.8086582664073517,0.21245221136190523,91.4964359913197,0.15907371888647803,0.3050779553646305,37811.0,30.591423948220065,6.314780200333365,0.6822222905466074,0.39841031487877854,18.550449018516975,0.330912015844846,0.12697324496384996,4697.0,3.8001618122977345,1.2938286099483653,0.4072490037092711,0.735719194118529,2.6917623361237695,0.6898232854459486,0.036462657957266144,1766.0,1.4288025889967637,0.6888478584606305,0.16405800293849748,0.9265706575637015,1.262918036734463,0.9065624280505399,0.014424731597061693,0.44336569579288027,0.6836569579288025,0.808252427184466,0.9660194174757282,,,,,,,,1236/827
qwen_4b_4e_step20000_ref,Qwen 4B 4e step 20000 (ref),ref,generation,qwen_4b_4e_step20000,dynamic,4b_4e_step20000,qwen_4b_4e_step20000_dynamic,Qwen 4B 4e (step 20000),qwen_4b_4e_step20000_dynamic,1236,77132.0,62.40453074433657,1236.0,1236.0,1225.0,100015.0,77132.0,22883.0,80.93284789644012,0.1703172528940308,0.8296825365347316,1226137.0,0.0,0.0,0.0,0.0,0.0,100015.0,0.0,0.0,1.2636478449888648,1.8046566548260972,98.02994114551986,50.33311741027334,85734.0831443541,64.83560600192557,9740.756087615202,0.6741383636501312,1.464302739067013,,,40071.0,32.711020408163265,49.12353473946983,0.8363846998348177,0.26994967507712586,28.16919680384284,0.21066255708398213,0.4829360557489191,15386.0,12.56,23.491537345919642,0.7078849517005689,0.45214309191849633,9.695866271293019,0.38146010752780396,0.211743609845957,3312.0,2.703673469387755,9.496238598778051,0.40102937571266173,0.7718132944034918,2.224954803420599,0.725906167370494,0.046346700692178014,1543.0,1.2595918367346939,7.235713587088836,0.12853645724783694,0.9460956505967812,1.1776564716779345,0.9308972494121736,0.02118205377389051,0.27591836734693875,0.5322448979591837,0.7061224489795919,0.9518367346938775,,,,,,,,1236/62
qwen_4b_4e_step20000_ref,Qwen 4B 4e step 20000 (ref),ref,generation,qwen_4b_4e_step20000,chembl_count,4b_4e_step20000,qwen_4b_4e_step20000_chembl_count,Qwen 4B 4e (step 20000),qwen_4b_4e_step20000_chembl_count,1236,62530.0,50.590614886731395,1236.0,1236.0,1216.0,81962.0,62530.0,19432.0,66.31229773462783,0.16910111804745043,0.8308988819525496,1226137.0,0.0,0.0,0.0,0.0,0.0,81962.0,0.0,0.0,1.3421202153538019,1.8683563528299636,89.0023759587044,52.22282900216788,46559.749761259605,381.5309756318203,5110.992649638931,0.7518999503587074,1.4622757371428396,,,35164.0,28.917763157894736,65.09786169802743,0.8033174740345431,0.32113565846155606,24.914270557305965,0.2719461168883508,0.6257164753691834,13797.0,11.346217105263158,38.18006306812274,0.6823968994187183,0.4765402362661533,8.884422480330004,0.4129294646200916,0.3202932970193832,3088.0,2.539473684210526,21.026334345663955,0.3880897557788039,0.7803239206889556,2.116274077613632,0.7365088237670793,0.12276998801109339,1508.0,1.2401315789473684,18.063116565846062,0.12056195058324352,0.9495633082636555,1.1648950652005636,0.9351178151692198,0.0905140455304929,0.17598684210526316,0.4407894736842105,0.6430921052631579,0.9457236842105263,,,,,,,,1236/51
qwen_4b_bigdata_step110000_ref,Qwen 4B bigdata step 110000 (ref),ref,generation,qwen_4b_bigdata_step110000,fixed,4b_bigdata_step110000,qwen_4b_bigdata_step110000_fixed,Qwen 4B bigdata (step 110000),qwen_4b_bigdata_step110000_fixed,1236,1125295.0,910.4328478964401,1236.0,1236.0,1236.0,1234425.0,1125295.0,109130.0,1000.0,0.0885583983964407,0.9104328478964401,1234425.0,0.0,0.0,0.0,0.0,0.0,1234425.0,0.0,0.0,1.278323854919725,1.8016025757887233,103.53718891710525,43.16795725936977,157038.54458189599,64.15640823714061,5629.564671190018,0.33591912592793693,1.32340387106506,,,325899.0,263.67233009708735,31.498969748950834,0.8313404247318741,0.18800349865909186,211.77604348236045,0.13643135801996617,0.4115316681006657,75209.0,60.84870550161812,7.923754524387597,0.7052228947873613,0.36231672015476807,42.92521542479711,0.30337522050683186,0.12909023276000733,5778.0,4.674757281553398,0.6629212015345631,0.4356445464425503,0.7195945528707364,3.428285041807883,0.675043198966868,0.015529691591753799,1825.0,1.476537216828479,0.18494324951718888,0.16680549518165474,0.9216281195081596,1.3076733209058065,0.9024014201390306,0.004779092761348243,0.5234627831715211,0.7864077669902912,0.9158576051779935,0.9967637540453075,,,,,,,,1236/910
qwen_4b_bigdata_step110000_ref,Qwen 4B bigdata step 110000 (ref),ref,generation,qwen_4b_bigdata_step110000,dynamic,4b_bigdata_step110000,qwen_4b_bigdata_step110000_dynamic,Qwen 4B bigdata (step 110000),qwen_4b_bigdata_step110000_dynamic,1236,87286.0,70.61974110032362,1236.0,1236.0,1236.0,100033.0,87286.0,12747.0,80.93284789644012,0.088704125715135,0.911295874284865,1234425.0,0.0,0.0,0.0,0.0,0.0,100033.0,0.0,0.0,1.289974541637918,1.8041273807007117,100.72409982837253,47.39618547772274,33465.03462164872,64.42467496599859,3768.317908594938,0.48999516935529547,1.3178797569560907,,,59607.0,48.22572815533981,58.863937194100544,0.8558066280317497,0.23557767623938516,44.19148315945633,0.18249046017071188,0.5812544650407433,25800.0,20.87378640776699,26.24885196949905,0.7278772338701237,0.41553103735488955,17.241980243124505,0.35114204289724354,0.2283441233645739,4005.0,3.2402912621359223,8.0470239014023,0.4138905972238035,0.7576592457780039,2.663415112520692,0.7134368574780389,0.031220596925504152,1629.0,1.3179611650485437,6.087169880623269,0.13923379958920432,0.9376974603656099,1.224906903548056,0.9218970357174724,0.01183124902785097,0.3220064724919094,0.6043689320388349,0.8025889967637541,0.9951456310679612,,,,,,,,1236/71
qwen_4b_bigdata_step110000_ref,Qwen 4B bigdata step 110000 (ref),ref,generation,qwen_4b_bigdata_step110000,chembl_count,4b_bigdata_step110000,qwen_4b_bigdata_step110000_chembl_count,Qwen 4B bigdata (step 110000),qwen_4b_bigdata_step110000_chembl_count,1236,71736.0,58.03883495145631,1236.0,1236.0,1236.0,81962.0,71736.0,10226.0,66.31229773462783,0.08514477387013407,0.9148552261298659,1234425.0,0.0,0.0,0.0,0.0,0.0,81962.0,0.0,0.0,1.363042362861013,1.8682038419246418,90.96954665281288,49.73915363371233,6519.340907625346,64.87488130412021,645.795970473478,0.5841840850991643,1.3249446955493116,,,51989.0,42.06229773462783,74.08371556494686,0.8251795459477232,0.2869062533524224,38.43257548907448,0.2428007459568767,0.7255540646812436,21937.0,17.748381877022652,40.140056340684055,0.6944165185002514,0.45006363720577625,14.542324372164996,0.38903257250409695,0.33485729666026404,3513.0,2.842233009708738,19.252058656868307,0.3858661606310672,0.7743467819667923,2.399318694105362,0.7340332450119492,0.10705017284729614,1595.0,1.2904530744336569,16.64175526064404,0.1350947349616724,0.9407601426082804,1.2102903932591098,0.9254323447987884,0.08241018690047816,0.20388349514563106,0.5080906148867314,0.7451456310679612,0.9894822006472492,,,,,,,,1236/58
rdkit_torsion_ref,RDKit random & Torsion perturb (ref),ref,generation,rdkit_random_minimized,fixed,,rdkit_random_minimized_fixed,RDKit random (minimized),rdkit_random_minimized_fixed,1236,1234515.0,998.7985436893204,1236.0,1236.0,1235.0,1236000.0,1234515.0,1485.0,1000.0,0.0012014563106796116,0.9987985436893204,1236000.0,0.0,0.0,0.0,0.0,0.0,1236000.0,1236000.0,0.0,1.1213483696567321,1.6690894276542312,109.05371589613463,16.166206104504646,33.8717799828445,19.59683544374766,2.930960891003213,0.5275269896073295,1.308164147059898,,,78534.0,63.59028340080972,6.361046350013922,0.781403080876068,0.3312210033274626,49.26472509827938,0.2893857202478211,0.09574637472671668,28981.0,23.466396761133602,2.347670473418741,0.6594561168500986,0.490162403407661,17.557876157667994,0.44612027141465965,0.037319948167464825,4779.0,3.8696356275303643,0.3871005149252583,0.3679769826353424,0.7743188576955299,3.151990546914931,0.7450649637847434,0.00415208687832966,1716.0,1.3894736842105264,0.1389992555537106,0.12182096834299264,0.9396653393880838,1.299654272131596,0.9283311260100857,0.0004273504273504273,0.22105263157894736,0.5716599190283401,0.7732793522267206,0.9967611336032388,,,,,,,,1236/999
rdkit_torsion_ref,RDKit random & Torsion perturb (ref),ref,generation,rdkit_random_minimized,dynamic,,rdkit_random_minimized_dynamic,RDKit random (minimized),rdkit_random_minimized_dynamic,1236,99859.0,80.792071197411,1236.0,1236.0,1235.0,100033.0,99859.0,174.0,80.93284789644012,0.0011201525645639443,0.998879847435436,1236000.0,0.0,0.0,0.0,0.0,0.0,100033.0,1236000.0,0.0,1.128442919129524,1.6701709826053268,103.6080491990232,16.320859770873874,28.829365572368747,19.643738888399792,2.832379429947622,0.580663084259478,1.3162892274822,,,32287.0,26.14331983805668,25.95715760507286,0.7924003832376268,0.3628086061117933,22.6305888748153,0.30957399968791705,0.21393565795430358,15832.0,12.819433198380567,14.36824088981773,0.6578562399779098,0.515358221590055,10.581114078896608,0.46400342564584507,0.09389001135883561,3756.0,3.0412955465587044,6.931004747654947,0.36466817033873417,0.7877014673720949,2.6154767498855955,0.7567403202123473,0.017615078417423463,1642.0,1.3295546558704454,5.765744376062256,0.11883365691455866,0.9419463296187123,1.2613346248126167,0.931288899483373,0.008987670072298518,0.19757085020242915,0.5190283400809717,0.7222672064777328,0.988663967611336,,,,,,,,1236/81
rdkit_torsion_ref,RDKit random & Torsion perturb (ref),ref,generation,rdkit_random_minimized,chembl_count,,rdkit_random_minimized_chembl_count,RDKit random (minimized),rdkit_random_minimized_chembl_count,1236,81871.0,66.23867313915858,1236.0,1236.0,1235.0,81962.0,81871.0,91.0,66.31229773462783,0.00133324554992588,0.9986667544500741,1236000.0,0.0,0.0,0.0,0.0,0.0,81962.0,1236000.0,0.0,1.205014339800123,1.7557493947415133,93.64469057476549,16.488780509247125,27.758744155931772,19.770234521685598,2.578792517728328,0.6200712338566083,1.3058712964693195,,,27501.0,22.268016194331985,41.73532853711801,0.7623695686927189,0.39373332781110865,19.236266324891933,0.34009252936926804,0.3444823585258146,13329.0,10.792712550607288,27.661085140388884,0.648203763435765,0.5307042631812684,8.995526652424536,0.477501926716848,0.19093529736289844,3463.0,2.8040485829959514,17.744835982771395,0.3599193373384133,0.7918312128573524,2.4654175430607608,0.7603821260863852,0.09128617257015063,1611.0,1.3044534412955466,15.957741295408423,0.11641865891442112,0.9445170126103859,1.2456026947243177,0.9332487379787175,0.07785195236612241,0.1748987854251012,0.4825910931174089,0.6890688259109312,0.9878542510121457,,,,,,,,1236/66
rdkit_torsion_ref,RDKit random & Torsion perturb (ref),ref,generation,rdkit_random_raw,fixed,,rdkit_random_raw_fixed,RDKit random (raw),rdkit_random_raw_fixed,1236,1235806.0,999.8430420711974,1236.0,1236.0,1236.0,1236000.0,1235806.0,194.0,1000.0,0.000156957928802589,0.9998430420711975,1236000.0,0.0,0.0,0.0,0.0,0.0,1236000.0,0.0,0.0,1.1996645221240123,1.7100335815202925,106.1514201129447,53.61129813876973,137.5538564549041,76.8176564710403,10.730245060294699,0.4691746083666561,1.3378699518434969,,,154779.0,125.22572815533981,12.524303217164523,0.8117172632035177,0.254795491210948,101.83445276181816,0.219052776161419,0.1711180776495231,47200.0,38.18770226537217,3.819510123286869,0.7173807698100669,0.409698705344033,29.579525395331462,0.3704121787102496,0.05208750530227515,5516.0,4.4627831715210355,0.44640076572050946,0.41932772661001705,0.7424501691781906,3.6830290578295473,0.7114603051735596,0.0031572661123148646,1764.0,1.4271844660194175,0.14274830391550392,0.1391994946728805,0.9309437615170976,1.3372565691453087,0.9176722583767195,0.0003590796066524222,0.28398058252427183,0.6116504854368932,0.8147249190938511,0.9975728155339806,,,,,,,,1236/1000
rdkit_torsion_ref,RDKit random & Torsion perturb (ref),ref,generation,rdkit_random_raw,dynamic,,rdkit_random_raw_dynamic,RDKit random (raw),rdkit_random_raw_dynamic,1236,100018.0,80.92071197411003,1236.0,1236.0,1236.0,100033.0,100018.0,15.0,80.93284789644012,0.00012168076300602075,0.999878319236994,1236000.0,0.0,0.0,0.0,0.0,0.0,100033.0,0.0,0.0,1.2055036884426675,1.70816579022376,101.3531691685583,58.224511479170914,111.87203417847074,76.67914095866043,10.257191663915922,0.5673075261926595,1.3294559912182504,,,45328.0,36.67313915857605,36.080651393496424,0.8160867406143967,0.2990635751172234,33.02770420895437,0.25202418504813534,0.3105522924843717,21390.0,17.305825242718445,18.134602495544137,0.7182514394898856,0.4484255955380921,14.778308972179504,0.3967098747752766,0.12596900373770623,4103.0,3.31957928802589,7.0995130854345545,0.39778128831051196,0.7680924382682419,2.8967088118326467,0.7350913439076755,0.01692962719127136,1650.0,1.3349514563106797,5.761277769047029,0.12305059520086052,0.9409684644943552,1.2652917227028073,0.9297263753333883,0.008261712517375947,0.2168284789644013,0.5032362459546925,0.7241100323624595,0.9951456310679612,,,,,,,,1236/81
rdkit_torsion_ref,RDKit random & Torsion perturb (ref),ref,generation,rdkit_random_raw,chembl_count,,rdkit_random_raw_chembl_count,RDKit random (raw),rdkit_random_raw_chembl_count,1236,81949.0,66.30177993527508,1236.0,1236.0,1236.0,81962.0,81949.0,13.0,66.31229773462783,0.000255710487271715,0.9997442895127283,1236000.0,0.0,0.0,0.0,0.0,0.0,81962.0,0.0,0.0,1.2828531993023935,1.790546985578431,91.34177724838803,60.73894763262587,107.60903272784685,76.90044763928375,9.675542421736802,0.6235691297922404,1.3296224559681902,,,39261.0,31.764563106796118,53.053678684975644,0.7972226381062566,0.3358329669118137,28.403593541752745,0.28891136704187154,0.4718221392760341,17780.0,14.385113268608414,31.83955966061658,0.6931703428690309,0.4738744799205899,12.231838211447332,0.42335166870731766,0.2305307235072319,3648.0,2.9514563106796117,17.98989822078339,0.38431682273997453,0.7780668691202784,2.6075433154656724,0.745144817563624,0.09032003678711502,1599.0,1.2936893203883495,15.971770234330224,0.11901750590225851,0.9436734977237498,1.236271569131373,0.9323380160320854,0.07616781516457892,0.16909385113268607,0.4377022653721683,0.6844660194174758,0.9878640776699029,,,,,,,,1236/66
rdkit_torsion_ref,RDKit random & Torsion perturb (ref),ref,generation,torsion_minimized,fixed,,torsion_minimized_fixed,Torsion perturb (minimized),torsion_minimized_fixed,1236,1234972.0,999.168284789644,1236.0,1236.0,1235.0,1236000.0,1234972.0,1028.0,1000.0,0.0008317152103559871,0.999168284789644,3091000.0,0.0,772631.0,0.0,0.0,0.0,1236000.0,1854000.0,0.0,1.051887966517406,1.656015613039279,101.8531376240156,16.190076074765337,27.795650066519638,19.035815476985423,2.6261698826559834,0.5428962616961625,1.2714408902262235,,,77265.0,62.56275303643725,6.2567258945544095,0.7286287663364451,0.400292074544517,42.21145582844532,0.31911121698571027,0.10201746912516473,29630.0,23.991902834008098,2.3993633603964946,0.5926067269937693,0.5600017240992987,15.120386222741072,0.47834196514350197,0.044011534837777276,4833.0,3.9133603238866397,0.391356574034518,0.3344837846275371,0.8075430574990156,2.7847513181994756,0.7609475044765102,0.00479595793785121,1744.0,1.4121457489878542,0.14121985439928328,0.13007819901557496,0.9393521720778472,1.277693571650218,0.923744717361159,0.00021492723852070485,0.20809716599190284,0.5449392712550607,0.7716599190283401,0.9927125506072875,,,,,,,,1236/999
rdkit_torsion_ref,RDKit random & Torsion perturb (ref),ref,generation,torsion_minimized,dynamic,,torsion_minimized_dynamic,Torsion perturb (minimized),torsion_minimized_dynamic,1236,99897.0,80.82281553398059,1236.0,1236.0,1235.0,100033.0,99897.0,136.0,80.93284789644012,0.0008181520671975565,0.9991818479328024,3091000.0,0.0,772631.0,0.0,0.0,0.0,100033.0,1854000.0,0.0,1.0569366263629763,1.6548617134343846,96.47594095715475,16.296048087125477,26.368558818208662,19.08341283396172,2.587884050323813,0.601215632563923,1.2756883133810093,,,31375.0,25.40485829959514,25.02817830233043,0.7450571553167317,0.4166403541015829,20.35353025032838,0.3370480800910389,0.23686397302378948,15713.0,12.723076923076922,14.396616310512556,0.6030531351398339,0.5745024454214428,9.50146558639811,0.49551871896128274,0.11404056394476558,3745.0,3.032388663967611,6.978742688429075,0.32637328176380825,0.8202476898603929,2.3697301325106706,0.775189581679612,0.021079065398100092,1641.0,1.3287449392712551,5.778114988664485,0.12632024556307017,0.94218862852688,1.2351100070886651,0.9279269406684326,0.008379958534757296,0.19271255060728745,0.4931174089068826,0.7044534412955465,0.9894736842105263,,,,,,,,1236/81
rdkit_torsion_ref,RDKit random & Torsion perturb (ref),ref,generation,torsion_minimized,chembl_count,,torsion_minimized_chembl_count,Torsion perturb (minimized),torsion_minimized_chembl_count,1236,81932.0,66.28802588996764,1236.0,1236.0,1235.0,81962.0,81932.0,30.0,66.31229773462783,0.0008171521035598706,0.9991828478964402,3091000.0,0.0,772631.0,0.0,0.0,0.0,81962.0,1854000.0,0.0,1.1216066896654218,1.7143988095120375,85.87228158624976,16.42439377124176,25.436712990194838,19.12009834901274,2.431944410071479,0.6470273083548586,1.2680238929787782,,,26103.0,21.136032388663967,40.62820175843565,0.7228119644971467,0.4415190234176389,16.904358376790125,0.36733091977873367,0.3676036125515074,13046.0,10.563562753036438,27.300447450963745,0.5861794407282279,0.5893893639198049,7.963831672615415,0.5152556753944396,0.2117068220170966,3400.0,2.7530364372469633,17.631344865791977,0.3196544574355015,0.8274197755617629,2.212637009725808,0.7836878464433418,0.09514286458683742,1605.0,1.2995951417004048,15.95448243297063,0.11730250381318605,0.9480950318654163,1.215017353008599,0.9338885770250648,0.07640645135104969,0.16761133603238867,0.4591093117408907,0.6582995951417004,0.9813765182186235,,,,,,,,1236/66
rdkit_torsion_ref,RDKit random & Torsion perturb (ref),ref,generation,torsion_raw,fixed,,torsion_raw_fixed,Torsion perturb (raw),torsion_raw_fixed,1236,1109868.0,897.9514563106796,1236.0,1236.0,1236.0,1236000.0,1109868.0,126132.0,1000.0,0.10204854368932038,0.8979514563106796,2284000.0,0.0,567661.0,0.0,0.0,0.0,1236000.0,0.0,0.0,1.233673394291191,1.7465342911010644,96.08551468124884,31.179212853639005,46382.83094945484,66.94078532629955,2087.530585095355,0.4846452322544139,1.3277427015253578,,,316039.0,255.69498381877023,30.691532994265152,0.9161583901266079,0.15785575351501174,236.2902315072715,0.13246190277086,0.28491686473680566,76070.0,61.545307443365694,7.8080708201432865,0.7582415208031437,0.36752059110019486,51.64588362481504,0.32293979570203885,0.066897243663595,5960.0,4.82200647249191,0.6427995242054123,0.4205446220606013,0.7366823364314826,3.903703848668293,0.6921787594670433,0.003243940561808485,1796.0,1.4530744336569579,0.1780663927764983,0.16932126364116937,0.9203824393420673,1.34563236181141,0.9019683038304255,0.00017020256502457145,0.33171521035598706,0.5881877022653722,0.7766990291262136,0.9927184466019418,,,,,,,,1236/898
rdkit_torsion_ref,RDKit random & Torsion perturb (ref),ref,generation,torsion_raw,dynamic,,torsion_raw_dynamic,Torsion perturb (raw),torsion_raw_dynamic,1236,85998.0,69.57766990291262,1236.0,1236.0,1235.0,100033.0,85998.0,14035.0,80.93284789644012,0.10263938574384654,0.8973606142561534,2284000.0,0.0,567661.0,0.0,0.0,0.0,100033.0,0.0,0.0,1.2443366015468569,1.7473877467913383,91.60278664760077,35.617127481951194,14608.973507171546,67.23628787404644,1688.8082251623775,0.628059910531312,1.3267994394919111,,,60072.0,48.6412955465587,58.72131780189885,0.8854191522481379,0.21114687545563945,46.6074490964599,0.1743187038777663,0.5242204344179288,26735.0,21.647773279352226,25.684305443172352,0.7320433977822033,0.4225828588524051,19.1276775060121,0.36847881582975345,0.18664997074835626,4275.0,3.4615384615384617,7.996780566266032,0.3804009598452525,0.776065650292144,2.9304060826865044,0.7330313082004369,0.025945064973518017,1641.0,1.3287449392712551,6.115446366041184,0.13594080298939215,0.9379071378318753,1.2511387128039808,0.9237062472497968,0.011877605583813828,0.2194331983805668,0.4421052631578947,0.654251012145749,0.9910931174089069,,,,,,,,1236/70
rdkit_torsion_ref,RDKit random & Torsion perturb (ref),ref,generation,torsion_raw,chembl_count,,torsion_raw_chembl_count,Torsion perturb (raw),torsion_raw_chembl_count,1236,70449.0,56.99757281553398,1236.0,1236.0,1230.0,81962.0,70449.0,11513.0,66.31229773462783,0.10601091331708064,0.8939890866829193,2284000.0,0.0,567661.0,0.0,0.0,0.0,81962.0,0.0,0.0,1.3126424162510724,1.8090664466448165,83.56312195374778,40.139456504743784,12940.99786705868,81.25634665368763,1786.3726994287404,0.7088438877857233,1.3298724034928533,,,51092.0,41.53821138211382,73.25527308631037,0.838325361201732,0.27733449093085977,39.738558350649846,0.2445873497947016,0.6744761184364411,22337.0,18.160162601626016,39.508559542437595,0.6984153340204579,0.4519737377766787,16.032683228000156,0.40279637984798833,0.2950680241984886,3733.0,3.034959349593496,19.035767460084944,0.37500545807439406,0.7811148602970743,2.61161427094581,0.7396784870880335,0.09941244531815747,1596.0,1.2975609756097561,16.463643205853185,0.12591549539824057,0.9436932105067711,1.2225127215752998,0.9295487239049349,0.07602426706085243,0.12845528455284552,0.35284552845528455,0.6056910569105691,0.983739837398374,,,,,,,,1236/57
torsional_diffusion_ref,Torsional Diffusion (ref),ref,generation,torsional_diffusion_raw,fixed,,torsional_diffusion_raw_fixed,Torsional Diffusion,torsional_diffusion_raw_fixed,1236,1072447.0,867.6755663430421,1236.0,1236.0,1236.0,1235978.0,1072447.0,163531.0,1000.0,0.13232113950271673,0.8676755663430421,1235978.0,0.0,0.0,0.0,0.0,0.0,1235978.0,0.0,0.0,1.316591809653621,1.8743691686059345,105.56989814838312,50.791801393785285,135218.42070137974,79.75383006345618,5583.142722846453,0.3912664799110915,1.4156050602915295,,,220508.0,178.40453074433657,25.087939037735396,0.8171086320337011,0.20414889971077269,141.91817646767717,0.16206985712960847,0.3283019696837752,58635.0,47.439320388349515,8.028781006510943,0.7172845830837403,0.3698751325189645,34.14293322371869,0.3189550981645447,0.10992362461598344,6458.0,5.224919093851133,1.1461325286797956,0.44929598444190444,0.7085242877945535,4.142331634804767,0.6645008164431371,0.010743779880547996,2009.0,1.6254045307443366,0.29568970672628697,0.20416070136187975,0.9048694562206023,1.4744183631691974,0.8815680473280725,0.0007503318557946002,0.4522653721682848,0.7289644012944984,0.8624595469255664,0.9951456310679612,,,,,,,,1236/868
torsional_diffusion_ref,Torsional Diffusion (ref),ref,generation,torsional_diffusion_raw,dynamic,,torsional_diffusion_raw_dynamic,Torsional Diffusion,torsional_diffusion_raw_dynamic,1236,80653.0,65.2532362459547,1236.0,1236.0,1236.0,100033.0,80653.0,19380.0,80.93284789644012,0.13288459584699458,0.8671154041530055,1235978.0,0.0,0.0,0.0,0.0,0.0,100033.0,0.0,0.0,1.326956607179414,1.8756702841092674,100.21881170849271,55.88757699159392,17212.737757122915,80.02810653456152,1799.9711364014065,0.546615594621819,1.4212466195811573,,,46342.0,37.493527508090615,51.38228178086254,0.8465342389144794,0.25593395849664397,33.99052940782399,0.20545931857546287,0.49589731524037994,20605.0,16.67071197411003,25.47659818039813,0.7315169114316282,0.4223217828181115,13.911824328565304,0.3623309183657192,0.21177728571109034,4286.0,3.4676375404530746,9.311421708224792,0.417493766186905,0.7456476602065611,2.9188338403919185,0.7015800333969856,0.03727860407892415,1767.0,1.4296116504854368,6.601665979451317,0.17255098757697232,0.9225229753209148,1.3330367137306214,0.9027563192818625,0.011806059737676454,0.2872168284789644,0.5825242718446602,0.7524271844660194,0.9902912621359223,,,,,,,,1236/65
torsional_diffusion_ref,Torsional Diffusion (ref),ref,generation,torsional_diffusion_raw,chembl_count,,torsional_diffusion_raw_chembl_count,Torsional Diffusion,torsional_diffusion_raw_chembl_count,1236,67779.0,54.8373786407767,1236.0,1236.0,1229.0,81962.0,67779.0,14183.0,66.31229773462783,0.13469303206448704,0.865306967935513,1235978.0,0.0,0.0,0.0,0.0,0.0,81962.0,0.0,0.0,1.3994196896747182,1.9386510117764448,88.65497897401534,58.34871233007359,9617.365827715847,80.2476435918059,1097.842156462303,0.6279525988804738,1.4144103155626182,,,41578.0,33.830756712774615,66.49001211898069,0.8121285228892344,0.31263652893717603,30.5809186447617,0.26714583824503874,0.6310467841969968,18114.0,14.738812042310823,39.386143123819956,0.6872080175332725,0.45991480049714795,12.204467937335927,0.40491663457367205,0.32719900442934624,3857.0,3.1383238405207488,21.318835979953253,0.4092403365379861,0.754510469893175,2.65304920972878,0.7110838934273407,0.12728066109996178,1700.0,1.3832384052074858,17.877152332541083,0.15589622744809142,0.9299674851886146,1.2928951197000564,0.9111400338668514,0.08994543217967331,0.21562245728234336,0.5126118795768918,0.7013832384052074,0.9755899104963385,,,,,,,,1236/55
reference_ref,Reference datasets (ref),ref,reference,casf_crystal,reference,,casf_crystal,CASF crystal,casf_crystal,1236,1236.0,1.0,,,,1236.0,,25.0,,,,,,,,,,,,,,,0.0,60.29326791635773,60.29326791635773,60.29326791635773,0.0,,,,,1236.0,1.0,100.0,0.0,1.0,1.0,1.0,1.0,1236.0,1.0,100.0,0.0,1.0,1.0,1.0,1.0,1236.0,1.0,100.0,0.0,1.0,1.0,1.0,1.0,1236.0,1.0,100.0,0.0,1.0,1.0,1.0,1.0,,,,,,,,,10.0,0.008090614886731391,0.020226537216828478,1236/1
reference_ref,Reference datasets (ref),ref,reference,casf_opt,reference,,casf_opt,CASF optimized,casf_opt,1236,0.0,0.0,,,,0.0,,0.0,,,,,,,,,,,,,,,,,,,,,,,,,,,,,,,,,,,,,,,,,,,,,,,,,,,,,,,,,,,,,,,,0.0,,,1236/0
reference_ref,Reference datasets (ref),ref,reference,chembl3d_gt,reference,,chembl3d_gt,ChEMBL3D ground truth,chembl3d_gt,1236,81962.0,66.31229773462783,,,,81962.0,,155.0,,,,,,,,,,,,,1.22120300949922,1.7320470520446893,82.81794628827822,25.928389211811133,36.319373331522,30.64719132058912,2.8654827027950227,0.5517999668585163,1.2806820374201313,,,27069.0,21.900485436893202,47.918841814393225,0.8096230705832219,0.31736739371864686,18.470821934633555,0.27509847821479066,0.3935380220808637,9027.0,7.303398058252427,26.059967743340742,0.6857310045009091,0.49814851870009597,6.0131594086314895,0.4462395624312062,0.14998204210596575,2392.0,1.935275080906149,17.10807472550694,0.349192778939808,0.8129804157211551,1.7467253890616163,0.7818953870427995,0.082314441446723,1443.0,1.1674757281553398,15.843411853916328,0.11032669264258939,0.9542524872986953,1.1291403069359358,0.9432967899836832,0.07702265372168285,0.2807443365695793,0.5946601941747572,0.7872168284789643,0.9749190938511327,,,,,154.0,0.0018789194992801543,0.001891120275249506,1236/66
reference_ref,Reference datasets (ref),ref,reference,chembl3d_gt_pb,reference,,chembl3d_gt_pb,ChEMBL3D ground truth PB,chembl3d_gt_pb,1236,81807.0,66.1868932038835,,,,81807.0,,0.0,,,,,,,,,,,,,1.2209565668831872,1.7316731622676684,82.83323467226101,25.94593819853935,36.319373331522,30.652070062752376,2.8616726913675454,0.5517999668585163,1.2809029243892014,,,27042.0,21.87864077669903,47.921840439182844,0.8096068851478548,0.3175901350252193,18.45477352313891,0.27521692812736104,0.39335382917596984,9019.0,7.296925566343042,26.0615416827282,0.6857489100854776,0.49846636259618476,6.00856802685308,0.4464529541971626,0.14982151403281632,2392.0,1.935275080906149,17.110895647133287,0.34914276435421693,0.8128814748312337,1.7472654896663147,0.7817501117911392,0.08190991070238643,1443.0,1.1674757281553398,15.845703238237089,0.11040615563555815,0.9541459284370396,1.129246039673668,0.94324323947342,0.07702265372168285,0.2807443365695793,0.5946601941747572,0.7872168284789643,0.9749190938511327,,,,,88.0,0.0010757025682398816,0.0,1236/66
reference_ref,Reference datasets (ref),ref,reference,chembl3d_sdf,reference,,chembl3d_sdf,ChEMBL3D topology SDF,chembl3d_sdf,1236,1236.0,1.0,,,,1236.0,,0.0,,,,,,,,,,,,,,,0.0,31.336070600412366,31.336070600412366,31.336070600412366,0.0,,,,,1236.0,1.0,100.0,0.0,1.0,1.0,1.0,1.0,1236.0,1.0,100.0,0.0,1.0,1.0,1.0,1.0,1236.0,1.0,100.0,0.0,1.0,1.0,1.0,1.0,1236.0,1.0,100.0,0.0,1.0,1.0,1.0,1.0,,,,,,,,,0.0,0.0,0.0,1236/1
